batch_id,time_s,time_min,time_hr,T_celsius,T_meas_celsius,cooling_rate_degC_s,c_kg_m3,c_meas_kg_m3,cs_kg_m3,S_supersat_ratio,sigma_rel_supersat,mean_L1_um,mean_L1_meas_um,mean_L2_um,mean_L2_meas_um,aspect_ratio,aspect_ratio_meas,nucleation_rate_m3_s,mu00,mu00_meas,mu10,mu01,mu20,mu11,mu02,mu30,mu21,mu12
35,0.0,0.0,0.0,34.994628382845434,35.095116025537784,0.0011988449405469464,240.0,239.47019010112567,233.65569188949036,1.027152379893704,0.027152379893703782,149.70333988966252,146.08671167177056,36.73997019226817,36.765337453692005,4.074672328426853,3.9734902979137594,199669388.12451,129955712780.14336,117313943571.42825,19454804.240929157,4774569.01385743,2927.7226863859423,714.9782473577859,175.82878523748028,0.4427906329564746,0.10762726492418594,0.026331879629250567
35,60.0,1.0,0.016666666666666666,34.92269768641263,35.00485531573894,0.0011988449405469464,231.67110867100752,231.70652312551337,230.9616786455626,1.0030716352150073,0.0030716352150072686,228.21547788067608,227.26937028581895,56.657348326627826,56.31515533327665,4.027994331203448,4.035669775583934,6130827.553027605,131540856915.74069,132865880878.66895,30019659.521859396,7452756.149458231,6878.179484466492,1715.44567426379,422.6579626575477,1.582111720008807,0.39038725077242764,0.09662287859690424
35,120.0,2.0,0.03333333333333333,34.850766989979824,34.85718166384609,0.0011988449405469464,228.9340386436778,228.6913072841359,228.30350143917423,1.0027618376438767,0.0027618376438767554,247.68822286023024,247.31374126870855,61.96654383182068,62.84396743080774,3.9971282492769737,3.9353616803554794,5906461.595615277,131899653158.8335,136153136941.08604,32669990.68679222,8173365.638868801,8122.345549113487,2044.2228547238146,506.8406873458686,2.0268698868709025,0.5042727701984316,0.12577424671830373
35,180.0,3.0,0.05,34.77883629354701,34.83238796601219,0.0011988449405469464,226.25519802801966,225.91925066356146,225.6806986742105,1.002545629099804,0.0025456290998039596,265.17231217033634,270.8258050356045,66.73236080223813,65.99509955742339,3.9736689813234167,4.103725986502296,5807762.673374501,132251101297.939,134627132422.06808,35069330.318247855,8825428.20830741,9332.608509399557,2366.0055112593277,589.2426326614402,2.4924169277468566,0.6240489485853495,0.15656540911953398
35,240.0,4.0,0.06666666666666667,34.70690559711418,34.72267339396798,0.0011988449405469464,223.62163481061373,223.50590243780528,223.09281478980944,1.0023704036425491,0.0023704036425490705,281.12187405809397,275.1921175345044,71.09229182809723,69.7282681019271,3.95432285032888,3.9466363502996407,5709036.528959993,132596640355.93481,127396680021.87001,37277788.834984235,9425603.759244168,10515.854642001086,2682.3494412780587,670.2275372379204,2.9765899009130043,0.7491072454769292,0.18882608341477095
35,300.0,5.0,0.08333333333333333,34.63497490068134,34.85017848863631,0.0011988449405469464,221.0262425157047,220.72867061078026,220.53940018767514,1.0022075072645307,0.002207507264530777,295.54300665608406,298.68123616307395,75.19951363725671,76.5157958552781,3.9301185920125516,3.9035238779715407,5526811.340037818,132933814931.93112,136962576585.87878,39317756.02381296,9980380.858655237,11666.860675903004,2994.108275501366,749.3997862509841,3.4732973906118647,0.877855566808492,0.22214040734407572
35,360.0,6.0,0.1,34.56304420424853,34.38576811330896,0.0011988449405469464,218.47103674666192,218.59645728408623,218.02001116029615,1.0020687348100086,0.0020687348100086236,308.7606066382576,313.61896193332575,78.98747658206877,78.85516277819555,3.908981777857561,3.9771519185811046,5351348.9791894695,133260099404.76291,132007561197.85039,41201935.452841565,10493500.296255305,12778.690934469516,3301.039899410407,826.2599165113297,3.975790531303997,1.0085323310197913,0.25604951820131205
35,420.0,7.0,0.11666666666666667,34.49111350781571,34.52118013837276,0.0011988449405469464,215.95439818616836,216.30219678704952,215.53420982001853,1.0019495205262343,0.0019495205262343625,320.95986475327373,310.97919417048377,82.50484216251766,83.00830408043338,3.890194276368027,3.7463624587384796,5187565.353663,133576206598.19312,132242492832.51738,42953358.957418844,10971226.462655768,13853.457078027448,3603.33882559582,900.9078865754473,4.481619211809104,1.1404732373332662,0.29037452517177725
35,480.0,8.0,0.13333333333333333,34.419182811382896,34.49822864005891,0.0011988449405469464,213.47481061256795,213.5392007179824,213.08156402902392,1.0018455213867796,0.0018455213867796774,332.2889643674183,330.203679753866,85.79044678418397,85.91211775857668,3.8732630126444096,3.8435052978414275,5033126.072090349,133882778687.02539,141479493533.24966,44590542.09589273,11418570.101140091,14893.510630649927,3901.187182785059,973.4689503975089,4.989020957431526,1.27319540749752,0.32498441534102224
35,540.0,9.0,0.15,34.34725211495008,34.310657898070815,0.0011988449405469464,211.03104072116693,211.13660820326263,210.66164733016848,1.0017534914194395,0.0017534914194395628,342.8683133910657,345.73881901709046,88.875831152815,90.15805486408135,3.8578352398362457,3.834807877546963,4885561.450788973,134180364940.92625,122492455987.32637,46128595.32751696,11839609.39672921,15901.276308816003,4194.733115686082,1044.0809285581918,5.4967506440358616,1.4063535787048993,0.35978475859212555
35,600.0,10.0,0.16666666666666666,34.275321418517265,34.0528354746922,0.0011988449405469464,208.62224394217952,208.05443755729095,208.27403887866294,1.0016718601386485,0.001671860138648611,352.78098135508094,357.27002882594854,91.78242867483478,92.37716718326013,3.84366579146546,3.8675144488592874,4747619.529240618,134469392492.36032,144566479581.7692,47577839.72437232,12237094.190216193,16877.619716798108,4484.078074123008,1112.7741942575383,6.003136268591028,1.5394902264440045,0.3946515955444897
35,660.0,11.0,0.18333333333333332,34.20339072208445,34.255610833917466,0.0011988449405469464,206.24740550368753,206.55458030874203,205.91832337462773,1.001598119699436,0.0015981196994358728,362.11214809360223,354.2279825493374,94.53259887974322,92.56570319955495,3.8305531888978552,3.826773527401243,4614026.761487847,134750317072.34235,136781761955.92406,48949088.332271904,12613930.687679868,17825.000944779218,4769.343952620545,1179.6979304135589,6.50763037669331,1.672445207771939,0.4295395511043748
35,720.0,12.0,0.2,34.131460025651634,34.11171033183225,0.0011988449405469464,203.90596495696093,203.85373892180354,203.59409099647542,1.0015318419064083,0.0015318419064083385,370.9081648759406,373.7885750166158,97.13802593522792,99.22736033972363,3.818362184169399,3.7669910167606995,4489247.575115629,135023456592.94963,141400083490.4137,50248033.93524717,12971599.241528949,18743.214232335307,5050.598072347464,1244.8116018971118,7.008494366941476,1.8047432625075817,0.46431991128452743
35,780.0,13.0,0.21666666666666667,34.05952932921882,34.10311294161667,0.0011988449405469464,201.59708978085058,201.9432268727185,201.30093733512888,1.0014711925818243,0.0014711925818242132,379.2335288420785,382.10403498520526,99.61573028070546,101.39929594106329,3.8069642994479165,3.768310533509987,4368187.475080711,135289202009.75648,118845043948.85,51482967.21997303,13312324.96463177,19634.691922960497,5327.9404358442025,1308.2680910240053,7.505626518782114,1.9363427921855103,0.49897874703352574
35,840.0,14.0,0.23333333333333334,33.987598632786,34.08822662714776,0.0011988449405469464,199.32026469495827,199.38688237879973,199.03846332906178,1.0014158136130231,0.0014158136130230984,387.12211330314506,390.2136631845893,101.97428626578389,102.71865684484995,3.7962718591053157,3.798858699778195,4253183.926112352,135547839311.44687,145212738916.02542,52658104.288993835,13637198.588167982,20499.47553004438,5601.432938654089,1370.0492755748282,7.997764573750272,2.0668947603390695,0.533420716079464
35,900.0,15.0,0.25,33.91566793635319,33.91677931395043,0.0011988449405469464,197.07486479068817,196.57821343239377,196.80627520016833,1.0013647409882975,0.0013647409882975529,394.6212394156088,386.3369192840483,104.2262026317499,103.2655770260471,3.7861999137575535,3.7411975065669845,4142156.942212922,135799687808.2805,127426081918.66547,53779579.0342699,13947860.168948494,21339.566623293973,5871.1506448727205,1430.281098514283,8.484913846861964,2.1963868164304934,0.5676397933626154
35,960.0,16.0,0.26666666666666666,33.84373723992037,33.79401500053919,0.0011988449405469464,194.86040560582396,194.79896457100602,194.60398439044454,1.0013176565535522,0.0013176565535520945,401.75944238678875,408.4480996349849,106.37884774973082,104.52265838465486,3.7766854114830863,3.9077469512098615,4036213.86697695,136045007329.98392,136543264813.61023,54851024.65940354,14245258.500021845,22155.468613829096,6137.151748159713,1488.983034223727,8.966344141715615,2.324612100592813,0.6015785184800594
35,1020.0,17.0,0.2833333333333333,33.77180654348756,33.753666405848435,0.0011988449405469464,192.67634956953054,192.79291814338148,192.43120749944393,1.0012739205520358,0.0012739205520358413,408.57104010173833,402.6514833547102,108.44128169145586,105.46744356295501,3.767670703710705,3.817779873600158,3933993.5439942707,136284064983.9448,135989723060.55981,55876922.30072819,14530583.260749608,22948.708751231003,6399.500821588351,1546.2494838248076,9.442049180661197,2.4515558801448907,0.6352303398278025
35,1080.0,18.0,0.3,33.69987584705474,33.41326003136103,0.0011988449405469464,190.5222154739698,190.42973889514735,190.28756622256142,1.001233129710293,0.001233129710292913,415.0828339872968,414.5764098605228,110.42054629347597,109.8124376577209,3.759108679684384,3.7753137868839026,3835136.6769926776,136517104354.73882,141896557627.7172,56860771.570687905,14804755.903287172,23720.343491056286,6658.255667901954,1602.1421728884593,9.911850699607733,2.5771583378897054,0.6685768542934699
35,1140.0,19.0,0.31666666666666665,33.627945150621926,33.700791704071634,0.0011988449405469464,188.3975704431727,188.71641986124246,188.17268729009854,1.001195089235918,0.0011950892359179953,421.31429164214285,416.45865936684544,112.3217309606858,106.62426849604934,3.7509597478479817,3.9058524409222666,3740240.253196339,136744329724.30284,143857740727.5016,57805094.524867594,15068435.11521715,24470.87417641388,6913.468284213918,1656.6847788202904,10.375311350865301,2.701291924366977,0.7015819401474399
35,1200.0,20.0,0.3333333333333333,33.5560144541891,33.46346428997178,0.0011988449405469464,186.30195713772991,186.75334136927987,186.08620240709408,1.0011594343258392,0.00115943432583915,427.28799203853487,418.43978442588167,114.15081008968039,112.04505562941009,3.7431884338170205,3.7345671531448437,3648573.4440555954,136965960961.07866,133072667686.69267,58712879.50178428,15322407.90704744,25201.39738962528,7165.193606189027,1709.9438067049166,10.832441059515563,2.823947450605587,0.7342407257611602
35,1260.0,21.0,0.35,33.48408375775629,33.25756019394798,0.0011988449405469464,184.23495532828696,184.65251991479354,184.02774819393397,1.0011259559299428,0.001125955929942821,433.0209626267439,434.4331508169498,115.91227134796827,117.1570905560646,3.735764622598209,3.708125122901164,3560146.6225528885,137182190356.70566,130234503249.35515,59586372.81320095,15567261.03372436,25912.572834255036,7413.4821118278205,1761.9555952925832,11.283043785665424,2.945061771673996,0.7665341901677412
35,1320.0,22.0,0.36666666666666664,33.41215306132347,33.4118873918854,0.0011988449405469464,182.1961504222123,181.88016990578856,181.99696612774162,1.0010944374442532,0.001094437444253208,438.52979685141725,436.38631058161707,117.61051850713828,120.53262434421711,3.728661368198977,3.620482943567086,3474736.3539088224,137393205040.11179,141826003354.83908,60427784.00053773,15803573.909814026,26605.18422942105,7658.383602046999,1812.7661843982496,11.727062847630544,3.064609159479022,0.7984533084501663
35,1380.0,23.0,0.38333333333333336,33.34022236489066,33.41976198429251,0.0011988449405469464,180.18513864470142,180.51935305939259,179.99350248450293,1.0010646837666544,0.0010646837666542896,443.8293814042064,454.60253190578896,119.24950887728075,117.7296889672809,3.721855004543035,3.8614094362563964,3392097.0934501733,137599183829.4871,149767132017.76642,61239106.33212861,16031868.130644612,27279.966532850245,7899.946578324581,1862.4186930456242,12.164465351586832,3.1825705192448934,0.8299908648365012
35,1440.0,24.0,0.4,33.26829166845784,33.24144615722474,0.0011988449405469464,178.20153572434398,178.2163706977048,178.01700828197178,1.001036571977886,0.0010365719778860471,448.93214043545476,439.81327048023377,120.83255583579887,118.00589468566204,3.715324378684129,3.7270449213726606,3312310.6452915305,137800287793.0369,137194336911.83221,62022004.81515691,16252578.969034871,27937.485838015564,8138.217199388539,1910.9451895236555,12.595154922518095,3.298910628268307,0.861135531203503
35,1500.0,25.0,0.4166666666666667,33.196360972025026,33.37447645510514,0.0011988449405469464,176.24495095763862,176.4244928721611,176.06713922329743,1.0010099086923636,0.001009908692363546,453.85121135087775,466.5713704549704,122.36317802560612,121.91633505539004,3.7090505385198753,3.8269799550896426,3234899.1046071975,137996683900.95462,126961761514.85388,62778261.57651219,16466173.523761032,28578.51564211497,8373.242396590384,1958.3927264713532,13.019217669467567,3.4136427747943903,0.8918888192540654
35,1560.0,26.0,0.43333333333333335,33.12443027559221,33.28115484133464,0.0011988449405469464,174.31504587075875,174.0926651788428,174.1435556413973,1.0009847635689406,0.000984763568940659,458.5923271737786,470.75174096782246,123.84290950540498,121.32122216681306,3.7030164181806784,3.880209352989808,3160973.451579409,138188485506.46356,131727150913.30469,63508625.09272089,16672844.0451303,29202.989427360066,8605.062827446824,2004.7502455579158,13.436206085388191,3.5266400026375972,0.9222154438000869
35,1620.0,27.0,0.45,33.05249957915939,33.00030517901981,0.0011988449405469464,172.4114204838807,173.03000896081585,172.24592244407438,1.000960824137129,0.0009608241371290385,463.16978246467426,452.85939499495106,125.27560277627293,128.7072461909172,3.6972065765417983,3.5185229145778205,3089118.8351721847,138375868417.21085,131352360083.76665,64215066.97642318,16873109.437148888,29812.019206684905,8833.726537582324,2050.0893741510763,13.84650877447415,3.6379961846339364,0.9521382818981194
35,1680.0,28.0,0.4666666666666667,32.98056888272657,32.844140036939436,0.0011988449405469464,170.53369043143456,170.0284770239192,170.37390905984518,1.0009378277018535,0.0009378277018534847,467.5956451078099,462.33679190554756,126.66452075158179,129.09273557643954,3.6916071077620254,3.5814315177462843,3018162.6311946185,138558992735.84537,116096128822.15489,64899257.1202379,17067408.79115119,30406.531779529716,9059.279697035314,2094.4693590326183,14.250431541758624,3.7477840217152276,0.9816747783429344
35,1740.0,29.0,0.48333333333333334,32.90863818629376,33.0590833975491,0.0011988449405469464,168.6815364410806,168.20793033747702,168.52718938450224,1.0009158584863491,0.000915858486349106,471.8785988895271,473.0461369706256,128.01201653378843,126.36364381787786,3.686205495911206,3.7435303595107254,2949103.188855915,138737988224.2458,133674429315.03477,65562393.52311003,17256055.78758067,30987.092458399573,9281.760656837592,2137.92458946698,14.648064048454044,3.8560196093478365,1.0108275707891732
35,1800.0,30.0,0.5,32.83670748986094,32.77607058741213,0.0011988449405469464,166.8546459024672,166.77750450751205,166.70544172837128,1.0008950168185813,0.0008950168185813651,476.02189085933907,477.6377213201682,129.31897911358377,132.06139467916674,3.680990169596362,3.616785378350375,2882995.913730871,138912943200.09286,144145205442.40277,66204907.31243112,17439160.00274344,31553.602810705906,9501.206967782144,2180.443273881744,15.039050898248155,3.962601663484602,1.0395684099293945
35,1860.0,31.0,0.5166666666666667,32.76477679342811,32.84461591571142,0.0011988449405469464,165.05200867839457,164.59474521038698,164.90834876430227,1.0008711500367857,0.0008711500367857335,480.37202705899955,472.36135780348275,130.61089294186442,132.83733511343863,3.677886401655761,3.555938226253199,2793534.555780046,139083443498.5984,136300691483.57564,66826322.3579809,17616581.153409492,32105.25279109669,9717.739967670748,2221.962137195586,15.422572232272534,4.067302415970833,1.0678353588085128
35,1920.0,32.0,0.5333333333333333,32.69284609699529,32.75120397546503,0.0011988449405469464,163.2737709032174,163.64386801896532,163.13559747633892,1.0008469851400674,0.0008469851400675191,484.66250976161905,468.4184731177954,131.86264986022354,134.413358636155,3.6755101636086396,3.4849101151155852,2698748.2861745674,139248176162.384,142829741715.2837,67423260.75008611,17787388.455044594,32638.667676595458,9931.342102827164,2262.234102183784,15.796013519886465,4.169411411401581,1.0954382407877234
35,1980.0,33.0,0.55,32.620915400562474,32.74377786644985,0.0011988449405469464,161.51990404495413,162.2355371683111,161.38687910909943,1.0008242611579643,0.000824261157964273,488.78543383734564,481.8957634656957,133.06801734773055,132.97738674129323,3.6731999437555447,3.6238925675627933,2610098.2224185844,139407410315.4447,148441698220.09445,67997091.85245103,17951940.094590437,33154.63170587672,10142.016800516447,2301.308443582548,16.159631610644386,4.268987707333902,1.122390660719736
35,2040.0,34.0,0.5666666666666667,32.54898470412966,32.44861250781117,0.0011988449405469464,159.79006532369425,159.79597672967148,159.6618891178369,1.000802797753212,0.0008027977532118418,492.7519432761573,502.69188449323957,134.230008524405,132.17618168450082,3.6709521864223658,3.8031956899250177,2526663.051191775,139561483599.0523,138859685349.18524,68549344.47243108,18110639.319755487,33654.123229131656,10349.80523550262,2339.2489549458164,16.51385067699284,4.3661360475760915,1.1487184986583192
35,2100.0,35.0,0.5833333333333334,32.47705400769684,32.405766313144774,0.0011988449405469464,158.08393145169373,158.33156302356653,157.96032711920688,1.0007825023836117,0.0007825023836116097,496.57210406962884,493.0236090868391,135.35134757802876,135.7618979700848,3.668763650715481,3.6315315008005937,2448059.6188135054,139710700047.25058,137868194610.2426,69081400.02813277,18263850.911739394,34138.038845025265,10554.746241148327,2376.1142152635157,16.859067747164172,4.460954657193947,1.1744460656033842
35,2160.0,36.0,0.6,32.40512331126403,32.59456082651754,0.0011988449405469464,156.401181588367,156.42931542194216,156.28189684268224,1.000763266559305,0.0007632665593048633,500.255008175543,496.2800538803318,136.4344973723262,136.76003435949391,3.666631371172645,3.6288383240368787,2373786.1054363726,139855333680.82645,138152460320.202,69594506.54973641,18411904.78235605,34607.19828978322,10756.87835686325,2411.957865471278,17.195651975146692,4.553534973020348,1.1995960161821198
35,2220.0,37.0,0.6166666666666667,32.333192614831205,32.28208652417499,0.0011988449405469464,154.74150323969587,155.20569229240974,154.62630608267023,1.000745003615129,0.0007450036151290984,503.80902529776404,510.9861938989408,137.48172666946712,135.21422521073788,3.664552646396558,3.7790860621546605,2303462.349316784,139995636315.97382,143248992695.80954,70089813.86015604,18555105.185599707,35062.3705911317,10956.239119466389,2446.830374369967,17.523960042523054,4.643965665175742,1.2241903932026872
35,2280.0,38.0,0.6333333333333333,32.26126191839839,32.2933923790486,0.0011988449405469464,153.10458580702277,152.88293964279683,152.9932666512896,1.0007276082024374,0.0007276082024374907,507.2413367384497,529.4749602722525,138.49498555835567,135.6258936070407,3.662524926035828,3.903937118426227,2236580.35539939,140131822970.60275,132905505383.27196,70568306.62532693,18693713.004098415,35504.20537420994,11152.8658381058,2480.7742202763957,17.844282868128936,4.732318432899329,1.248246876842233
35,2340.0,39.0,0.65,32.189331221965574,32.28802880043361,0.0011988449405469464,151.49013234090341,151.73873765129727,151.38249433181272,1.000711033396337,0.0007110333963368473,510.5590813774712,517.0070175357648,139.47621184626672,140.60720535720543,3.6605459427032545,3.676959628223425,2172981.514441835,140264108363.07635,144706412743.33777,71030966.96414162,18827988.617994342,35933.38067185149,11346.794182384401,2513.8341316346355,18.156950830045908,4.818675895190279,1.2717861162349113
35,2400.0,40.0,0.6666666666666666,32.11740052553276,32.272706496623215,0.0011988449405469464,149.89784767785895,149.94084670268714,149.79370883276653,1.0006952150788166,0.0006952150788167271,513.7681211522988,520.0738874565095,140.42700095534468,135.68294858237144,3.6586134978106912,3.8330084427725946,2112389.4998553437,140392667423.2753,135155920227.04164,71478598.31188242,18958145.377123058,36350.43286901682,11538.059607374727,2546.045222616409,18.462206886595663,4.903097839817515,1.294822832294157
35,2460.0,41.0,0.6833333333333333,32.045469829099936,32.14970005398254,0.0011988449405469464,148.32744174290687,148.46899524158223,148.2266337426852,1.0006800937029756,0.0006800937029755378,516.8742020002522,515.5286296959463,141.34891657152525,138.67848919399242,3.656725601704234,3.7174375975122684,2054546.9264526193,140517672609.12076,160764544870.09464,71911990.25195289,19084393.102595143,36755.90861452055,11726.69695691852,2577.443542086377,18.760316007785278,4.9856502673943455,1.3173734598748663
35,2520.0,42.0,0.7,31.973539132667124,31.957357092183006,0.0011988449405469464,146.77862999247307,146.94058457594528,146.68099648553363,1.0006656179687807,0.0006656179687808041,519.8827267420543,515.8179992169958,142.24342984211614,140.8507425553557,3.6548804209734036,3.662160311396827,1999238.5099704117,140639286586.26898,126450230210.56898,72331885.98086281,19206929.471322075,37150.33172965937,11912.740410424081,2608.063750624149,19.05153962902378,5.0663985803300005,1.3394543489539257
35,2580.0,43.0,0.7166666666666667,31.901608436234305,31.86262321113844,0.0011988449405469464,145.25113387094302,145.04073912588328,145.15652827674674,1.0006517488074385,0.0006517488074384898,522.7982475037171,528.6754641041316,143.11178349597998,146.66958449875406,3.653076180958939,3.6045337273633757,1946315.0725596389,140757645754.00018,141062380836.7171,72738909.68535624,19325920.79017583,37534.13075178354,12096.223428025289,2637.93403586554,19.336079947177357,5.145392711430491,1.361077833332655
35,2640.0,44.0,0.7333333333333333,31.82967773980149,31.868695695622023,0.0011988449405469464,143.74467698844222,143.61820991065184,143.65296407993907,1.0006384338053207,0.0006384338053207097,525.6256409403186,524.5743873028986,143.95530649063588,142.33733526912476,3.651311325397441,3.68543071507597,1895541.079838222,140872897860.3879,142898955952.6571,73133733.75445154,19441546.186448313,37907.79753284512,12277.179209707067,2667.0871745885124,19.614197295062954,5.222698367535382,1.3822604705610755
35,2700.0,45.0,0.75,31.75774704336867,31.684919390590263,0.0011988449405469464,142.25899050023605,142.4525232968113,142.17004256422803,1.000625644716733,0.0006256447167330764,528.3687676307209,526.7305398220775,144.7750550825485,146.50543927989307,3.6495842970286088,3.5952968190879173,1846819.56921717,140985159375.8109,147947649837.03302,73516887.58686563,19553947.03939586,38271.7008701461,12455.64004913123,2695.5474905209444,19.886069223241122,5.298359454813433,1.4030131184207082
35,2760.0,46.0,0.7666666666666667,31.685816346935855,31.780949230230487,0.0011988449405469464,140.79380757256615,141.21628078750996,140.70750606221912,1.0006133397766916,0.0006133397766915577,531.0318015589892,547.0040824364596,145.57216884940735,142.57261088144134,3.6478937269137974,3.8366701644492576,1799968.0156145047,141094557010.7169,139909779156.66623,73888946.82282412,19663277.007824514,38626.26815409124,12631.637998400889,2723.3435429310925,20.151926284371186,5.372434253473225,1.4233504826734311
35,2820.0,47.0,0.7833333333333333,31.613885650503036,31.56357092057007,0.0011988449405469464,139.3488676538696,139.40478930346373,139.26510052859027,1.0006014940208379,0.0006014940208379068,533.6181854203138,539.0088750779105,146.34759087720983,145.16286183804516,3.646238262084109,3.713132052186118,1754898.4821395453,141201195612.6676,138111829837.1635,74250384.35414267,19769662.608141508,38971.83883371253,12805.204355001075,2750.4978579777667,20.411940362699717,5.444965618027054,1.4432832407851885
35,2880.0,48.0,0.8,31.54195495407022,31.444950278376798,0.0011988449405469464,137.92391282412265,138.20369482065647,137.84257549933085,1.0005900740355231,0.0005900740355232156,536.1314561459131,525.5540230110853,147.10228902437356,142.93462323437808,3.6446166793304005,3.676883956585552,1711469.2064761424,141305182989.5277,147071540533.91165,74601687.79064515,19873234.293724824,39308.77800778867,12976.370100316024,2777.0348756942294,20.666310132098445,5.5160037620266,1.4628240604768004
35,2940.0,49.0,0.8166666666666667,31.470024257637405,31.4150523206019,0.0011988449405469464,136.51869023851108,136.6791888920055,136.439684051586,1.0005790557745298,0.0005790557745297453,538.5747363685147,533.9071929897589,147.83711953157976,148.3994440535288,3.643027800291176,3.5977708433811544,1669589.5243370247,141406614862.03375,144618133710.0537,74943286.90116772,19974107.22789572,39637.403984831944,13145.165606095192,2802.9758579854097,20.91520516790382,5.585591322007804,1.481983646485728
35,3000.0,50.0,0.8333333333333334,31.398093561204586,31.426204141898555,0.0011988449405469464,135.13295192777434,135.28211791848832,135.05618276412275,1.0005684239112966,0.0005684239112967442,540.9507742843533,542.1450365765568,148.55283771653632,151.22934742990762,3.6414704868619068,3.584919500018555,1629215.247257554,141505576033.1508,137741682952.47232,75275559.13802765,20072382.733834658,39957.99223674719,13311.62065843594,2828.3391508199215,21.1587679944666,5.653763877441762,1.5007708724380255
35,3060.0,51.0,0.85,31.32616286477177,31.42686494024886,0.0011988449405469464,133.76645109094125,133.55324568417254,133.69183167842536,1.000558144888727,0.0005581448887271722,543.2625886446073,518.5763446662131,149.25027107496794,149.4572705719059,3.6399437316380356,3.469729794220476,1590194.273679481,141602159473.95294,142431696288.1029,75598921.52036272,20168172.647007987,40270.86594428121,13475.764903100577,2853.146544665936,21.397183441616267,5.720568488436454,1.5191976877234137
35,3120.0,52.0,0.8666666666666667,31.254232168338955,31.149478129984658,0.0011988449405469464,132.41894689131908,132.1849164640123,132.34639426038507,1.0005482025508854,0.0005482025508852835,545.5126546635116,553.9114119667714,149.93010078388886,146.45997427797425,3.6384465281579477,3.7819985610230487,1552472.0003185996,141696442193.49228,132350932964.69417,75913714.47328849,20261568.510649025,40576.27967687289,13637.627269421559,2877.415085192989,21.630588431148148,5.786039556362362,1.5372727221062457
35,3180.0,53.0,0.8833333333333333,31.182301471906136,31.417603603271083,0.0011988449405469464,131.09020269780652,131.17645204083456,131.0196373626197,1.0005385859448803,0.0005385859448802453,547.7031994194597,531.259209786603,150.59294098730544,154.5617471130212,3.636977907653915,3.4371972348250366,1516020.1915005834,141788494001.02356,138267341900.19165,76220243.83026947,20352652.70158816,40874.46004531777,13797.2361815552,2901.1599204710546,21.859102586816157,5.850206988423237,1.5550034432727706
35,3240.0,54.0,0.9,31.11037077547332,31.03018279917071,0.0011988449405469464,129.77998283752123,129.93909546477545,129.7113311873849,1.0005292648645874,0.0005292648645873136,549.8368395739142,550.9472073610856,151.239510174486,154.2362388986387,3.63553702957358,3.57209960055599,1480699.7290624245,141878396370.21185,147360468694.6447,76518871.81158645,20441522.587057434,41165.6966682157,13954.619948556436,2924.400715302085,22.08289888250197,5.91311512205539,1.5724011752289877
35,3300.0,55.0,0.9166666666666666,31.038440079040505,31.09967049742886,0.0011988449405469464,128.48805773324315,128.35425486678432,128.42124925009756,1.0005202291952127,0.0005202291952127392,551.9155610259213,557.8373838937034,151.87035695324485,153.1178388274782,3.634123025047181,3.6431900304067972,1446483.0363284764,141966212262.0516,139213689648.6656,76809871.32792738,20528251.825454,41450.19521414018,14109.806147268517,2947.151275781298,22.302088771209508,5.974791937831228,1.589472930410283
35,3360.0,56.0,0.9333333333333333,30.96650938260769,31.18859622698354,0.0011988449405469464,127.21420115810416,127.22697411303632,127.14916834346937,1.0005114686590724,0.0005114686590722831,553.9412686114913,560.0211393056477,152.48600779653464,151.24683947500878,3.6327350726541874,3.7026964745149775,1413339.0876406166,142052002380.09305,137781859184.03622,77093504.3574442,20612911.17593044,41728.15537164123,14262.821952090017,2969.4250425915993,22.516782417849203,6.035265182280143,1.6062256827764048
35,3420.0,57.0,0.95,30.918628218710754,30.948732848068694,0.0006594077207815857,126.35663059503075,126.25694787019043,126.31226980887995,1.0003511993428502,0.00035119934285026647,555.2794460262544,552.3180499699819,152.90021327085108,147.9621266681889,3.6316459875868135,3.732833951546112,671183.1905816981,142104944486.2867,152351652876.7336,77280900.11140266,20669879.541920908,41913.465572300556,14365.833431137873,2984.5714456004125,22.660720116087667,6.076088075564218,1.6176134135606166
35,3480.0,58.0,0.9666666666666667,30.879063764221648,30.853370759927696,0.0006594077207815857,125.67017945217059,125.79391662407761,125.62663544566655,1.0003466144448552,0.0003466144448552719,556.3364968703752,549.6266344102494,153.2318195021259,153.33466887356073,3.630685184565447,3.5844903076907526,657525.5322458615,142144581330.2046,153304062381.16824,77428942.1647692,20715492.826093335,42060.83446155796,14448.29002487483,2996.7910892778746,22.775658827164264,6.108850439076965,1.6267985776090441
35,3540.0,59.0,0.9833333333333333,30.839499300232696,31.071807438685653,0.0006594077207815857,124.98919396136519,124.99411654518133,124.94630073935683,1.0003432932528178,0.0003432932528177572,557.3797694345544,526.6534806230002,153.55935475502548,151.9788763248778,3.629735031927863,3.4653071095038155,648636.9694154484,142183742201.8922,142177040167.5741,77575068.56728601,20760551.204923067,42206.48772265405,14530.090083830433,3008.8823058060057,22.889415131265554,6.141294024029514,1.635898769353838
35,3600.0,60.0,1.0,30.79993483631966,30.89293355187966,0.0006594077207815857,124.3135228731329,124.58160399472821,124.27123031000964,1.0003403246513112,0.0003403246513110922,558.4094381448672,556.0755145108127,153.88286946336254,154.14430358112037,3.6287953304498073,3.6074996064851077,641028.1425020162,142222437629.0673,133791891216.60352,77719302.7152392,20805061.248800986,42350.43887081581,14611.251776110588,3020.845960275297,23.00199281534111,6.173419609119234,1.6449141277433217
35,3660.0,61.0,1.0166666666666666,30.760370372572787,30.696489596198294,0.0006594077207815857,123.64303266367878,123.25932927053448,123.60138890071234,1.0003369198626069,0.0003369198626068541,559.4261080854881,566.5188453485746,154.20253288312983,156.18705827647395,3.627865882783374,3.627181737079351,631729.0249315194,142260686966.93506,145041207204.149,77861729.37755711,20849046.24933725,42492.765738822505,14691.791140609583,3032.68759993889,23.11344731768556,6.205241961738306,1.6538485465404258
35,3720.0,62.0,1.0333333333333334,30.720805908967773,30.61590368819738,0.0006594077207815857,122.97775662556967,122.7426406151183,122.9367415390092,1.0003336275717658,0.00033362757176583327,560.4295891489061,553.5102140674524,154.5182918987156,156.53839033972574,3.6269465722301617,3.535939093702208,622812.5086620396,142298484540.10663,142970310692.68362,78002320.74505356,20892498.47767255,42633.432134573144,14771.704178220287,3044.404389991895,23.223744247642642,6.236751388901906,1.6626993367431826
35,3780.0,63.0,1.05,30.68124144556235,30.741571327733865,0.0006594077207815857,122.31770738891979,122.67694448355839,122.27725353859043,1.0003308370866917,0.00033083708669159314,561.4197944159661,548.0497406423958,154.83012219773082,151.62980119840824,3.6260372752208174,3.6143933205140217,615724.7604648665,142335827893.1697,131345579238.15215,78141063.62638837,20935414.226233352,42772.41673784803,14850.989371811864,3055.9945875352946,23.332860942175753,6.267941387909836,1.6714646672041051
35,3840.0,64.0,1.0666666666666667,30.641676982343547,30.58333048252863,0.0006594077207815857,121.66287278365773,121.26359790543123,121.62289049508479,1.0003287398318703,0.00032873983187037747,562.396778052406,574.4567025297229,155.13803921212497,152.612618599395,3.6251378508363374,3.7641494379810094,611163.0458644101,142372718665.0022,150608939369.28107,78277964.83589321,20977795.342414644,42909.71881758406,14929.648183254752,3067.457978420888,23.44079113119954,6.298809934177135,1.680143916324603
35,3900.0,65.0,1.0833333333333333,30.60211251909462,30.50080865192631,0.0006594077207815857,121.01304946229368,121.09648409269035,120.97361828230818,1.0003259485873481,0.0003259485873480364,563.3614451036087,565.1096946881497,155.44230079150998,152.96732345631554,3.624247982917008,3.694316419477222,603969.9724158777,142409184239.31384,145365449010.43158,78413151.69329235,21019677.496941105,43045.4613317958,15007.70503867386,3078.803640342357,23.54762707637293,6.329382051627114,1.688743799946877
35,3960.0,66.0,1.1,30.56254805587725,30.397887117143522,0.0006594077207815857,120.36829490934588,119.97859952470762,120.32940305861612,1.0003232115321872,0.000323211532187268,564.3135904196711,579.3793254072712,155.74284816095712,148.36208006114836,3.6233676029634707,3.9051712214366123,596933.9392307865,142445217986.95135,154304880631.11163,78546594.40501401,21061052.22606182,43179.606913770964,15085.153033021943,3090.028606895738,23.653333937827725,6.359647878667192,1.6972615723757425
35,4020.0,67.0,1.1166666666666667,30.522983592642763,30.38997693550853,0.0006594077207815857,119.72856127146763,119.78949576676843,119.69021125887407,1.0003204106015873,0.0003204106015871932,565.2537153207508,586.3226603362199,156.03982228674607,160.07388224321755,3.622496533493957,3.662825266181503,589621.1355193817,142480832676.23468,135748072670.47137,78678363.411076,21101939.002454206,43312.221883553175,15161.997914448759,3101.1376443024665,23.757959828511716,6.38962025272151,1.7057006310410525
35,4080.0,68.0,1.1333333333333333,30.48341912940731,30.33946092001747,0.0006594077207815857,119.09384976194566,119.60811183389369,119.05600959575817,1.0003178349947723,0.0003178349947724218,566.1817456568743,540.9624514216374,156.3332025509798,158.65051357790097,3.6216346650497626,3.409774347537884,583097.3631119968,142516026623.972,134248666364.64246,78808447.41457026,21142334.664427277,43443.287842731406,15238.23953721416,3112.129247485749,23.861485100566117,6.41929353026183,1.7140593844033944
35,4140.0,69.0,1.15,30.443854666166285,30.43670720418826,0.0006594077207815857,118.46409233505325,118.24346460596986,118.42676505680605,1.0003151929230634,0.0003151929230634596,567.098128241802,575.0397319257994,156.62311559937342,158.67033297891726,3.6207818116221326,3.6241162486386522,576290.1320228069,142550812099.50357,137549956879.6141,78936909.08273609,21182256.664967895,43572.8633011325,15313.886074979015,3123.007651122703,23.963951894364833,6.448678982025585,1.7223408207413375
35,4200.0,70.0,1.1666666666666667,30.404290202927125,30.351207767638034,0.0006594077207815857,117.83926833469687,118.07876581246485,117.80244490340063,1.0003125863077498,0.00031258630774969975,568.0029150808842,569.4983426708521,156.90957670615805,158.61779194288292,3.6199378457605156,3.5903812283298224,569575.7142726879,142585191053.51324,130391623719.02641,79063755.04555073,21221706.871665865,43700.94877867351,15388.940008955758,3133.772776849427,24.065355976159257,6.477775205431812,1.7305445015122154
35,4260.0,71.0,1.1833333333333333,30.364725739695793,30.31333888621566,0.0006594077207815857,117.21934393617147,116.85915662837863,117.18301666903143,1.0003100045396736,0.00031000453967352495,568.896250203006,550.4173551075754,157.19262719344175,158.2287025176732,3.6191026281590197,3.4786189000449967,562916.6632561452,142619167928.91122,134018544960.61568,79189005.01069269,21260690.802790817,43827.558530613416,15463.405402172022,3144.425575228451,24.165704241948752,6.506583850463402,1.7386708160374666
35,4320.0,72.0,1.2,30.325161276462794,30.26529709457811,0.0006594077207815857,116.60428888470116,116.22428621464987,116.56844815758116,1.0003074650789856,0.0003074650789856354,569.7784027512126,586.7757344420736,157.4723428978205,154.85761756898583,3.618276024005855,3.789130581068621,556377.5610241786,142652749675.81778,147508018474.4857,79312696.55101398,21299218.846978653,43952.72594465006,15537.285888835122,3154.9683963244806,24.265019263801065,6.535110825943631,1.746721300034193
35,4380.0,73.0,1.2166666666666666,30.28559681322712,30.32865639715511,0.0006594077207815857,115.9940709639967,116.21030568295727,115.95870744219884,1.0003049665055597,0.00030496650555965777,570.6495731240196,563.2418760859707,157.74878069175205,154.77252298938103,3.6174579012378776,3.6391593624445524,549953.9557247901,142685941866.75552,132129988690.03813,79434857.45957936,21337298.7297849,44076.47429478731,15610.585338769592,3165.4028569689403,24.363315577089338,6.563359869334315,1.7546969075021928
35,4440.0,74.0,1.2333333333333334,30.24603234998777,30.265042070517755,0.0006594077207815857,115.3886579577688,116.0044332735154,115.35376286370621,1.0003025050349144,0.0003025050349143853,571.5099617199423,571.959212248434,158.02199744769408,159.1944426543635,3.616648130961099,3.5928340381218495,543632.8996117073,142718750074.24704,139937974837.4456,79555515.55141668,21374938.184601247,44198.82709390459,15683.30762179997,3175.7305954612057,24.46060806269894,6.5913348193068035,1.7625986213764544
35,4500.0,75.0,1.25,30.20646788674374,30.360001091845497,0.0006594077207815857,114.7880176497282,114.51263842989451,114.75358302913604,1.0003000744698614,0.00030007446986141,572.3597689374965,562.4975519742097,158.29205003810424,158.42588466184384,3.615846587366311,3.5505407034642533,537392.925012467,142751179870.81494,134375735895.10344,79674698.66307999,21412144.95250185,44319.80808854216,15755.456607750792,3185.9532711315787,24.556911940277892,6.619039613856964,1.7704274530087623
35,4560.0,76.0,1.2666666666666666,30.16690342349403,30.058895487654734,0.0006594077207815857,114.19211782358563,114.34400773558666,114.15813681028644,1.0002976661519596,0.0002976661519596139,573.1991951751977,570.2222852517361,158.55899533544024,162.98260810417077,3.6150531476474312,3.4986695321949757,531204.0245499458,142783236828.98187,145726221169.849,79792434.65222026,21448926.78209222,44439.441253792924,15827.036166446596,3196.072563912595,24.65224276159187,6.646478288447121,1.7781844416561987
35,4620.0,77.0,1.2833333333333334,30.127338960248505,30.151107487603596,0.0006594077207815857,113.60093280511474,113.68146805214765,113.56739334246605,1.0002953265163668,0.00029532651636681427,574.0281838934399,565.0352095938019,158.82281890046588,159.77985018646294,3.6142676969685494,3.5363358329251553,525232.48911222,142814920894.34073,139682756757.26752,79908714.7693494,21485281.389471866,44557.711888073274,15898.049381878536,3206.0873153837465,24.746584667949847,6.673646335509721,1.7858683251869687
35,4680.0,78.0,1.3,30.087774497005196,30.29887931871369,0.0006594077207815857,113.01442980128702,112.92802741047026,112.98132202273968,1.0002930376274115,0.0002930376274113984,574.8469581420477,558.4132491585747,159.0835838923791,154.45879288869247,3.6134901168113913,3.6152894808713385,519414.13274859183,142846238135.47644,142435268850.05515,80023570.13091487,21521217.418862153,44674.647699141424,15968.500193149132,3215.9994850374082,24.839956437785723,6.700548678002435,1.793480384227646
35,4740.0,79.0,1.3166666666666667,30.048210033760483,30.102023895740473,0.0006594077207815857,112.43257501882213,112.19574067655832,112.39989250869743,1.0002907699411028,0.00029076994110267563,575.6557802555255,595.0732055036754,159.34136437361394,163.56651852546685,3.612720290920585,3.6381113376269862,513644.58541775704,142877195481.30612,152261413494.5713,80137037.4762365,21556745.057652917,44790.28259099977,16038.39265951128,3225.8114918655,24.932382068218438,6.727191667466009,1.8010222863763086
35,4800.0,80.0,1.3333333333333333,30.00864557051423,29.896488114760647,0.0006594077207815857,111.85533676075204,112.24161845873967,111.82307471715144,1.0002885097166412,0.00028850971664122824,576.454830236157,575.3419078012555,159.5962115557718,161.1760343578298,3.611958107380962,3.569649235344311,507876.48024511605,142907798057.6761,140666267477.92896,80249141.82743514,21591871.28312276,44904.63821452742,16107.730588408589,3235.524858080942,25.02387569758148,6.7535789787402045,1.8084949792474785
35,4860.0,81.0,1.35,29.96908110726629,30.17085868139964,0.0006594077207815857,111.28268333010875,110.8966731331141,111.25083882272537,1.0002862406047484,0.0002862406047483925,577.2442880862267,588.7204592979042,159.84817665045387,160.8305183782508,3.611203456818334,3.6605021561474818,502053.93653697334,142938050990.43268,131068468616.6337,80359908.22469434,21626603.078996405,45017.73641283032,16176.517787284662,3245.141123359592,25.114451745219892,6.779714369475556,1.815899434241363
35,4920.0,82.0,1.3666666666666667,29.92951664401653,29.992131857043674,0.0006594077207815857,110.71458302992426,110.77520030978252,110.68315525651512,1.0002839435986108,0.00028394359861081845,578.0243338080187,596.1947010056211,160.09731086926155,161.19269416594992,3.6104562323351215,3.6986459224500035,496112.611814078,142967959405.4223,159796349743.72934,80469361.72590582,21660947.43532002,45129.5992171281,16244.758063583098,3254.661844491904,25.204124906044534,6.8056016786013105,1.8232366461201064
35,4980.0,83.0,1.3833333333333333,29.8899521807648,29.738433567264956,0.0006594077207815857,110.15100416323054,110.13287986154026,110.11999470475891,1.000281596984769,0.0002815969847689206,578.795147403817,582.7864813262075,160.34366542379604,161.51649862332044,3.6097163294479615,3.6082164131439534,489979.81411421683,142997528428.49115,147215086927.90997,80577527.40632121,21694911.348338686,45240.24884272576,16312.45522474751,3264.088595041201,25.29291014517591,6.831244824816807,1.8305076325901002
35,5040.0,84.0,1.4,29.85038771751568,29.710840656001533,0.0006594077207815857,109.59194683523025,109.54692824753333,109.56132810759762,1.0002794665614363,0.00027946656143633516,579.5564269055428,598.3193540904683,160.5871569678637,155.76832658882984,3.608983668734618,3.841084816105188,484580.6806121725,143026751837.429,148029012199.49036,80684361.6707569,21728482.88588493,45349.634487507494,16379.609258140936,3273.4175464324653,25.380762652954402,6.856631403140748,1.8377089993058568
35,5100.0,85.0,1.4166666666666667,29.81082325426639,29.900699500477614,0.0006594077207815857,109.03736153508045,109.2682440173819,109.00712665760925,1.0002773660621858,0.0002773660621857243,580.3086222894973,591.0735026094861,160.82791208514516,160.6207915205462,3.608258136076974,3.679931452298176,479265.04382414627,143055641114.65643,147658897428.73996,80789928.08661136,21761679.656262238,45457.81952619646,16446.226111011787,3282.6533220649335,25.467731240990453,6.881774583309509,1.8448442662495625
35,5160.0,86.0,1.4333333333333333,29.771258791016965,29.906854142286182,0.0006594077207815857,108.48721779384607,108.05325410814423,108.45736179867632,1.000275278641068,0.00027527864106794553,581.0518949467985,591.5092293034984,161.06597679132577,160.76454464576545,3.6075396338954877,3.679351256253994,473975.2951369622,143084200947.81744,142977146007.9134,80894249.11769445,21794507.939099044,45564.82376727121,16512.30944329219,3291.797324710417,25.553829164603464,6.906677830518527,1.8519143316589668
35,5220.0,87.0,1.45,29.731694327767528,29.74362278311286,0.0006594077207815857,107.9414856605095,107.69913231469762,107.912005224691,1.0002731895840238,0.0002731895840237217,581.7863984193879,597.8499534635877,161.30139491073655,159.6092237704501,3.6068280670563686,3.74571055068481,468661.9246001354,143112435839.74606,141397692246.5671,80997346.12407848,21826973.7109717,45670.665982255276,16577.86285270199,3300.8508831147637,25.6390689293837,6.931344410368126,1.858920041016705
35,5280.0,88.0,1.4666666666666666,29.692129864518197,29.776790567791437,0.0006594077207815857,107.40013518405308,107.39491744060737,107.3710288783044,1.0002710815575928,0.00027108155759290723,582.5122862492067,600.091483645842,161.53421026770826,161.1819759846593,3.6061233424413177,3.7230681655308437,463267.18799653754,143140350293.2763,133088808692.51358,81099240.48032211,21859082.953624375,45775.36509326946,16642.88993696102,3309.815339850428,25.723463262638074,6.955777654159688,1.8658622587583265
35,5340.0,89.0,1.4833333333333334,29.652565401269086,29.642014253293393,0.0006594077207815857,106.86313641345923,106.87726957311311,106.8344049497036,1.000268934560633,0.0002689345606329717,583.2297119781963,584.0874856747241,161.76446668657192,160.16634008421124,3.6054253688990787,3.646755525334638,457725.18732725433,143167948811.2422,150928801808.04556,81199953.57519397,21890841.65387207,45878.94016991981,16707.394293789108,3318.6920510500404,25.80702510920703,6.9799809577113185,1.8727418679430459
35,5400.0,90.0,1.5,29.613000938020196,29.642413723121525,0.0006594077207815857,106.3304645469735,106.05442968811445,106.30210587540056,1.0002667743158935,0.0002667743158934736,583.9387590246453,584.1031537361038,161.99218837828252,162.5063831215189,3.604734060762469,3.59433975771477,452126.1808130427,143195234213.92917,145758501248.0285,81299496.81462036,21922253.04258731,45981.39972256411,16771.378902375982,3327.4815912636336,25.889758801734278,7.003955364952098,1.8795591159668628
35,5460.0,91.0,1.5166666666666666,29.573436474771192,29.619319219067467,0.0006594077207815857,105.80210781035312,105.99288422730245,105.7741043370347,1.000264747912487,0.00026474791248708347,584.6393333956944,582.2308868804733,162.21734993242802,167.45479125170988,3.6040493426826856,3.476943732265578,446968.65815118526,143222205064.8154,138315031016.63528,81397856.32051726,21953313.368251666,46082.72525135523,16834.8451770451,3336.1825305461925,25.971646441580507,7.027695838218671,1.8863126040701015
35,5520.0,92.0,1.5333333333333334,29.53387201152242,29.40916514704432,0.0006594077207815857,105.27802708014116,105.1233164855709,105.2503732602064,1.0002627432006002,0.0002627432006002308,585.3317135453198,594.1921263055153,162.4400301108616,163.0951098199717,3.6033711219201585,3.6432246617412307,441871.44476739585,143248868863.87723,145166363566.9884,81495071.32089527,21984033.54703272,46182.95520888705,16897.7978173108,3344.7976702644537,26.05271715368643,7.051210211923768,1.893004419609978
35,5580.0,93.0,1.55,29.494307548273923,29.249530781728005,0.0006594077207815857,104.75819545313124,104.69625875986186,104.73088581331068,1.0002607601340185,0.0002607601340185287,586.0160115097855,583.5894732130041,162.66026112890046,160.83800108177098,3.6026993160019334,3.6284302794605345,436834.8129937628,143275229118.06052,137929704812.28967,81591157.33273879,22014417.94765469,46282.10278401283,16960.24005478947,3353.327938136769,26.1329793233585,7.074500649691218,1.899635115621971
35,5640.0,94.0,1.5666666666666667,29.454743085025743,29.44695906505365,0.0006594077207815857,104.24258628336504,104.19729491752338,104.21561540638952,1.0002587988073606,0.00025879880736060857,586.6923358221022,610.0842410774723,162.87807422201232,162.94067364698267,3.6020338441772486,3.7442108678109647,431859.472650336,143301289250.25388,153997812483.00903,81686129.38437483,22044470.804738447,46380.18073853027,17022.17509019682,3361.7742321673577,26.21244105296347,7.097569241514611,1.906205226086882
35,5700.0,95.0,1.5833333333333333,29.415178621777905,29.43282663403275,0.0006594077207815857,103.73117318213225,103.69521382329883,103.70453569001184,1.0002568594704482,0.000256859470448217,587.3607915120283,605.5131111748693,163.09349964581557,158.48755464981295,3.6013746273614777,3.8205719844235353,426946.61074695195,143327052599.2889,144543861565.1096,81780002.01506054,22074196.21865345,46477.20140249753,17083.606093347906,3370.137420228567,26.291110155056742,7.120418001748975,1.9127152653577917
35,5760.0,96.0,1.6,29.375614158530436,29.464981599954005,0.0006594077207815857,103.22393001797062,103.45495609452313,103.19762055416061,1.0002549425429457,0.00025494254294555844,588.0214801060682,588.1593540968788,163.3065666760792,163.3092126313853,3.6007215880817394,3.601507499913355,422097.9309452841,143352522419.93997,138954456154.6029,81872789.27458057,22103598.155373365,46573.176669675304,17144.53620315711,3378.418339653713,26.368994145681448,7.143048867150577,1.9191657276003082
35,5820.0,97.0,1.6166666666666667,29.336049695283123,29.218418757748346,0.0006594077207815857,102.72082988390503,102.85303856414583,102.69484412714307,1.0002530385725088,0.00025303857250888565,588.6745955734198,594.9174076026394,163.517330079724,158.05325873577323,3.6000746543892777,3.764031266177164,417282.5262251083,143377703911.97284,133754003064.72478,81964518.43389504,22132684.186116055,46668.13287340137,17204.968651693518,3386.6188892159944,26.446112628056447,7.165467072031481,1.9255579975803152
35,5880.0,98.0,1.6333333333333333,29.296485232035884,29.41826705472812,0.0006594077207815857,102.22184673548712,102.01557068126269,102.19618077450622,1.0002511440328434,0.00025114403284339393,589.320272148193,576.7467699631173,163.72582812974275,165.61631682267847,3.599433753855822,3.482427221109057,412489.4217433365,143402601001.91486,141080149018.80548,82055208.2417525,22161459.55702451,46762.08722858781,17264.90656741939,3394.7403004520356,26.522477709730396,7.187675812448013,1.9318929111315546
35,5940.0,99.0,1.65,29.2569207687889,29.215779714745437,0.0006594077207815857,101.72695598265767,101.96876376078738,101.70160509799503,1.0002492673015162,0.000249267301516197,589.9585293439836,585.9035685565063,163.93206743499863,157.40714639565564,3.598798810842244,3.7222170782754054,407746.7440561134,143427215180.23257,158584830402.8821,82144861.06209454,22189925.04410483,46855.03924182889,17324.352904095602,3402.782506028335,26.598086804069546,7.209674281878575,1.9381702245306884
35,6000.0,100.0,1.6666666666666667,29.217356305542143,29.009284673262,0.0006594077207815857,101.23613243732812,100.75884495681301,101.2110919344963,1.0002474086817286,0.0002474086817286245,590.5894626284394,601.9806253867387,164.1360755463742,160.23906844307174,3.598169754348593,3.756765632974238,403055.84007785143,143451549533.68506,138736660107.50497,82233490.12201771,22218084.385284454,46947.0002817292,17383.310687318368,3410.7463104978206,26.672947251511907,7.231464381935334,1.9443904254397975
35,6060.0,101.0,1.6833333333333333,29.177791842295594,29.146080577882834,0.0006594077207815857,100.74935116440504,100.9833255140255,100.72461635501938,1.0002455686631606,0.0002455686631605658,591.2131643610625,581.305078120971,164.33787914391084,159.24398936001774,3.5975465147833416,3.65040514531924,398418.61762934545,143475607073.3298,153277366786.50552,82321108.21406682,22245941.198946297,47037.981324933215,17441.78291229412,3418.6324908590177,26.747066122439918,7.25304794336384,1.9505539830404857
35,6120.0,102.0,1.7,29.138227379049216,29.08670232939843,0.0006594077207815857,100.26658748179007,100.6486242402663,100.24215366368972,1.0002437479364452,0.00024374793644521485,591.8297237932102,587.5594158877034,164.53750403680874,163.67058768475454,3.5969290239191407,3.589890060267883,393837.5805411601,143499390734.52283,145349543347.72415,82407727.69590259,22273498.983809456,47127.992952415814,17499.77254383946,3426.4417962220305,26.820450211685863,7.274426724428691,1.956661347571345
35,6180.0,103.0,1.7166666666666666,29.09866291580297,29.184317041591285,0.0006594077207815857,99.78781696037996,99.34605864154804,99.76367939675593,1.000241947407814,0.0002419474078139145,592.4392270680939,599.4692041660802,164.73497516342684,171.05354565413302,3.5963172148498477,3.5045704657779817,389315.8632115685,143522903376.91876,148252083264.82968,82493360.48997739,22300761.118812803,47217.04534587124,17557.282516381216,3434.1749474828953,26.893106033173005,7.295602409337613,1.96271294987609
35,6240.0,104.0,1.7333333333333334,29.059098452556803,29.037533499960638,0.0006594077207815857,99.31301542406655,99.00642101262794,99.28916932162132,1.0002401682137958,0.00024016821379570843,593.0417572207801,598.623782899341,164.93031659128295,166.80567806290534,3.5957110219487936,3.588749434977804,384857.2643372283,143546147784.4706,136647616742.85194,82578018.08321907,22327730.863001466,47305.14828419834,17614.3157339564,3441.832637006061,26.965039814689657,7.31657660670319,1.9687092009621607
35,6300.0,105.0,1.75,29.019533989310666,28.720747085477015,0.0006594077207815857,98.84215894973681,99.13529118141044,98.81859943588756,1.0002384117360876,0.0002384117360875478,593.6373941781892,589.3820211653374,165.12355151705364,164.38951401523275,3.595110380828258,3.5852774715954436,380466.2803210397,143569126665.4301,148038963259.28253,82661711.5267227,22354411.355416104,47392.31114007931,17670.875070212223,3449.4155283148193,27.03625749279339,7.33735084804146,1.9746504915695682
35,6360.0,106.0,1.7666666666666666,28.97996952606449,29.07287918601003,0.0006594077207815857,98.3752238672728,98.43382492115535,98.3519459664159,1.000236679616536,0.00023667961653596077,594.2262147590965,603.9941945725903,165.3147022665743,161.75796450661178,3.5945152283000885,3.733937901696966,376148.13833471,143591842652.34738,144724621010.9704,82744451.43545017,22380805.614984915,47478.5428766502,17726.9633684061,3456.9242557895395,27.106764707842714,7.357926586306718,1.9805371917498333
35,6420.0,107.0,1.7833333333333334,28.94040506281821,28.92803549351776,0.0006594077207815857,97.91218675955164,98.12745143169892,97.88918536841102,1.0002349737721696,0.0002349737721695985,594.8082926741321,593.1273833654689,165.50379029483912,167.52532596606045,3.593925502337452,3.540523678704154,371908.82906452817,143614298302.07114,141820447136.17584,82826247.98793742,22406916.540418405,47563.85204426036,17782.583441405637,3464.3594243734688,27.176566799153452,7.378305194461698,1.9863696504547872
35,6480.0,108.0,1.8,28.900840599571747,28.929290045766564,0.0006594077207815857,97.45302446244563,97.62238546516849,97.43029432451556,1.0002332964103995,0.0002332964103994193,595.3836985257805,611.210046678099,165.69083618600106,165.7698304985236,3.5933411420376626,3.6871006312788785,367755.1397909547,143636496095.74857,136383898815.69388,82907110.92600878,22432746.91010666,47648.24677731922,17837.73807168864,3471.7216092859885,27.245668800277322,7.3984879640826025,1.9921481951350795
35,6540.0,109.0,1.8166666666666667,28.8612761363251,29.004299784449344,0.0006594077207815857,96.99771303178679,97.06942760063338,96.97524974392825,1.0002316393916784,0.0002316393916783794,595.9525255486002,594.0858239709362,165.87586678665116,173.1312421909845,3.5927620882615297,3.431418942374296,363661.24154773407,143658439013.9137,138327812401.25592,82987053.23383988,22458300.390057635,47731.73881048514,17892.430135431445,3479.0116527744985,27.31407880759772,7.4184770266160225,1.9978733810500129
35,6600.0,110.0,1.8333333333333333,28.82171167307837,28.99252780365132,0.0006594077207815857,96.54622725039167,96.57726217759223,96.52402876154025,1.000229978888534,0.0002299788885341332,596.5149018927289,612.3026032666434,166.0589186098945,168.32614845477684,3.5921882840515256,3.6375964690426392,359552.6521561334,143680130810.92505,134040003722.4262,83066092.89494477,22483582.015380785,47814.34541140091,17946.662661725153,3486.230807208688,27.381809613725395,7.438275800739154,2.003546112483929
35,6660.0,111.0,1.85,28.782147209831518,28.77783436167758,0.0006594077207815857,96.09854396235174,96.34946640582824,96.07660873708062,1.0002283097369844,0.0002283097369844605,597.0709075431105,574.1070914508437,166.24001481152405,168.77356113615295,3.5916196724359315,3.4016411550841203,355414.2252588726,143701574158.77515,142112897758.03436,83144241.01643658,22508594.936658572,47896.07640744918,18000.438432060277,3493.379776327296,27.44886781955917,7.457886014360836,2.0091668367683484
35,6720.0,112.0,1.8666666666666667,28.74258274658459,28.630050752332888,0.0006594077207815857,95.65464069819814,95.65242606074777,95.63296725429274,1.0002266315113675,0.00022663151136750398,597.6206405819553,605.7963451165083,166.41918349882602,163.76275097169625,3.5910561992762764,3.6992316111080132,351245.7789662621,143722772083.94705,149341323138.00583,83221511.30423138,22533343.00874742,47976.944547975654,18053.760145472123,3500.4594787579535,27.515262533693686,7.4773100811118445,2.014736186813849
35,6780.0,113.0,1.8833333333333333,28.68932979779686,28.774324964876083,0.0011076002877138866,95.07120103677703,95.04336280675007,95.04176158967954,1.0003097527508442,0.00030975275084426366,598.346781299929,575.5045079446924,166.65238546557228,171.52039864339602,3.5903883381467585,3.355312327259745,658693.6708557025,143752717480.8958,146583600886.0716,83323583.3113966,22565556.647465155,48083.08645321455,18123.842987684868,3509.6134307134676,27.602142328295052,7.502603323039363,2.0219518576602544
35,6840.0,114.0,1.9,28.622872509489735,28.481270079566603,0.0011076002877138866,94.34220151021583,94.1852187594851,94.31342787576924,1.0003050852364788,0.00030508523647868106,599.2549655658745,601.0103049280078,166.94137220280982,166.7624883474475,3.589613273562084,3.603989787414365,642079.5282684127,143791749469.7796,131783500017.60872,83451254.90281458,22605479.776593946,48215.352245587594,18211.41049838291,3520.9138788085093,27.710234127654584,7.533978915181472,2.0308746185130744
35,6900.0,115.0,1.9166666666666667,28.55641686625341,28.534803200319118,0.0011076002877138866,93.62377016527897,93.50515529027666,93.59552465839724,1.000301782665195,0.00030178266519495587,600.1455598518286,603.032997312609,167.22506800298137,165.84728901638817,3.5888492498094178,3.6360738899568044,631230.7409395404,143830004964.8293,144996548154.96417,83576464.68054882,22644675.84651853,48345.20849643969,18297.708557834783,3532.0243328741985,27.816467046594266,7.564835016959947,2.0396546213616014
35,6960.0,116.0,1.9333333333333333,28.48996107981377,28.45129271352579,0.0011076002877138866,92.91562332685612,92.91374908628788,92.88793166778399,1.0002981190190687,0.00029811901906883544,601.0191395240222,574.0683499407759,167.50364071439745,159.8447893411372,3.5880959778587234,3.5914110951443776,618861.1291910942,143867509656.0125,140485367114.17368,83699292.86327931,22683167.814820252,48472.730283878394,18382.771241128823,3542.9504521838353,27.920896305235544,7.595186723331391,2.0482959337285687
35,7020.0,117.0,1.95,28.42350515246143,28.488953052178804,0.0011076002877138866,92.21767649388096,92.24572078594099,92.1905501388563,1.000294242251335,0.00029424225133493177,601.8761346765036,603.4734595802892,167.77721114633846,169.28952935310068,3.587353315531845,3.5647417881443597,605619.8089725407,143904279408.7814,144208355680.26025,83819799.56740123,22720972.255186714,48597.973762324924,18466.608698543256,3553.6962381605035,28.023562651039157,7.62504484394368,2.0568013931985876
35,7080.0,118.0,1.9666666666666666,28.357049165811173,28.553122711544212,0.0011076002877138866,91.52988646569814,91.45753021615371,91.50328385182962,1.0002907285154006,0.00029072851540056747,602.716666581519,601.9441238386308,168.04581409566154,174.12074245294465,3.5866211236801018,3.4570500639882322,593887.1275336756,143940319196.62503,143439940821.99796,83938000.91397065,22758093.650027186,48720.94863254165,18549.226119345996,3564.2622522274623,28.12446850022957,7.6544096649095685,2.065170988723144
35,7140.0,119.0,1.9833333333333334,28.290593156745665,28.33886799431452,0.0011076002877138866,90.85213383662435,90.98946196814751,90.82603780915258,1.0002873187920693,0.0002873187920692978,603.5411173157447,599.2939287594676,168.30955856508888,170.34080522356115,3.5858992350832084,3.5182053294448945,582584.1209384826,143975644246.6864,145483446804.85318,84053950.13791046,22794546.893890575,48841.70393678619,18630.63784656207,3574.6520444588805,28.22364897747852,7.683290555555223,2.0734071912299266
35,7200.0,120.0,2.0,28.22413713815638,28.277325462974364,0.0011076002877138866,90.1843144157955,90.29815484279445,90.15871846846585,1.00028389874839,0.00028389874839005217,604.3498352791819,601.155895843665,168.56854379850526,170.67712506147214,3.5851874950143623,3.522181989104568,571246.4009444081,144010268332.65866,140670909898.9467,84167695.75015894,22830345.536482885,48960.28414524777,18710.85639561058,3584.86881755992,28.321135715908078,7.7116959214482925,2.08151220953962
35,7260.0,121.0,2.0166666666666666,28.15768112253989,28.130966027254104,0.0011076002877138866,89.52633532444911,89.31510569245134,89.50123398473987,1.0002804580293665,0.00028045802936658634,605.1431200537749,585.7791871120202,168.822855242023,169.57527580682063,3.584485756897352,3.4543902955483743,559838.7004647368,144044203393.96634,138786297860.4647,84279279.35811388,22865501.206242345,49076.72672951754,18789.892923099633,3594.9152530762494,28.416954778638907,7.739632640226896,2.0894878390469334
35,7320.0,122.0,2.033333333333333,28.09122510664588,28.15838558979192,0.0011076002877138866,88.87811304520064,88.71639943659794,88.85349405492187,1.0002770739692415,0.0002770739692414376,605.921214812092,601.7153473705986,169.07256251842472,169.9751727145894,3.583793879897346,3.5400190378447656,548674.2680361184,144077459387.57068,139128448461.62473,84388734.5648261,22900023.31846992,49191.060891454894,18867.7574611475,3604.7934195360676,28.511125540905926,7.7671057569809365,2.09733537963312
35,7380.0,123.0,2.05,28.024769090346016,27.799981968627463,0.0011076002877138866,88.23955678674156,88.10734794251336,88.21541010244736,1.0002737241063229,0.0002737241063228333,606.6844252642371,605.8484947870642,169.31775261954033,165.80855248106477,3.5831117285584733,3.6539037686626674,537664.2987958239,144110048475.76593,141732140696.8419,84496103.93776278,22933923.749596685,49303.32567920677,18944.46091561706,3614.506120561265,28.603675792990398,7.794122642018509,2.105056763782236
35,7440.0,124.0,2.066666666666667,27.95831307363665,27.88770715044096,0.0011076002877138866,87.61058009055608,87.59224870079618,87.58689524044749,1.000270415454773,0.0002704154547729284,607.4330382257638,599.417506142754,169.5585071650135,175.0794351442178,3.582439173250169,3.4236888281539013,526837.5213294019,144141982144.7812,146493954882.79837,84601427.39205688,22967213.634983152,49413.55758327514,19020.013671915614,3624.055971044074,28.694631397853293,7.820690142685337,2.1126537835808703
35,7500.0,125.0,2.0833333333333335,27.891857056500612,27.935095789856707,0.0011076002877138866,86.99109743100688,86.73451505878066,86.96786426447514,1.0002671465687727,0.00026714656877263625,608.1673301688563,608.5785001893163,169.79490488821395,171.75805421526468,3.581776087858755,3.5432312212071513,516188.9032465544,144173271548.4792,156973246746.767,84704743.40220633,22999903.715720594,49521.79179656622,19094.426003392993,3633.445494748566,28.7840173218658,7.846814871445542,2.1201281699284342
35,7560.0,126.0,2.1,27.825401039116112,27.860934792785674,0.0011076002877138866,86.3810324893246,85.84882935440157,86.358233648985,1.0002640030877918,0.0002640030877919392,608.8874903448943,604.4541435895428,170.0270001829536,171.74723950541764,3.581122349331078,3.5194402269881944,506047.20697802864,144203924974.55322,147140665019.75723,84806078.01068228,23032001.30908183,49628.05033105401,19167.707077468945,3642.6762380672512,28.871847634551987,7.872500450761385,2.127480844056321
35,7620.0,127.0,2.1166666666666667,27.75894502151054,27.699311968718895,0.0011076002877138866,85.78030580160767,85.68013010897728,85.75792153916706,1.0002610168488095,0.00026101684880955344,609.5937379151206,610.854805204399,170.25485579059674,174.7713600767829,3.5804778376769733,3.4951653688340585,496525.9978734153,144233951693.00217,141105455238.92618,84905461.56626946,23063514.92155508,49732.360049041235,19239.866439356865,3651.750113564378,28.958140629910858,7.89775167625707,2.13471304794801
35,7680.0,128.0,2.1333333333333333,27.692489003795142,27.614640179220775,0.0011076002877138866,85.18882678247644,85.58909551641904,85.16684774868263,1.0002580702981831,0.0002580702981830408,610.2863957454534,612.7221712431966,170.47856339474484,174.34262944183462,3.5798424364494976,3.5144713212417003,487171.366050326,144263364385.46255,158701336659.38535,85002939.27710775,23094457.158027522,49834.764093078295,19310.91497018344,3660.6702529229324,29.04292846363675,7.922577173042086,2.1418270662678243
35,7740.0,129.0,2.15,27.626032986054618,27.494510987446336,0.0011076002877138866,84.60651140602378,84.46564111525157,84.5849337547301,1.000255100410154,0.00025510041015402546,610.9657255443689,597.212952485917,170.6981976104986,170.9074587847868,3.5792160321368973,3.494364474975608,477747.3376858656,144292173721.73734,142310138977.51004,85098547.64270706,23124838.225332253,49935.29642843765,19380.862763150722,3669.4391085976754,29.12623574859645,7.946983499514978,2.1488246246932174
35,7800.0,130.0,2.1666666666666665,27.55957696837368,27.67071132374009,0.0011076002877138866,84.03327564634249,84.15084291065709,84.0121026948753,1.0002520226346923,0.00025202263469218636,611.6319890203428,603.0546768635991,170.91383305295855,167.26949324581867,3.5785985142046717,3.6052878810205513,467945.5288355731,144320390371.62933,141481650786.47525,85192323.1946201,23154668.3414794,50033.99126880562,19449.71991146079,3678.0591564295373,29.208087468249907,7.97097732670484,2.155707481809609
35,7860.0,131.0,2.183333333333333,27.49312095083703,27.539465442662213,0.0011076002877138866,83.4690354775254,83.07555612138523,83.4482793641821,1.0002487302734273,0.0002487302734273641,612.2854478818513,598.3005143713251,171.1255443372254,168.7183685269527,3.5779897750113934,3.5461492402692762,457387.4672184633,144348025004.94153,145007216286.80533,85284302.49555123,23183957.73535129,50130.88306912749,19517.496508315697,3686.5328950181356,29.28850896642974,7.994565435289223,2.1624774282671257
35,7920.0,132.0,2.2,27.42666493351736,27.362548647994466,0.0011076002877138866,82.91371687540598,82.72276285145196,82.89339021276972,1.0002452145169125,0.00024521451691251366,612.9263433395832,606.9820160163555,171.33340002281182,174.23939895696577,3.577389716529156,3.483609445681513,446068.00891343417,144375087441.57867,152282803816.6328,85374519.23025583,23212715.80032233,50226.003439661166,19584.201445507217,3694.862601335655,29.36752337212847,8.017753988450231,2.169136085107634
35,7980.0,133.0,2.216666666666667,27.360208916261893,27.421647463635352,0.0011076002877138866,82.36731302564198,82.34731799509296,82.34736334229108,1.0002422625636231,0.00024226256362304307,613.5547063579835,622.1109432831853,171.5374080668855,173.5837692081468,3.5767982813331747,3.583923463127495,436852.0646977451,144401579571.0892,150346501475.9003,85462977.16936,23240943.429682728,50319.352135923575,19649.835541574965,3703.048097932466,29.445127234992224,8.040541731570624,2.175683035803128
35,8040.0,134.0,2.2333333333333334,27.29375289899989,27.29919153088791,0.0011076002877138866,81.82968327267595,81.53180013185833,81.81012850732718,1.0002390262147922,0.00023902621479222856,614.1708838596426,612.4628587446666,171.7376683584002,167.12923399225613,3.5762153389547957,3.6646063894066843,426655.97635391,144427516416.62262,148172602966.74277,85549724.98202172,23268654.388701748,50410.97660203356,19714.415692081395,3711.0929249949345,29.52135695666284,8.062938601049106,2.1821209512703366
35,8100.0,135.0,2.25,27.227296881736994,27.455532743928213,0.0011076002877138866,81.30080922956449,81.50878876844035,81.28161711462717,1.00023611876361,0.00023611876360998243,614.774955492913,606.5046769417808,171.93420316223316,174.69332180291653,3.5756408218138276,3.4718252001986665,417681.2708733383,144452901187.44647,154502856084.47263,85634773.44502854,23295851.604760796,50500.884606350286,19777.944105668357,3718.9975422248276,29.59621612513638,8.084945330256108,2.188449968185274
35,8160.0,136.0,2.2666666666666666,27.16084086447354,27.275506922610308,0.0011076002877138866,80.78058744587169,80.41008550819697,80.76176222236309,1.000233095749654,0.00023309574965399874,615.3671763239028,627.98815590556,172.12708573707295,173.95718274936323,3.5750746240129025,3.6100156715596086,408340.7434460697,144477745088.37076,147660227267.31784,85718158.22905609,23322545.13318567,50589.11014786124,19840.43320881464,3726.7644531939586,29.66973018093249,8.106568797908757,2.1946719184972685
35,8220.0,137.0,2.283333333333333,27.094384847210247,27.182205962756893,0.0011076002877138866,80.26898128160536,80.1695094612188,80.25049854071156,1.0002303130974872,0.00023031309748718345,615.9476408042752,626.1339779922776,172.31634313513985,177.97976589197899,3.5745166685740055,3.518006526496367,399884.33616973914,144502052236.40976,138420605879.1375,85799892.21838886,23348738.571744554,50675.66336665189,19901.887402720506,3734.3943283099516,29.741904831906105,8.127810369865308,2.2007871216488777
35,8280.0,138.0,2.3,27.027928829946926,27.007824733414502,0.0011076002877138866,79.7659188427887,79.86424468457334,79.74776243298994,1.0002276729684298,0.0002276729684297459,616.5165450097339,623.7550254784793,172.5020312117747,172.82786368548682,3.573966872615304,3.60911147182605,391955.44937965,144525831195.55585,136313880004.76236,85880002.76713593,23374439.5627815,50760.5697992137,19962.315323299084,3741.8890072961703,29.812758703617323,8.14867501070352,2.20679688140956
35,8340.0,139.0,2.316666666666667,26.96147281268393,26.90484973347471,0.0011076002877138866,79.27131004202305,79.02913433449507,79.2534919174465,1.0002248244732876,0.00022482447328768963,617.0741307115071,621.8416027326342,172.68421894412054,178.7379577189359,3.5734251484276514,3.479068523936452,383346.5661145127,144549092519.66315,144981325936.54254,85958523.74605368,23399657.59434448,50843.862017763626,20021.72779185952,3749.250873882991,29.88231640229655,8.169169364124988,2.2127029640882925
35,8400.0,140.0,2.3333333333333335,26.895016795421103,26.859905346432473,0.0011076002877138866,78.7851129820339,78.56736442121915,78.76762666968104,1.000221998720695,0.00022199872069509626,617.620500704464,614.1837519353016,172.86293576424876,173.11083925250054,3.5728914239127447,3.547921982166867,374861.0486271218,144571840813.03314,129160159073.88618,86035469.27660444,23424396.615481846,50925.55179916617,20080.129841107468,3756.4807319178,29.950585267717152,8.189295270830087,2.2185058232134045
35,8460.0,141.0,2.35,26.828560778158337,26.942497356311733,0.0011076002877138866,78.30726947366176,78.23927801599895,78.29010802572483,1.000219203273181,0.00021920327318093917,618.1558037563162,620.4002188612064,173.03822414912779,176.80575533464085,3.5723656249706846,3.5089367859489236,366524.56954860437,144594082697.10583,151959739781.45673,86110860.03557327,23448662.410279393,51005.6579576907,20137.528460731748,3763.579921931195,30.017578592674155,8.20905623412062,2.2242063680181996
35,8520.0,142.0,2.3666666666666667,26.762104760895564,26.890449086062436,0.0011076002877138866,77.83772124936635,77.99467313883117,77.82087898580662,1.0002164234557516,0.00021642345575163496,618.6802113367947,623.5246601332287,173.21013250411644,170.70552170201407,3.5718476880796306,3.6526332242589206,358288.0890803414,144615825756.49362,149094861543.45663,86184719.9673948,23472461.60896609,51084.202900535965,20193.9306498363,3770.5500377963044,30.083312769739504,8.228456601510839,2.229805733408532
35,8580.0,143.0,2.3833333333333333,26.695648743632766,26.77497421116781,0.0011076002877138866,77.37641264404802,77.2604689944119,77.3598842188096,1.0002136562820036,0.00021365628200359816,619.1938781570425,617.1117930224108,173.3787046439778,184.00306745390824,3.5713375493750394,3.353812529114461,350142.7414136531,144637076889.94537,151499935029.71313,86257070.64187562,23495800.200739056,51161.20661571709,20249.343094919586,3777.392499538617,30.14780224976603,8.247500194152757,2.2353049137555834
35,8640.0,144.0,2.4,26.62919272636994,26.47195166535998,0.0011076002877138866,76.92329013592914,76.65870438312777,76.90707006743955,1.0002109047773549,0.00021090477735485931,619.6969573806945,586.140354424384,173.54398379001614,175.10628818662735,3.5708351499554842,3.347340409612696,342099.48701495415,144657842959.92688,145965196304.8569,86327933.42921934,23518684.09910755,51236.6889776374,20303.772225023957,3784.1087144304165,30.211061467973284,8.266190827437642,2.2407049011400417
35,8700.0,145.0,2.4166666666666665,26.562736709107106,26.494913485651363,0.0011076002877138866,76.47830226064606,76.54075195608576,76.46238455412917,1.0002081769566789,0.0002081769566788644,620.1895865182781,640.0453466470917,173.70600882509768,177.52285504277827,3.5703404315894383,3.6054250394567946,334184.82592377474,144678130244.58743,139270052289.38443,86397327.47843352,23541118.610709444,51310.66756615554,20357.224222054956,3790.6999222776576,30.273102999601313,8.284531810031819,2.2460065514992165
35,8760.0,146.0,2.433333333333333,26.496280691844266,26.47240248346954,0.0011076002877138866,76.04139785325144,75.86670314798249,76.02577738769467,1.00020546275347,0.0002054627534698931,620.6719041623302,606.4787556505785,173.86481889541915,179.40606008487447,3.5698533383896858,3.380480878759959,326366.6666472103,144697945066.16724,142596530978.71826,86465272.11014396,23563109.085409172,51383.16024413049,20409.705231952204,3797.1673849345852,30.33393973390201,8.302526541223973,2.2512107461882156
35,8820.0,147.0,2.45,26.42982467458143,26.53164124474544,0.0011076002877138866,75.61252796889057,75.52069850977473,75.59719997076562,1.000202758807613,0.00020275880761307552,621.1440393021013,645.8572689515414,174.02045041048123,169.84998939417912,3.569373816910256,3.802515803828925,318635.28108035005,144717293393.97632,151824150747.75037,86531785.28936905,23584660.49289319,51454.183502011365,20461.22113397754,3803.5122616971203,30.393583470583366,8.320178121920986,2.2563182858742254
35,8880.0,148.0,2.466666666666667,26.36336865731859,26.517001168341057,0.0011076002877138866,75.19164618838447,75.9958850417116,75.17660540801411,1.0002000726195168,0.0002000726195167151,621.6061165774939,631.6508062410144,174.1729384261162,172.28484097599747,3.5689018178973764,3.666316796432573,311015.0959073775,144736181040.86243,156893272354.09177,86596884.37862816,23605777.618932433,51523.75326741235,20511.777504008296,3809.7356660844653,30.452045601281224,8.337489538796842,2.2613299395169406
35,8940.0,149.0,2.4833333333333334,26.296912640055755,26.3015828063356,0.0011076002877138866,74.77870594553251,75.01435216390692,74.76394851520041,1.0001973869843044,0.00019738698430428898,622.0582601936463,626.8730109032871,174.32231789240987,174.46675420667728,3.5684372931386497,3.5930800326615757,303453.4905400562,144754613803.42358,142400343988.59775,86660586.69189459,23626465.2390789,51591.88550270381,20561.379935582107,3815.838717237717,30.509337613542016,8.354463810936215,2.2662464862472467
35,9000.0,150.0,2.5,26.23045662279292,26.173704862689977,0.0011076002877138866,74.37366576965579,74.55836879061198,74.35918582906588,1.0001947296817262,0.00019472968172612616,622.5005817674496,631.7136515632758,174.46861998426849,173.50671533180557,3.567980200815364,3.640859953778839,296036.90789706435,144772597035.03094,148568668373.33527,86722907.76454002,23646727.604056418,51658.59431793216,20610.033410161894,3821.822386506718,30.56546948473712,8.371103532290556,2.2710685871837555
35,9060.0,151.0,2.5166666666666666,26.164000605530088,26.233002048129972,0.0011076002877138866,73.97648105461546,73.96769368898512,73.96227561808918,1.000192063270195,0.00019206327019510996,622.93320089313,605.9954806096433,174.6118782591146,173.83354588688286,3.5675304973739004,3.4860675338463,288651.8664260613,144790136371.68143,154250799122.07123,86783864.28108877,23666569.303534776,51723.895154059246,20657.74328584241,3827.687753844348,30.620452384113,8.387411638698676,2.275796999615694
35,9120.0,152.0,2.533333333333333,26.097544588267258,26.099919318281124,0.0011076002877138866,73.58711376212935,73.35139532073582,73.57317789414651,1.000189415061055,0.0001894150610551019,623.3562213702772,618.7048142525227,174.7521215187261,176.3060192514145,3.5670881472158804,3.5092665405271393,281382.3909679174,144807236895.7763,145371407683.23798,86843470.6903313,23685994.26462556,51787.80109303047,20704.51413178669,3833.4357095524974,30.674295533637043,8.403390515501496,2.2804323274863565
35,9180.0,153.0,2.55,26.03108857100443,26.04272013964162,0.0011076002877138866,73.20552534005483,73.1233611316225,73.19185442508581,1.0001867819182395,0.0001867819182395329,623.7697531122698,630.6867672968086,174.88938018981204,173.52459975701922,3.5666531177323404,3.6345669039429485,274219.2613076335,144823903919.33246,137427124408.26437,86901742.32958126,23705006.64917898,51850.32625436589,20750.35057888273,3839.0672200017207,30.727009092373617,8.419042807807314,2.2849752453917374
35,9240.0,154.0,2.566666666666667,25.96463255374162,25.867378237541168,0.0011076002877138866,72.8316795290884,72.74524795027878,72.81826874826082,1.0001841678064876,0.00018416780648749755,624.1738993562724,635.1578515304022,175.02368274037403,182.54366123841038,3.5662253792371463,3.4794845639742977,267174.2372271961,144840142516.9795,143628617053.99158,86958693.59612322,23723610.34784753,51911.48380565707,20795.256982602423,3844.583178116476,30.778602464587557,8.434370951775232,2.2894263707744904
35,9300.0,155.0,2.5833333333333335,25.89817653647881,25.743056561235377,0.0011076002877138866,72.46554086370378,72.89752612772615,72.45238618504335,1.0001815630837447,0.0001815630837448263,624.568753889019,593.320614252272,175.15505512672152,176.7984886615216,3.5658049003333354,3.355914514564526,260219.46680650278,144855957408.41284,145422546122.65366,87014337.54378511,23741808.89895417,51971.28552485752,20839.237603069043,3849.984380300321,30.82908392620195,8.449377081722895,2.2937862414936383
35,9360.0,156.0,2.6,25.831720519216002,25.955550690561168,0.0011076002877138866,72.10707617575183,72.2365023032889,72.09417385635315,1.000178964799907,0.00017896479990719554,624.9544096582874,636.0122675919831,175.2835228451947,171.69978004564592,3.5653916552682987,3.704211312460045,253347.34080501518,144871353298.9886,154518704325.22543,87068687.12353404,23759605.782552537,52029.7431377815,20882.296424444652,3855.271610929016,30.878461756424247,8.464063326107347,2.298055391763198
35,9420.0,157.0,2.6166666666666667,25.765264501953197,25.878483758279785,0.0011076002877138866,71.75625402986573,71.48004200621355,71.74360069922761,1.0001763687703822,0.00017636877038222686,625.3309555393308,629.0272338000406,175.4091101617522,173.97378362036594,3.564985621115611,3.615643809717113,246547.16660170793,144886334751.83124,145117217163.33853,87121754.71707799,23777004.309813112,52086.867811534496,20924.43722274929,3860.4456102068343,30.926743806312402,8.478431694391944,2.3022343230509197
35,9480.0,158.0,2.6333333333333333,25.69880848469039,25.745183794073554,0.0011076002877138866,71.41304472346108,71.19517853440867,71.40063748448641,1.0001737693025132,0.00017376930251316192,625.6984763348777,602.9095617331125,175.5318401119709,179.1148543725623,3.564586777736437,3.366050034460286,239804.64096157736,144900906187.83417,138945307022.73853,87173552.13645765,23794007.622880846,52142.67015134511,20965.663565860956,3865.507073865119,30.973937494011075,8.492484075591587,2.306323503651468
35,9540.0,159.0,2.65,25.63235246742758,25.56853893416196,0.0011076002877138866,71.07742028673583,70.88640961001309,71.06525683549862,1.0001711589006899,0.00017115890068996497,626.057052775132,603.9519134655384,175.651734501046,177.88734023600975,3.56419510774261,3.3951371281635496,233101.33219109554,144915071885.65958,137801678067.75977,87224090.62365378,23810618.694738127,52197.16019752606,21005.97881351564,3870.456652873052,31.020049800180168,8.506222236876063,2.3103233682765945
35,9600.0,160.0,2.6666666666666665,25.565896450164765,25.75060585576645,0.0011076002877138866,70.74935448267024,71.60684881372745,70.73743324812125,1.000168527949087,0.0001685279490871174,626.4067615177725,625.8779244301155,175.76881390379114,177.99444421984296,3.5638105964613414,3.516277865712969,226414.1811903108,144928835981.73834,141123569225.1204,87273380.8502099,23826840.329073112,52250.34742256143,21045.386117307306,3875.2949531603317,31.06508726361214,8.51964782223061,2.31423431766205
35,9660.0,161.0,2.683333333333333,25.499440432901945,25.421163159261532,0.0011076002877138866,70.42882280702699,70.7244175165335,70.41714311182409,1.0001658643717533,0.00016586437175323832,626.7476751479539,632.687707868742,175.88309766463829,179.52079189152187,3.563433231901527,3.524314377195111,219715.0371929829,144942202470.27008,157516001010.00104,87321432.9168703,23842675.16015337,52302.240728318124,21083.888420687876,3880.0225353516425,31.109055977035386,8.532762351172764,2.318056718190988
35,9720.0,162.0,2.7,25.432984415639112,25.36271369326054,0.0011076002877138866,70.11580248835108,70.17999439606814,70.10436473205453,1.0001631532692759,0.00016315326927589458,627.0798621783058,634.6762925709908,175.99460389763766,181.5581775889724,3.5630630047216063,3.4957185680053895,212970.2481950504,144955175203.2232,145235511778.13577,87368256.35323197,23858125.652704496,52352.848443378156,21121.488458967266,3884.6399145126506,31.15196158309948,8.545567217524521,2.3217909015336184
35,9780.0,163.0,2.716666666666667,25.36652839837628,25.312410374747106,0.0011076002877138866,69.81028220190771,69.71058413518784,69.79907835388664,1.000160515701429,0.00016051570142895283,627.4033840588023,607.9365576653278,176.10334790410525,175.02462114578128,3.562699923231707,3.4734345013034824,206498.24295516082,144967757780.3377,130234511652.21555,87413859.71594149,23873193.88973835,52402.177887951744,21158.187592473976,3889.147494493159,31.1938089057594,8.558063550555744,2.3254371169587396
35,9840.0,164.0,2.7333333333333334,25.300072381113445,25.236684224645256,0.0011076002877138866,69.51223812236428,69.83535430957258,69.50126618698852,1.0001578666976547,0.00015786669765475582,627.7183177854752,623.2175673652955,176.20934972324238,176.87550005383787,3.562343988961886,3.523481585497137,200076.7398190914,144979954573.5688,150581872553.7202,87458253.76616809,23887882.61555064,52450.2387451674,21193.988683109823,3893.5458745676515,31.23460477860248,8.570253060179057,2.3289957775948715
35,9900.0,165.0,2.75,25.233616363850615,25.172127918781417,0.0011076002877138866,69.22165535778424,69.26219787742102,69.2109124319789,1.000155220115266,0.00015522011526584038,628.0247204219305,595.694743541789,176.31262375012264,168.17032736405338,3.5619952052440245,3.5422107626170884,193743.08796201827,144991769038.59314,139731632378.29364,87501446.4361983,23902193.785366695,52497.03774078991,21228.893519696016,3897.8354308984035,31.274353586962203,8.582136776367914,2.3324671112416224
35,9960.0,166.0,2.7666666666666666,25.16716034658778,25.103578014388205,0.0011076002877138866,68.9385189714782,69.27548677974806,68.92800330818959,1.000152560103063,0.000152560103062866,628.3226495945222,631.0901289402432,176.4131843430534,175.24098287699462,3.5616535801127247,3.6012701970703898,187459.46733534028,145003204759.3028,139878359340.37122,87543445.74642098,23916129.35228342,52542.5816957393,21262.903896429474,3902.0165392046183,31.31305981060622,8.593715749528732,2.335851349229432
35,10020.0,167.0,2.783333333333333,25.100704329324948,25.172788333395555,0.0011076002877138866,68.66281732624844,68.84910366796095,68.6525270829217,1.000149888777063,0.00014988877706309606,628.6121590905145,631.1525754832127,176.51104448342534,176.96203215127994,3.561319128387698,3.5665988224166516,181233.95110208777,145014265237.72366,148399342833.86642,87584259.18247406,23929691.080755133,52586.87686687682,21296.021211171785,3906.089520563168,31.35072747059538,8.604990891431086,2.3391486816602
35,10080.0,168.0,2.8,25.034248312062118,25.129031050398105,0.0011076002877138866,68.39454052277645,68.57957873003008,68.38447410221886,1.0001472033044012,0.0001472033044013102,628.8932991020565,632.9323416938662,176.6062160698727,172.61258667765463,3.560991867088305,3.666779774732394,175062.50084358963,145024953832.2919,145172952006.90793,87623893.72577164,23942880.58612279,52629.92900840507,21328.246653030285,3910.054656203369,31.387360193955363,8.61596300365899,2.3423592682303656
35,10140.0,169.0,2.816666666666667,24.97899288880824,25.147072814684385,0.00029356037427793997,68.17155590645736,68.40623709690031,68.16724566751243,1.0000632303520953,6.323035209531356e-05,629.1259432587661,640.1561242050085,176.6854509789496,174.49631581726365,3.560711647580539,3.668593925360544,32341.061787099898,145033604810.51074,131281575532.15564,87656692.16667888,23953861.724771522,52665.65007564602,21355.031591927473,3913.3654491078355,31.41780298479342,8.625101627620927,2.3450391342680716
35,10200.0,170.0,2.8333333333333335,24.961377283807764,24.946000249616098,0.00029356037427793997,68.10339835059106,67.93945000618179,68.09906971281721,1.0000635638312256,6.356383122569727e-05,629.1945996233343,620.1961627721124,176.7103302194337,179.91895421268237,3.5605988560036015,3.447086303308422,32695.627241786628,145035563512.91144,141244875304.67917,87666371.56123307,23957309.7459296,52676.451872939724,21363.218685725224,3914.430640379328,31.427130690824843,8.627963746901262,2.3458959124662924
35,10260.0,171.0,2.85,24.94376363565818,24.88433989229251,0.00029356037427793997,68.03574943896517,68.2839733939357,68.03142187432518,1.000063611262572,6.361126257198816e-05,629.2627102724712,643.2201864531,176.7350203631254,177.07694207459042,3.5604868179468223,3.6324333304906253,32756.89552403895,145037504372.40802,150588932013.39645,87675974.02898261,23960731.613998014,52687.16972159977,21371.344681115723,3915.487980796125,31.436387138806325,8.630804459842679,2.3467464073602686
35,10320.0,172.0,2.8666666666666667,24.92615001285815,24.857209578765204,0.00029356037427793997,67.96856615368543,67.87926748987518,67.96429457490386,1.000062850336464,6.285033646397582e-05,629.3303217456626,657.9305334709385,176.75953877354507,175.49644001640445,3.56037544628314,3.7489679757004684,31989.973612743514,145039428607.1204,149398740088.2058,87685506.16598357,23964129.699016787,52697.8110196905,21379.41474541359,3916.5382016005397,31.445578730473844,8.63362573264397,2.3475912066035365
35,10380.0,173.0,2.8833333333333333,24.908536389879078,24.93119173807111,0.00029356037427793997,67.90193508609966,67.16871203607515,67.89768765592984,1.0000625563302146,6.255633021459982e-05,629.3973458560407,630.7990282350727,176.7838547159405,182.79399416180476,3.5602648605403915,3.450873925741263,31703.24738848067,145041333279.85547,143357739254.72156,87694955.54095522,23967499.741814792,52708.36205478209,21387.418477255724,3917.580001357322,31.454693688952073,8.636424000371544,2.3484292562503555
35,10440.0,174.0,2.9,24.890922767181912,24.99498636075773,0.00029356037427793997,67.83582146470694,67.94635519601233,67.83160106980115,1.000062218712801,6.22187128008886e-05,629.463818293499,659.1352883992608,176.807980677821,176.9071651287161,3.560155010426289,3.7258823740670985,31373.610393859828,145043219547.78778,148027873986.93475,87704327.18217134,23970843.471507087,52718.82835668347,21395.360053398992,3918.6139056453253,31.463736743929772,8.639200694365815,2.34926097936168
35,10500.0,175.0,2.9166666666666665,24.873309144833144,24.95358142006783,0.00029356037427793997,67.77022473481063,67.80570603140889,67.76603477832477,1.0000618297425778,6.182974257776403e-05,629.5297394571329,622.3728025042988,176.83191682403188,176.7689363503583,3.5600458942238773,3.5208267660260617,30993.972564926386,145045087419.56863,138874758466.83936,87713621.14349246,23974160.909962423,52729.20996536152,21403.239540473627,3919.6399185852533,31.47270791238249,8.641955819524432,2.3500863772709444
35,10560.0,176.0,2.933333333333333,24.85569552238587,24.701672413364903,0.00029356037427793997,67.70515135044299,67.65305102249965,67.70098875238533,1.0000614850408298,6.148504082984326e-05,629.5951041536235,621.9961723248985,176.85566093061135,173.4218119705669,3.55993752668535,3.586608658145398,30660.545524692156,145046936856.13437,143177128571.4394,87722836.69361809,23977451.74966739,52739.50599660254,21411.05616322049,3920.6579379002324,31.48160639162213,8.644689113891896,2.3509053673893314
35,10620.0,177.0,2.95,24.83808189994132,24.908607407880456,0.00029356037427793997,67.64059984967923,67.89474908944541,67.63646297594745,1.0000611633658794,6.116336587932164e-05,629.659913559327,645.2578514081598,176.8792135013166,180.6593143966584,3.5598299036683594,3.5716832733651454,30351.55526246402,145048767866.33347,147699313815.02448,87731973.99581495,23980716.059345014,52749.71662217031,21418.810097246165,3921.667983088946,31.490432316895586,8.647400620965772,2.351717963232081
35,10680.0,178.0,2.966666666666667,24.82046827756994,25.083656903787237,0.00029356037427793997,67.576569215128,67.30139443924612,67.57245744392982,1.000060849810022,6.0849810021997244e-05,629.7241684929004,622.3296790035988,176.90257488672523,179.6163747502332,3.559723022099182,3.464771404438953,30051.944197932462,145050580456.3238,143057861602.5149,87741033.16313456,23983953.886598185,52759.84195478189,21426.501464759825,3922.6700668442113,31.49918577118832,8.650090367229513,2.352524172963111
35,10740.0,179.0,2.9833333333333334,24.802854655173768,24.655017872266733,0.00029356037427793997,67.51305870713058,67.40770762928084,67.50897216176818,1.0000605333666257,6.053336662578078e-05,629.7878715159501,649.6026009646438,176.92574559343927,175.51047491368578,3.5596168856235906,3.7012184103775665,29750.78159628043,145052374814.55646,144048172517.30106,87750014.55766296,23987165.30209478,52769.88232857168,21434.130354609366,3923.664203400489,31.5078670033376,8.652758409622532,2.3533240084783413
35,10800.0,180.0,3.0,24.785241032750793,24.749379437977097,0.00029356037427793997,67.45006831051724,67.48700686470653,67.44600714643528,1.0000602135582783,6.021355827844881e-05,629.8510226810122,630.0703834691793,176.94872563184873,181.89643959799437,3.559511493693664,3.463896186542656,29447.64642747131,145054150944.8965,148323656924.4688,87758918.18499556,23990350.30656633,52779.83772834085,21441.696768616977,3924.65039020484,31.516475982405183,8.655404737042362,2.3541174659949062
35,10860.0,181.0,3.0166666666666666,24.767627410329563,24.80342099378535,0.00029356037427793997,67.38759824084204,67.37335110594918,67.38356242624693,1.0000598931616227,5.9893161622769005e-05,629.913621241574,630.4215135972844,176.97151485431772,182.1611963022697,3.559406844429831,3.460789270131893,29145.294381139236,145055908792.4248,146188748798.83865,87767743.93720232,23993508.878473986,52789.708027727276,21449.200680890273,3925.6286193714027,31.525012588498466,8.658029316769248,2.354904536754714
35,10920.0,182.0,3.033333333333333,24.750013787899164,24.753133573762263,0.00029356037427793997,67.32564911301618,67.62943138555246,67.32163804067014,1.0000595807301007,5.958073010081322e-05,629.9756765137124,607.1021510151604,176.9941146771425,181.9338922871663,3.559302961360382,3.3369381778349703,28852.02185585671,145057649091.593,150042226181.14117,87776493.14032653,23996641.21927759,52799.49448675336,21456.64201756605,3926.5989299836715,31.533477802895717,8.660632362525854,2.3556852618781843
35,10980.0,183.0,3.05,24.73240016546107,24.66333570614955,0.00029356037427793997,67.26422084405596,67.42662105627247,67.2602340405605,1.0000592743030459,5.9274303045789135e-05,630.0371872402009,632.8007897616457,177.01652490919054,174.4133283676593,3.5591998405991183,3.6281676158814893,28565.83005845603,145059371743.2851,146240276117.30396,87785165.61339805,23999747.300996333,52809.19691070149,21464.020788612324,3927.5613135565172,31.541871452771982,8.66321383167695,2.356459631275781
35,11040.0,184.0,3.066666666666667,24.714786543021702,24.67572204808429,0.00029356037427793997,67.20331307175694,66.81024659060647,67.19935048819232,1.0000589675872733,5.8967587273200576e-05,630.0981479335411,629.2724256032785,177.0387447162134,171.61138936270714,3.5590974673005356,3.6668453529811327,28280.602762934934,145061076314.88312,132010195379.92255,87793760.57246837,24002827.003839478,52818.81452268192,21471.33703753713,3928.515742576939,31.550192903362714,8.665773578986167,2.3572276143690196
35,11100.0,185.0,3.0833333333333335,24.697172920581075,24.607011601033488,0.00029356037427793997,67.14292579611914,66.90708462117354,67.13898745727528,1.000058659491199,5.8659491199099904e-05,630.1585585937335,611.7033591454298,177.060774098211,179.46960118788692,3.5589958408529316,3.40839537780572,27995.30621813015,145062762806.38705,142110075263.9358,87802278.01576519,24005880.32711087,52828.34730118724,21478.59076434047,3929.4622142589965,31.558442119470293,8.668311592453577,2.357989207213946
35,11160.0,186.0,3.1,24.679559298139175,24.585400141382703,0.00029356037427793997,67.08305901714257,66.91102706724834,67.07914503303249,1.0000583487477093,5.834874770925311e-05,630.2184192207775,645.7039420444785,177.08261305518343,184.21065445363578,3.5588949606497255,3.5052475328293053,27708.76050941256,145064431217.79688,145074714857.41757,87810717.94153324,24008907.270120993,52837.7952249004,21485.78196902234,3930.4007258402303,31.566619066201767,8.670827860181202,2.358744405899478
35,11220.0,187.0,3.1166666666666667,24.661945675696014,24.775576853828632,0.00029356037427793997,67.02371273482723,67.12880989047092,67.01982331226179,1.0000580339125533,5.803391255321927e-05,630.2777298146736,619.2258910458742,177.10426158713065,182.7474283160276,3.5587948260894535,3.3884246511805274,27419.642667723023,145066081549.1128,134126407412.44649,87819080.34803489,24011907.83218693,52847.15827269523,21492.910651582744,3931.3312745816534,31.574723708969405,8.673322370373153,2.3594932065474294
35,11280.0,188.0,3.1333333333333333,24.64433205325158,24.740726409658137,0.00029356037427793997,66.96488694917309,66.98103896698532,66.9610224033894,1.0000577133628636,5.771336286360808e-05,630.3364903754217,613.5242623727869,177.12571969405266,174.4884559454369,3.558695436575756,3.5161309614925917,27126.490375755275,145067713800.33456,144183616737.4459,87827365.23354937,24014882.012632325,52856.43642363593,21499.97681202168,3932.2538577677246,31.582756013490272,8.675795111335553,2.360235605312492
35,11340.0,189.0,3.15,24.626718430805884,24.700276741048647,0.00029356037427793997,66.90658166018018,67.05549738287584,66.9027424265343,1.0000573852955295,5.73852955294451e-05,630.3947009030218,618.2545526679708,177.14698737594946,178.27854132972874,3.55859679151737,3.467913457540019,26827.706162814764,145069327971.46228,139899484366.33246,87835572.59637353,24017829.810787495,52865.62965697734,21506.980450339146,3933.1684727063916,31.590715945786666,8.678246071476632,2.3609715983822817
35,11400.0,190.0,3.1666666666666665,24.60910480835892,24.612807619343812,0.00029356037427793997,66.84879686784848,67.16027480863495,66.84498351356225,1.0000570477257347,5.704772573470606e-05,630.4523613974735,607.4554615362595,177.16806463282109,177.6308005317987,3.558498890328115,3.419764251006206,26521.56255268238,145070924062.49597,138937533332.93475,87843702.43482125,24020751.225989368,52874.737952164665,21513.921566535144,3934.0751167290477,31.598603472185868,8.68067523930672,2.3617011819773217
35,11460.0,191.0,3.183333333333333,24.59149118591069,24.649129944583596,0.00029356037427793997,66.79153257217801,67.17559607913321,66.7877458081525,1.0000566984853239,5.6698485323901955e-05,630.5094718587775,625.2862738709919,177.18895146466747,174.03478218554758,3.5584017324268933,3.5928810667533195,26206.20803728648,145072502073.4356,141752631916.3606,87851754.74722397,24023646.257581424,52883.76128883389,21520.800160609673,3934.9737871905495,31.606418559320645,8.683082603438308,2.36242435235107
35,11520.0,192.0,3.2,24.573877563461192,24.63598854832508,0.00029356037427793997,66.73478877316876,66.54479952118642,66.73102946585587,1.0000563352213052,5.6335221305312416e-05,630.5660322869331,637.4110093354512,177.20964787148867,180.34703097985067,3.5583053172376693,3.5343582085732597,25879.67438127038,145074062004.2812,151047556577.42032,87859729.53193012,24026514.90491383,52892.69964681116,21527.616232562737,3935.8644814692084,31.614161174128714,8.685468152586028,2.3631411057899196
35,11580.0,193.0,3.216666666666667,24.55626394101126,24.377744838095754,0.00029356037427793997,66.67856778632299,66.30120248073034,66.67483465416062,1.000055990122536,5.599012253619231e-05,630.6220489072824,646.9208481862552,177.23015435326738,176.8029634840377,3.558209669277176,3.658993239921916,25571.59704259248,145075604463.48428,149032580177.91898,87867627.6771555,24029357.241548672,52901.55381540248,21534.369504255927,3936.7472010485735,31.62183190000079,8.687831987581927,2.3638514519627982
35,11640.0,194.0,3.2333333333333334,24.53865031856219,24.64646492481998,0.00029356037427793997,66.62287325015178,66.5918685650108,66.61916155255126,1.000055715165337,5.571516533714335e-05,630.677531502141,604.5682688865044,177.25047169566153,176.90668874028722,3.5581148273896406,3.417441551766636,25328.925342432343,145077130407.1478,145014933728.47968,87875450.57962555,24032173.383474,52910.32504675305,21541.059538630845,3937.621949766019,31.629431673011812,8.69017427342884,2.364555408204393
35,11700.0,195.0,3.25,24.521036696112315,24.323509039900287,0.00029356037427793997,66.56770049072614,66.53030916034106,66.5640103525674,1.000055437437426,5.543743742602186e-05,630.7324675054214,647.4345284670608,177.27059888943708,177.11100427121238,3.55802074036432,3.6555296557160046,25084.75165584418,145078638607.089,137701660159.74988,87883196.44159102,24034963.18028961,52919.011687872364,21547.68689712041,3938.488716829527,31.636959217558882,8.692494773093424,2.36525294395748
35,11760.0,196.0,3.2666666666666666,24.503423073661633,24.516116851446974,0.00029356037427793997,66.51304950804601,66.72295329385436,66.5093812578767,1.0000551538760387,5.5153876038769025e-05,630.7868569171231,641.0109887074686,177.290535934594,179.28715335001678,3.5579274076413925,3.575331398430108,24836.356238084772,145080129063.30783,148667320753.72272,87890865.2614891,24037726.63137895,52927.61371943,21554.25157972463,3939.3474997106027,31.644414501911935,8.694793475721513,2.3659440556420956
35,11820.0,197.0,3.283333333333333,24.48580945121014,24.567563424245133,0.00029356037427793997,66.45892030211144,66.29974244263464,66.45527448433931,1.0000548612250932,5.486122509332987e-05,630.8406997372465,611.6351956895899,177.31028283113227,180.91912518886713,3.557834828666141,3.380710552580247,24580.900829538994,145081601775.8043,148457808885.10107,87898457.0377737,24040463.736131914,52936.13112228439,21560.753586443498,3940.1982959042116,31.651797494644303,8.697070370560834,2.366628739711234
35,11880.0,198.0,3.3,24.46819582875784,24.704422258491796,0.00029356037427793997,66.4053128729224,66.82800924267431,66.4016902600725,1.0000545560336749,5.4556033674847223e-05,630.8939959657913,645.2494477034934,177.3298395790519,173.23071616898528,3.5577430028889463,3.724798130338833,24315.43571180993,145083056744.5784,153643920003.41925,87905971.76891574,24043174.49394492,52944.56387748246,21567.192917277018,3941.0411029287743,31.659108164632638,8.699325446960996,2.367306992650867
35,11940.0,199.0,3.316666666666667,24.45058220630473,24.575891043220867,0.00029356037427793997,66.3522272204789,66.13002919141813,66.3486288255164,1.000054234654524,5.423465452402912e-05,630.9467456027576,636.7564215359807,177.34920617835294,169.5949043652195,3.5576519297652784,3.754572838843893,24036.909104629074,145084493969.63016,146181215737.71707,87913409.45340297,24045858.904220797,52952.91196625985,21573.569572225188,3941.875918326165,31.666346481057044,8.701558694373542,2.3679788109799427
35,12000.0,200.0,3.3333333333333335,24.432968583850815,24.611335901090722,0.00029356037427793997,66.29966334478092,66.09319832044531,66.29609043350341,1.0000538932424847,5.389324248463063e-05,630.9989486481454,640.3760533646741,177.36838262903535,175.13727655529846,3.557561608755688,3.6564234979552146,23742.179260943398,145085913450.95953,135880809691.10791,87920770.0897399,24048516.96636892,52961.17537004083,21579.883551288003,3942.7027396617136,31.67351241340113,8.703770102351966,2.368644191250406
35,12060.0,201.0,3.35,24.41535496139609,24.447730953121788,0.00029356037427793997,66.2476212458285,66.02386597141516,66.24407534932547,1.0000535277530003,5.352775300022941e-05,631.0506051019547,655.1966243187651,177.3873689310991,177.60924188980647,3.557472039325798,3.688978216151988,23428.029764734274,145087315188.56656,136024464379.37567,87928053.67644802,24051148.679805048,52969.354070438116,21586.134854465472,3943.5215645241947,31.680605931452043,8.705959660551686,2.3693031300471983
35,12120.0,202.0,3.3666666666666667,24.39774133894056,24.30904037403438,0.00029356037427793997,66.1961009236216,66.46179923342167,66.19258385080593,1.0000531339405574,5.313394055738732e-05,631.1017149641856,625.2197697789817,177.40616508454423,175.4237569673147,3.5573832209462926,3.564054154281246,23091.18839271071,145088699182.45123,151008861636.537,87935260.21206558,24053754.04395148,52977.44804925309,21592.323481757594,3944.3323905258385,31.68762700530052,8.70812735873018,2.3699556239882806
35,12180.0,203.0,3.3833333333333333,24.38012771648422,24.316003948105706,0.00029356037427793997,66.14510237816025,66.79589579415611,66.14161622836544,1.0000527073572374,5.270735723743809e-05,631.152278234838,624.1261582523758,177.42477108937075,182.7007826852083,3.5572951530929124,3.416111026342669,22728.350163642306,145090065432.6136,148297426880.44238,87942389.69514763,24056333.05823698,52985.45728847565,21598.449433164365,3945.1352153023163,31.694575605340912,8.710273186746907,2.3706016697246275
35,12240.0,204.0,3.4,24.362514094027077,24.421979074001307,0.00029356037427793997,66.09462567900907,66.30175881173129,66.09117278509821,1.000052244403683,5.224440368290236e-05,631.2022949016676,626.4117235995461,177.4431869293147,177.84708132538728,3.557207835503484,3.5221928801489266,22337.10489093164,145091413941.64606,149974305119.37103,87949442.12262726,24058885.71987561,52993.381767181985,21604.512700329666,3945.930035695168,31.70145169901117,8.712397133042177,2.3712412633481605
35,12300.0,205.0,3.4166666666666665,24.34490047157016,24.390689731733307,0.00029356037427793997,66.0446807826316,65.96085910144981,66.04125383684185,1.000051890986174,5.1890986173908004e-05,631.2517639888478,632.3222459289487,177.46141039851588,171.92797613793502,3.5571213063802345,3.6778321953935342,22042.038798087255,145092745141.29956,147210116251.31674,87956417.36886668,24061411.727753192,53001.22113048026,21610.512087281917,3946.7167360338353,31.708254875492603,8.714498988987533,2.3718743206978328
35,12360.0,206.0,3.433333333333333,24.327286849113456,24.214848706004197,0.00029356037427793997,65.9952614269997,66.1503211379022,65.99185971224797,1.0000515474903506,5.154749035054752e-05,631.3006908546562,634.7929865585331,177.47944359869203,177.47326412378797,3.5570355532673568,3.5768372757023488,21757.16207762987,145094059143.9679,139701794495.3829,87963316.18505433,24063911.372016042,53008.97622003629,21616.44834621668,3947.4954058883964,31.714985857458892,8.716578982655754,2.372500911671193
35,12420.0,207.0,3.45,24.309673226656617,24.279766023049508,0.00029356037427793997,65.94636953518203,65.11479702672746,65.9429907528581,1.0000512379296929,5.1237929692908674e-05,631.3490743275245,626.4486210397733,177.49728569967832,177.8802230527664,3.5569505856881323,3.5217440718743847,21502.468385988614,145095356058.60266,148642959939.2392,87970138.40617271,24066384.53712386,53016.646773561195,21622.321246134718,3948.2660014280204,31.72164437609895,8.7186370135185,2.373121001237249
35,12480.0,208.0,3.466666666666667,24.292059604199796,24.193077131472133,0.00029356037427793997,65.89800317801577,65.79922645968978,65.89464731317526,1.0000509277305114,5.092773051148525e-05,631.396915288589,647.5756501410539,177.51493736493248,175.12128556699307,3.556866394801317,3.6978694397108125,21248.60844193946,145096635804.04254,142043078742.2548,87976884.15360105,24068831.314097032,53024.23295754845,21628.131018767304,3949.02855326458,31.728230583318265,8.7206731418329,2.373734611060477
35,12540.0,209.0,3.4833333333333334,24.27444598174301,24.343276341592464,0.00029356037427793997,65.85016201882925,65.59930068109416,65.84682976074615,1.000050606203749,5.0606203749112494e-05,631.444213886685,621.3807985526638,177.53239870725034,181.43028749771034,3.556782978682849,3.424901140392591,20986.728550758085,145097898366.656,137366132451.91788,87983553.44674197,24071251.717969246,53031.73478614447,21633.87770455547,3949.7830647461083,31.734744481755847,8.722687369901001,2.374341742196497
35,12600.0,210.0,3.5,24.256832359286264,24.11120160662568,0.00029356037427793997,65.80284605762246,65.48016440608089,65.79953847623078,1.000050267546981,5.026754698098361e-05,631.4909701218131,631.0678752512118,177.54966972663186,178.9706679007005,3.556700336835893,3.526096665188462,20712.222012920476,145099143746.44302,142751403794.41638,87990146.28429537,24073645.748223923,53039.15224273053,21639.56130349923,3950.5295336640634,31.741186044012288,8.724679688300155,2.3749423915199612
35,12660.0,211.0,3.5166666666666666,24.23921873682956,24.097812265897183,0.00029356037427793997,65.75605529439542,65.94292720838557,65.75277385348289,1.0000499057411607,4.9905741160712736e-05,631.5371839939729,642.0422540429014,177.56675042307708,175.51708705217538,3.5566184687687823,3.6580042708436906,20420.44082777268,145100371943.40375,145995198042.6911,87996662.66497728,24076013.404350758,53046.48531087447,21645.181815598575,3951.2679578335424,31.747555242990394,8.726650087709917,2.3755365559388197
35,12720.0,212.0,3.533333333333333,24.221605114372892,24.255230653777147,0.00029356037427793997,65.70978972914811,65.16408237850145,65.70653629962838,1.0000495145491295,4.9514549129402886e-05,631.5828555031645,629.1046617198771,177.58364079658597,181.3128956555766,3.5565373739950186,3.4697182428487006,20106.720576161755,145101582957.53796,136678242903.42227,88003102.58751991,24078354.685845673,53053.733974331,21650.73924085351,3951.9983350932625,31.753852051895535,8.728598558912081,2.3761242323943246
35,12780.0,213.0,3.55,24.203991491916266,24.29133350228667,0.00029356037427793997,65.66404936188054,65.64763604319569,65.6608262351436,1.0000490875141503,4.9087514150347805e-05,631.6279846493878,628.9649341172777,177.60034084715852,185.89780599343456,3.5564570520332612,3.3833908407692084,19766.41282532879,145102776788.84586,146887253040.8275,88009466.05067176,24080669.592210878,53060.898217041424,21656.233579264026,3952.72066330557,31.76007644423557,8.730525092790703,2.3767054178610394
35,12840.0,214.0,3.566666666666667,24.186377869459577,24.17623308117595,0.00029356037427793997,65.61884342233618,65.24487837152843,65.61564409393603,1.0000487586221904,4.8758622190419266e-05,631.6725694271724,638.1423634950241,177.61684790477628,175.8391523600197,3.5563775445774373,3.6291255669184954,19507.31580712816,145103953929.59525,138685777795.17313,88015752.77906781,24082957.756281532,53067.97747744311,21661.66372215224,3953.434802996509,31.766227812299082,8.732429417994751,2.377280008512219
35,12900.0,215.0,3.5833333333333335,24.168764247002883,24.087071133096135,0.00029356037427793997,65.57416706046043,65.67604987174926,65.5709903234252,1.0000484472938345,4.844729383450523e-05,631.7166108903548,630.7698306313636,177.6331633724831,183.7902847454096,3.556298828984392,3.4320085607632635,19263.770328980416,145105114121.10867,141938474120.2711,88021962.91555311,24085219.370256517,53074.972026496616,21667.030252107284,3954.1408242245525,31.7723064355625,8.734311663369226,2.377848054335149
35,12960.0,216.0,3.6,24.151150624546197,24.143040795744554,0.00029356037427793997,65.53001869331027,64.77357428271736,65.52686538462522,1.000048122379524,4.812237952378712e-05,631.7601093828825,625.7915717407238,177.64928770819932,179.51665452833674,3.556220897550629,3.485980581494975,19010.901673453674,145106257278.96008,149921361870.07703,88028096.5059451,24087454.496544793,53081.881942248525,21672.333359272467,3954.8387484677755,31.778312388085695,8.736171865056818,2.378409569681061
35,13020.0,217.0,3.6166666666666667,24.133537002089522,24.05332595217455,0.00029356037427793997,65.48639832088568,65.37861838402495,65.48326975222693,1.000047776610279,4.777661027908481e-05,631.8030649047553,639.1028544612225,177.665220911925,171.29870260830788,3.556143749811128,3.7309264152606985,18743.21905802314,145107383403.14935,141541713729.74533,88034153.5490617,24089663.13467507,53088.70720935174,21677.573043647793,3955.5285736724654,31.784245644514527,8.738010014318135,2.378964551644125
35,13080.0,218.0,3.6333333333333333,24.115923379632854,23.969682933742906,0.00029356037427793997,65.44330594318669,65.8658427198098,65.44020391468266,1.0000474024883552,4.7402488355255585e-05,631.8454774559733,626.689854891715,177.6809629836601,179.40363973676574,3.5560673853060956,3.493183615512152,18455.23095534997,145108492493.67657,135914770402.01622,88040134.04373707,24091845.284182325,53095.44781264693,21682.749305233257,3956.210297808796,31.790106179799572,8.739826102517018,2.3795129973522187
35,13140.0,219.0,3.65,24.098309757176196,24.06900792985255,0.00029356037427793997,65.40074156021329,65.43939439135883,65.39766837429217,1.0000469922857729,4.699228577287393e-05,631.8873470365364,646.8441019089385,177.69651392340458,180.4402993293188,3.555991803580959,3.5848095149099333,18141.481074150088,145109584550.5417,153278377511.99133,88046037.98882118,24094000.944607705,53102.10373716222,21687.86214402886,3956.8839188708,31.79589396919604,8.741620121120532,2.3800549039669168
35,13200.0,220.0,3.6666666666666665,24.08069613471955,24.035773246096902,0.00029356037427793997,65.35870517196547,65.50735827259564,65.35566364728737,1.0000465380428927,4.6538042892666626e-05,631.9286736464448,608.1005622959118,177.71187373115853,184.5060410750837,3.555917004186354,3.2958300918095613,17796.595616505347,145110659573.7447,153771855675.7712,88051865.38318034,24096130.115498647,53108.67496811328,21692.911560034605,3957.549434876405,31.801608988264032,8.743392061699005,2.380590268683529
35,13260.0,221.0,3.683333333333333,24.06308251226289,24.033349626747285,0.00029356037427793997,65.3172048447031,65.29336480014427,65.31419026391872,1.000046155066337,4.6155066337034825e-05,631.9694550932471,661.4982949183659,177.72703997253524,179.20734634353857,3.555843023047632,3.6912454116154407,17508.91560851511,145111717969.3237,137355766730.7661,88057615.92313775,24098232.461653903,53115.16094808793,21697.896584330385,3958.206719835434,31.80725064942601,8.745141672293254,2.3811189969639353
35,13320.0,222.0,3.7,24.045468889806223,23.91067693904148,0.00029356037427793997,65.27623817851428,65.26622619065736,65.27324876854638,1.000045798394048,4.5798394048008e-05,632.0096920292518,635.7206070610315,177.74201337182495,181.66040065220267,3.555769848894014,3.499500192549659,17243.263820383432,145112759616.47235,147974414279.68915,88063289.69762194,24100308.082234595,53121.561824077304,21702.817505193907,3958.8558086880266,31.81281909628675,8.746869017077687,2.3816411133370563
35,13380.0,223.0,3.716666666666667,24.02785526734956,24.074122755051167,0.00029356037427793997,65.23580325619206,65.29817944732258,65.23283971972636,1.0000454301311799,4.543013117982535e-05,632.0493849755659,638.1805196667498,177.7567945076383,178.06216099790686,3.5556974726409485,3.5840322058893332,16970.871266383954,145113784418.68253,141702625972.51456,88068886.77746662,24102357.056374114,53127.877710818866,21707.6745529203,3959.496728987591,31.818314439123228,8.748574145787902,2.3821566368894143
35,13440.0,224.0,3.7333333333333334,24.01024164489289,23.945599266578988,0.00029356037427793997,65.19590007773644,65.28580051020639,65.19296369030312,1.0000450414779005,4.50414779004681e-05,632.0885339321891,620.2558125033989,177.77138337997516,172.1513613683953,3.5556258938545784,3.60296780445484,16685.426250459514,145114792375.9543,148538853043.243,88074407.16160765,24104379.38364645,53134.10859423032,21712.467727509564,3960.1294788340574,31.82373665461809,8.750257050364787,2.3826655649336246
35,13500.0,225.0,3.75,23.99262802243622,23.8352389838234,0.00029356037427793997,65.15652864314742,64.8761767814938,65.15362126749844,1.0000446233930276,4.462339302755285e-05,632.1271388991216,648.7182076861025,177.7857799888356,175.39695777853157,3.555555112106363,3.698571605245396,16380.67547082649,145115783488.28766,144432533537.68936,88079850.84899679,24106375.063631766,53140.25446041826,21717.1970289617,3960.754056351606,31.829085719761704,8.751917722853815,2.38316789481655
