batch_id,time_s,time_min,time_hr,T_celsius,T_meas_celsius,cooling_rate_degC_s,c_kg_m3,c_meas_kg_m3,cs_kg_m3,S_supersat_ratio,sigma_rel_supersat,mean_L1_um,mean_L1_meas_um,mean_L2_um,mean_L2_meas_um,aspect_ratio,aspect_ratio_meas,nucleation_rate_m3_s,mu00,mu00_meas,mu10,mu01,mu20,mu11,mu02,mu30,mu21,mu12
10,0.0,0.0,0.0,34.13968570455425,34.195495027099575,0.0014184652699743606,240.0,239.76505284548438,203.85829865468136,1.1772883497205067,0.17728834972050664,122.73088407024433,123.80032169425749,70.04587813476414,72.3636216376226,1.752149981389588,1.7108088137740805,22316324394.141476,156594695543.75354,172968792338.43152,19219005.42479562,10968812.960608253,2371.135404330862,1346.6063488853079,770.1214432269423,0.2939999219985868,0.16618526184198326,0.0945525997765274
10,60.0,1.0,0.016666666666666666,34.05457778835577,33.84011232299611,0.0014184652699743606,201.39327176637173,201.41082437977704,201.1442151747183,1.0012381991271142,0.0012381991271142334,260.80902880836635,259.99281762631017,108.8634772409778,109.61429185477132,2.39574405868963,2.37188794660806,4837242.942231099,177956052270.3938,165625660465.46625,44356303.67813578,17936979.700978503,10968.658834526386,5984.051181753569,1776.1838916552435,2.685800278824635,1.091502756816054,0.43692604442090727
10,120.0,2.0,0.03333333333333333,33.96946987215731,33.9749649483873,0.0014184652699743606,198.71036995708593,198.70071417768935,198.47304362761793,1.001195761021901,0.0011957610219012127,265.8122814077426,266.8611323732459,110.64894532588106,107.24332276423868,2.4023028924937115,2.48837060895537,4754299.290365249,178243938791.88812,188020177406.73932,45221675.924940914,18240686.197206907,11379.42660482525,6306.321669355466,1833.3838072641774,2.8344180104332555,1.1491127048464427,0.45881403007626637
10,180.0,3.0,0.05,33.88436195595885,33.892598506346026,0.0014184652699743606,196.07037060343757,196.0412873900098,195.84413314555312,1.0011551913976218,0.0011551913976218515,270.5964980297056,277.0575270906211,112.35695150360333,111.9152048545796,2.4083645418327984,2.4756021976694242,4660290.90811461,178526377281.80872,179120733492.59375,46049754.75485085,18531436.75533984,11778.233912449967,6623.438708832747,1888.7867915217214,2.9809152675523634,1.2058202038834906,0.4803214254604314
10,240.0,4.0,0.06666666666666667,33.799254039760385,33.82872148936709,0.0014184652699743606,193.4727280517326,193.6770345531328,193.2568430603655,1.00111708847122,0.0011170884712199142,275.172454503139,271.8727221085681,113.99138314892828,116.69332915213907,2.413975924334822,2.3298051746738127,4563231.640907364,178803313812.67938,181766105497.0287,46842329.27951111,18809863.656261504,12165.092010166347,6935.467844172684,1942.4159368857067,3.1250355845540945,1.26153713559366,0.5014191383154365
10,300.0,5.0,0.08333333333333333,33.714146123561925,33.49281946348352,0.0014184652699743606,190.9170164102041,191.00199375732555,190.71054275921648,1.0010826546241247,0.001082654624124812,279.55055325486217,281.2573511812355,115.55599782206778,111.80181204883544,2.4191782211539716,2.5156779306795247,4475974.491012374,179074679414.7364,172802769616.79758,47601131.07981781,19076580.03947246,12540.08812229113,7242.460233545476,1994.3031691837537,3.2665708854254163,1.3161934296322024,0.5220847400363566
10,360.0,6.0,0.1,33.629038207363465,33.670322806502355,0.0014184652699743606,188.40216175295043,188.97703701587625,188.2046115424102,1.0010496565887586,0.0010496565887585946,283.7497487197104,286.39667849124635,117.05760364329426,117.43344246785993,2.4240180892850973,2.438799991489899,4382774.556998994,179340442641.87408,176336594866.75284,48329402.45066455,19332731.69456649,12904.212360159736,7544.544877059429,2044.6052030906492,3.4056903427754577,1.3698638906162022,0.5423507309174536
10,420.0,7.0,0.11666666666666667,33.543930291165005,33.40430024695199,0.0014184652699743606,185.92764307843007,185.168269262643,185.73843848336332,1.0010186614930743,0.0010186614930742409,287.77779547743154,300.57996277675676,118.49896588797716,117.6949038507519,2.428525796161647,2.5538910602103906,4290385.217192329,179600638784.30353,174671763833.05573,49028428.7756927,19578767.391593374,13257.51540840294,7841.784357482296,2093.342799907915,3.5422179912926053,1.4224884840026368,0.5621975411876469
10,480.0,8.0,0.13333333333333333,33.458822374966545,33.581260276356154,0.0014184652699743606,183.4927959778074,182.96541503590805,183.31142229069823,1.0009894292720152,0.0009894292720152072,291.64518839634627,296.4537596051899,119.88383598527697,119.35433223861399,2.4327315354854293,2.4838123094896756,4198644.375799219,179855294006.8792,185762697374.4024,49699983.22632401,19815309.636277646,13600.383471730018,8134.258483683218,2140.5826786486014,3.676128167302001,1.4740646186364332,0.5816272892973986
10,540.0,9.0,0.15,33.373714458768085,33.21031891985617,0.0014184652699743606,181.09694722370563,181.21578284007305,180.92297117245005,1.0009616028861794,0.0009616028861793927,295.36365578624367,287.7742840383214,121.2164182633299,122.52662217133647,2.436663778866962,2.3486674074464324,4106112.538859727,180104406463.19513,187248884856.3717,50346061.59183814,20043062.082401045,13933.403385985124,8422.048123815563,2186.41874605656,3.8074968582671804,1.5246283116968609,0.6006565875802361
10,600.0,10.0,0.16666666666666666,33.288606542569624,33.353101662655384,0.0014184652699743606,178.73954975601475,178.76803077282707,178.57250270233934,1.0009354578736787,0.0009354578736787213,298.9397758142663,299.05827476916744,122.49901116867757,118.6298919951391,2.4403443992101694,2.5209352359641484,4016518.609944496,180348103797.064,170171564976.83908,50967764.89312376,20262401.422557034,14256.720744759308,8705.218990805457,2230.878958413824,3.936234035210862,1.5741500807831643,0.6192764429155369
10,660.0,11.0,0.18333333333333332,33.20349862637116,33.242067468093026,0.0014184652699743606,176.41992697613537,176.34598927606373,176.25944368810895,1.0009104946927576,0.0009104946927575808,302.38503290030565,295.45230488890667,123.73573032650987,125.80165722831369,2.443797212837244,2.3485565404969115,3926802.479387598,180586388983.38382,180305657682.4663,51567057.89970572,20474020.83518196,14571.03048639621,8983.852357757936,2274.0698006326857,4.062494243244898,1.622694868853446,0.63751394498854
10,720.0,12.0,0.2,33.118390710172704,33.039712728949475,0.0014184652699743606,174.13752271558974,174.49467674450023,173.9832300418977,1.000886824975343,0.000886824975343144,305.7052279276019,307.651257299332,124.92860198265552,124.40248133674496,2.4470395335893103,2.473031518290629,3838975.3699103547,180819380013.89398,160170948442.48846,52144913.608977124,20678253.33796721,14876.51087846998,9258.01503169735,2316.021908622429,4.18622924664114,1.670248231448388,0.6553654076224238
10,780.0,13.0,0.21666666666666667,33.03328279397424,33.039605986334344,0.0014184652699743606,171.89175395370688,172.03369653379286,171.74330665263562,1.0008643556710568,0.0008643556710568294,308.90754812320193,320.08294260816035,126.0801606938777,122.78674190357937,2.4500884708834456,2.6068200657975886,3753169.432615655,181047169329.1655,167341298082.84454,52702552.95691108,20875522.008983154,15173.523021847208,9527.777045136732,2356.791182709927,4.307479034364057,1.716829363152633,0.6728398186433328
10,840.0,14.0,0.23333333333333334,32.948174877775784,33.11086642698444,0.0014184652699743606,169.68201823911093,169.16616971417758,169.53912726041915,1.0008428200675605,0.0008428200675605394,312.0001958344064,323.26308313057814,127.19331433860525,130.35132104328642,2.452960656436871,2.4799371463464532,3667891.241555183,181269827308.8819,184835093177.20264,53241379.31951508,21066316.49650836,15462.576388261952,9793.210764607717,2396.4538717170503,4.4263595646010625,1.7624863190713422,0.6899569934397899
10,900.0,15.0,0.25,32.86306696157732,32.8517262405081,0.0014184652699743606,167.5078023572364,167.02632882546484,167.37015433286766,1.0008224167858206,0.0008224167858205696,314.9868227797014,316.0265054304111,128.26930759588234,129.54779667434565,2.4556679121717893,2.439458744519071,3585590.9795572306,181487492327.0217,171710699699.32996,53761998.85020396,21250838.468882956,15743.744335250862,10054.377837505563,2435.0230866905467,4.54280774614891,1.8071974852622257,0.7067099246735298
10,960.0,16.0,0.26666666666666666,32.77795904537886,32.81002973909228,0.0014184652699743606,165.3685435790244,165.90696412868138,165.235858943449,1.000803001457576,0.0008030014575759369,317.87359815313647,330.107734830089,129.31030453636853,130.0120126040602,2.458223258330774,2.539055647383924,3505658.717369185,181700267278.0487,195816791769.31958,54265464.62613966,21429451.13676499,16017.391443170509,10311.345858912406,2472.5527912732496,4.656894770636633,1.8509927208747623,0.7231111008102717
10,1020.0,17.0,0.2833333333333333,32.6928511291804,32.57358302965964,0.0014184652699743606,163.26368680000124,163.18818441881717,163.13572065171593,1.0007844152572722,0.0007844152572722524,320.6658555219193,329.6643078687047,130.31818813263934,129.0439574994211,2.46063776758116,2.5546667527627833,3427279.570941639,181908239876.45923,173841796865.46262,54752683.81611609,21602469.352900147,16283.825821144412,10564.181508044316,2509.0892684312157,4.7686762090755055,1.8938958276755453,0.7391706965173452
10,1080.0,18.0,0.3,32.60774321298194,32.58835767887728,0.0014184652699743606,161.1926963026139,161.70202357757026,161.06922738547343,1.0007665580765779,0.0007665580765778275,323.36807209994976,335.1806943385038,131.2945216624429,130.10854326943604,2.462921285713096,2.576162071420575,3350085.574962892,182111517688.66998,179056923800.05637,55224416.181397416,21770153.62679456,16543.289358451846,10812.94913535811,2544.6685024313833,4.878185330393594,1.935921563376998,0.7548952479993247
10,1140.0,19.0,0.31666666666666665,32.52263529678347,32.80253473451767,0.0014184652699743606,159.1550508243126,159.448351367089,159.03587532485065,1.000749362363797,0.0007493623637970313,325.98413019805474,316.08431512846073,132.2406511221061,130.84808551692424,2.4650826159125088,2.4156586921371312,3273939.2509845668,182310216230.8948,162747849371.91943,55681319.29222198,21932727.63741327,16795.98160113953,11057.711354973882,2579.3199540347086,4.985442492240972,1.9770794122662063,0.7702891562275725
10,1200.0,20.0,0.3333333333333333,32.43752738058501,32.398095829915654,0.0014184652699743606,157.15025668601672,156.78136247904436,157.03516878823132,1.0007328797661919,0.0007328797661917478,328.51850338275256,334.16350952254527,133.15815367643194,134.70906139280706,2.4671302080459685,2.4806312661338783,3199697.501003772,182504418165.4543,182784269413.65244,56124156.05647711,22090455.934187695,17042.187741504582,11298.527467682099,2613.0855093807563,5.090512887168071,2.017396113890891,0.7853633949730424
10,1260.0,21.0,0.35,32.35241946438655,32.330477251387265,0.0014184652699743606,155.17781263907403,154.85426397764124,155.06662012007982,1.0007170628914728,0.0007170628914727798,330.97434914679656,332.30611905793916,134.0481229575382,134.8147873108276,2.4690711204634903,2.46490852885283,3127310.04359165,182694233693.93726,164105943450.83517,56553459.82465069,22243519.64865367,17282.067018550377,11535.457683531069,2645.988602473391,5.193409764511562,2.0568781028182364,0.8001210741117964
10,1320.0,22.0,0.36666666666666664,32.26731154818808,32.266322200246705,0.0014184652699743606,153.23722863079036,153.0040489585063,153.12974958057754,1.000701882230639,0.0007018822306390616,333.3550348252304,340.7325118322306,134.91173280827792,136.24818599803314,2.4709121133219663,2.500822373056397,3056845.3402939327,182879762285.11646,202232326277.82266,56969802.59290593,22392114.598262455,17515.817401968197,11768.56086770929,2678.057989037349,5.294168521401964,2.0955401915075336,0.8145684293685461
10,1380.0,23.0,0.38333333333333336,32.18220363198962,31.987747106569902,0.0014184652699743606,151.3280127531945,151.1247030423567,151.22408523712394,1.0006872418233352,0.0006872418233352739,335.6642843304416,337.8510939204658,135.75028458510056,138.24171116792266,2.472659894278283,2.4439157405254988,2987761.130536602,183061098508.68073,179376960701.56534,57373821.330937505,22536459.709570874,17743.691306231187,11997.896108261342,2709.3297029069217,5.392854029649936,2.1334082892644957,0.8287158089721565
10,1440.0,24.0,0.4,32.09709571579116,32.256236911402304,0.0014184652699743606,149.4496968045434,149.3579720563054,149.34916285762552,1.0006731470400925,0.0006731470400924245,337.9047300382977,344.5838325734684,136.56469232511353,132.28714325819288,2.4743198573893674,2.604817248951571,2920369.2643757192,183238340580.41373,183801302971.74576,57765961.24598746,22676706.61964862,17965.83427957114,12223.51964563685,2739.82482632131,5.489486267610749,2.170491029612105,0.8425669922811417
10,1500.0,25.0,0.4166666666666667,32.011987799592696,31.95074583929355,0.0014184652699743606,147.6018134458351,147.3220325125628,147.50452580560184,1.0006595569844512,0.0006595569844512031,340.079414887772,343.65925380093404,137.35601522760965,142.1722974870763,2.475897501279677,2.4172026468952104,2854553.43871465,183411582712.90112,183216706222.73166,58146742.01751642,22813033.127774615,18182.44936545403,12445.487616652863,2769.572122686459,5.584115282538589,2.206808371761326,0.8561299576335071
10,1560.0,26.0,0.43333333333333335,31.926879883394236,32.17781837459712,0.0014184652699743606,145.7839039194829,145.89128353354806,145.68972493706505,1.000646435309412,0.0006464353094120238,342.1911799144571,339.76244502865757,138.12524121117195,142.67238858639175,2.4773978811830646,2.3814169538692678,2790215.117883708,183580917706.60876,182266364546.91284,58516648.97445515,22945605.10773568,18393.72863662951,12663.855127325798,2798.5986658041875,5.6767896271253075,2.2423795843177228,0.8694123691592792
10,1620.0,27.0,0.45,31.841771967195776,31.90921764122312,0.0014184652699743606,143.99551994877055,144.4593470283432,143.90431849917758,1.000633764507863,0.0006337645078628667,344.2424437604172,346.3165525709006,138.87320936337883,140.62624528982028,2.4788254360829556,2.46267367700224,2727398.891900913,183746437591.7857,184625552009.1527,58876093.71128751,23074562.775446817,18599.826914253845,12878.676024708664,2826.926282082459,5.767543655984244,2.2772184309095818,0.8824197782740312
10,1680.0,28.0,0.4666666666666667,31.756664050997315,31.916080196650412,0.0014184652699743606,142.23623189381203,142.43456866360484,142.14787203066498,1.0006216052473018,0.000621605247301811,346.23550601915474,350.91457093406484,139.60071871069698,138.4577408144675,2.4801842656460784,2.5344525258742174,2666801.3554732394,183908226530.83966,186399099488.26053,59225467.78256768,23200039.75843262,18800.89532561019,13090.001917196172,2854.5762545344105,5.856412963211216,2.3113390874973456,0.8951578678294014
10,1740.0,29.0,0.48333333333333334,31.671556134798855,31.780801219880882,0.0014184652699743606,140.50558348068736,140.84221437220972,140.41995826396158,1.0006097795340805,0.0006097795340804009,348.1730421807246,340.9406427413773,140.30869888434367,140.5708478066558,2.4814786606190635,2.4254007716472943,2607053.596660666,184066377522.4472,201314861816.05328,59565231.17363863,23322193.284564815,18997.135246124242,13297.887612466406,2881.576449639892,5.943459192031512,2.344765501887534,0.9076359138974408
10,1800.0,30.0,0.5,31.586448218600395,31.577328909176504,0.0014184652699743606,138.80313411605206,139.19369394491565,138.72015702911062,1.0005981617143356,0.0005981617143356281,350.0574952075013,347.2987584695655,140.9979982955975,142.13112056541476,2.482712516766498,2.4435096063970305,2547237.0219865735,184220979323.16528,204149067924.0286,59895803.61610917,23441166.72719827,19188.730461226594,13502.38603464482,2907.95224876729,6.028738545698191,2.377519482172956,0.9198623581938206
10,1860.0,31.0,0.5166666666666667,31.501340302401935,31.589314109482274,0.0014184652699743606,137.12851251456684,137.27381168334753,137.04805515935666,1.0005870740384941,0.0005870740384941424,351.8901819491573,348.4153643472866,141.6690711546809,137.1580975379651,2.4838885374278146,2.5402464061653083,2490234.195526097,184372103558.73828,189268195624.22433,60217404.81666888,23557034.186710622,19375.74437811809,13703.541782570974,2933.7127231270947,6.112252800256425,2.4096021477758542,0.9318379024285424
10,1920.0,32.0,0.5333333333333333,31.416232386203475,31.508973298394075,0.0014184652699743606,135.4812801110534,135.71872457649988,135.40324639846875,1.0005763060684305,0.0005763060684306015,353.6730091453122,354.4392042782589,142.32257867512934,141.4520346040163,2.4850098448020606,2.5057200857554522,2434371.0459036212,184519833241.73206,191387840285.9469,60530360.585678704,23669906.654952016,19558.31233516919,13901.40753674676,2958.8765444355104,6.194039249326982,2.441028025939851,0.9435682155429921
10,1980.0,33.0,0.55,31.331124470005015,31.44893965485211,0.0014184652699743606,133.86103420162846,133.95604072187982,133.7853313097437,1.0005658534545128,0.000565853454512812,355.40797136015027,352.21824504326776,142.9592131187124,144.54351516182717,2.4860795160156752,2.436762691490748,2379723.082726625,184664248058.00732,189766674658.57486,60835013.51798052,23779901.061155643,19736.586439262537,14096.031670011016,2983.4645865283032,6.274145262857328,2.4718154106899215,0.9550603491430272
10,2040.0,34.0,0.5666666666666667,31.24601655380655,31.395379407665974,0.0014184652699743606,132.26740137028233,132.93491758266205,132.1939171867063,1.0005558817314737,0.000555881731473629,357.0959398224825,353.4444521043476,143.5792748084922,144.37693173746933,2.4870994807487463,2.4480673460150846,2327777.2245703028,184805411228.10736,193201407924.91678,61131505.907496676,23887065.158733588,19910.594862849048,14287.45903713968,3007.4810321036066,6.352560789641753,2.501960828549271,0.966313235526989
10,2100.0,35.0,0.5833333333333334,31.16090863760809,31.114472261118806,0.0014184652699743606,130.69997604066526,131.04724388742343,130.62861796548515,1.0005462667851157,0.0005462667851157158,358.73909057400255,363.2412621449234,144.1835192099985,144.07367584836845,2.4880727876499598,2.521218813957518,2277571.0161579587,184943405054.40222,184301538907.5452,61420214.53460429,23991527.74736671,20080.520624635654,14475.738356012604,3030.9507454160316,6.4293511469926905,2.531489267177124,0.9773363669377046
10,2160.0,36.0,0.6,31.07580072140963,31.095629999908372,0.0014184652699743606,129.1583590359719,129.37943821991422,129.0890541388541,1.0005368766359017,0.0005368766359017198,360.3393484804313,347.95809359662695,144.7726141790267,138.4090065511168,2.489002153645119,2.513984474472188,2228085.0998832053,185078308135.49207,196566805470.76938,61701472.06046366,24093402.428518068,20246.523207704744,14660.917575795589,3053.895362603874,6.504572248666522,2.5604221109003693,0.9881378706859176
10,2220.0,37.0,0.6166666666666667,30.990692805211168,30.894749427812528,0.0014184652699743606,127.64215391121688,128.61666484846205,127.57485267193152,1.0005275431472254,0.0005275431472253136,361.89852167918576,366.1510335638942,145.34718685741345,144.79304226281178,2.4898901004132306,2.528788868869118,2178013.509463307,185210197373.68246,180066495494.38818,61975591.03040111,24192795.892881647,20408.753424992956,14843.044317507902,3076.3352914528045,6.578277489713859,2.5887797498738583,0.9987254816114253
10,2280.0,38.0,0.6333333333333333,30.905584889012708,31.00052245611658,0.0014184652699743606,126.15096422141485,126.09282539627687,126.08564691954427,1.00051803915407,0.0005180391540700729,363.4184183076833,353.62142590464146,145.9078643869955,148.83835518590496,2.4907390690318,2.3758756636550733,2125589.259128871,185339149671.2792,188257873018.79633,62242884.74773621,24289815.130004898,20567.366624044065,15022.166202168806,3098.2914850680845,6.650523990465514,2.616583944254427,1.0091074221032987
10,2340.0,39.0,0.65,30.820476972814248,30.866442856724838,0.0014184652699743606,124.68452819304541,124.88486414682652,124.62107654522376,1.0005091566336985,0.0005091566336985154,364.8999120473878,361.8376544228741,146.4549480168791,143.62229267228605,2.4915505893684977,2.519369714063169,2077398.713245219,185465216223.45618,181344540450.23962,62503499.93144127,24384509.652366072,20722.414427937903,15198.314674045017,3119.7710281752015,6.721320353390075,2.643838092069502,1.0192850948060554
10,2400.0,40.0,0.6666666666666666,30.735369056615788,30.64845672880703,0.0014184652699743606,123.24244904795098,122.61202551887143,123.18078744184565,1.0005005781127552,0.0005005781127551479,366.3437727295534,370.2618121802833,146.98870340644254,144.40098812508558,2.492326037576956,2.5641224273309584,2030872.3760535487,185588458235.4704,176353477518.61038,62757564.58411125,24476922.575278915,20873.936657738785,15371.537394176481,3140.7793496637432,6.790669698116494,2.6705435016321983,1.0292590992149901
10,2460.0,41.0,0.6833333333333333,30.650261140417328,30.765144674225592,0.0014184652699743606,121.82436334359129,121.79291807689569,121.76443165391062,1.000492193729044,0.0004921937290440447,367.7512410532674,362.4062641759347,147.5095605822376,147.31643453124366,2.493067158506269,2.4600531863882007,1985167.9797724183,185708939903.3153,198334439199.68875,63005291.87803965,24567126.51588977,21022.031991903783,15541.878019324791,3161.3297419907394,6.858604810920168,2.696712673581226,1.0390341845221405
10,2520.0,42.0,0.7,30.565153224218864,30.66062257880328,0.0014184652699743606,120.4299289826569,120.77408695515783,120.37166730144351,1.0004840149058292,0.00048401490582905836,369.1234195603773,368.8809352999981,148.01790147046864,149.93538496989788,2.493775522375054,2.4602660364266735,1940430.3828933183,185826721440.34518,184068283596.2675,63246870.76943614,24655185.769922458,21166.785972508354,15709.377642259853,3181.4337154442164,6.925153085960638,2.7223560504311286,1.0486143253850069
10,2580.0,43.0,0.7166666666666667,30.480045308020404,30.442995926046784,0.0014184652699743606,119.05881518087061,119.32269687851765,119.00215850552372,1.0004760978797225,0.00047609787972254636,370.4616861015378,376.9458927578193,148.51420368526584,149.70124915042308,2.494452900186081,2.5179876246660835,1897153.900631962,185941866235.50726,175683062827.8,63482540.25544928,24741181.899481803,21308.31984968736,15874.075996828778,3201.1075074467863,6.990360400981261,2.7474910289525183,1.0580060628524603
10,2640.0,44.0,0.7333333333333333,30.39493739182194,30.35393096420397,0.0014184652699743606,117.71068876882623,117.82870079316109,117.65557531544067,1.0004684304440126,0.0004684304440125071,371.7671330615544,373.03899286313555,148.99884571553267,144.31416920881648,2.4951007591785577,2.5849089864721733,1855274.7810723966,186054433048.95746,191831524428.50064,63712488.474150054,24825178.98678621,21446.72362076327,16036.013103380654,3220.3631624048617,7.054258213744221,2.7721295466248033,1.0672139024704348
10,2700.0,45.0,0.75,30.309829475623477,30.19065762305395,0.0014184652699743606,116.38522128118687,116.59546803800154,116.33159363746067,1.000460989504651,0.0004609895046510632,373.0403946130334,386.5234053670082,149.47204701948428,150.17179865936222,2.4957201165807685,2.5738747808685916,1814641.1989054366,186164471998.5376,176177276129.40106,63936821.53226518,24907212.917121917,21582.034825192284,16195.228417211209,3239.2057278348293,7.116852873228703,2.7962740569955757,1.0762388286907052
10,2760.0,46.0,0.7666666666666667,30.224721559425017,30.281396641525767,0.0014184652699743606,115.08207667127634,115.15105236816532,115.02989516522345,1.0004536343007002,0.00045363430070016476,374.2828434088106,375.6227065531254,149.93428335802568,147.95881164700162,2.496312617942533,2.538697779279828,1774181.1045117518,186272047130.5228,193183145985.226,64155778.85235839,24987365.451343395,21714.381304345607,16351.76230428755,3257.652218892999,7.178195912667174,2.8199440355784393,1.0850881161137835
10,2820.0,47.0,0.7833333333333333,30.139613643226554,30.087604445623796,0.0014184652699743606,113.80093003724855,114.4494201422554,113.75016731174284,1.0004462650623325,0.0004462650623324886,375.49550584558597,396.63044545269975,150.385910343474,151.83722328489398,2.4968795613097847,2.612208237689498,1733165.8373894054,186377215080.55182,184803622320.3668,64369537.983164445,25065697.09619703,21843.851959149477,16505.653791858454,3275.714457423061,7.2383204889149315,2.843152014946912,1.0937664606736122
10,2880.0,48.0,0.8,30.054505727028094,30.070743455651016,0.0014184652699743606,112.5415270312225,112.54549722256881,112.49210314304017,1.0004393542906695,0.0004393542906695131,376.6787006773568,378.81249133091336,150.82703820295262,149.30890539397816,2.497421584122726,2.537105809806515,1695299.3962602094,186480011800.3629,188876283293.1658,64578149.53146011,25142224.775305465,21970.4535357971,16656.933432221944,3293.3933877877053,7.297219922496769,2.8658955075690793,1.1022730067512603
10,2940.0,49.0,0.8166666666666667,29.969397810829633,29.896602489694402,0.0014184652699743606,111.30352064044217,111.15740011512442,111.25540131338468,1.0004325122779607,0.00043251227796077313,377.8336760689984,373.1382032236044,151.25809945005443,152.39041100959673,2.497940126464166,2.4485674705615574,1657576.6700876378,186580500407.7231,173028896739.34308,64781831.62850094,25217022.96462873,22094.304665787717,16805.64290859195,3310.704719466082,7.3549431227728,2.8881929580874273,1.1106146164279134
10,3000.0,50.0,0.8333333333333334,29.88428989463117,29.83899445088164,0.0014184652699743606,110.08659469435445,110.40139290793277,110.0397660021606,1.0004255615392068,0.00042556153920685346,378.96137084402113,368.21175434795265,151.67941932984482,155.15354457598855,2.4984363239150125,2.3732087807224795,1618686.3058323418,186678734978.56845,191533303742.15216,64980747.120074734,25290147.16908455,22215.48914935699,16951.820199413298,3327.6595385956357,7.4115225015111434,2.9100565845695296,1.1187958454969749
10,3060.0,51.0,0.85,29.80113596146347,29.874480052914,0.0,108.90364584906695,108.84774858352044,108.87210858181612,1.0002896726045047,0.00028967260450481837,380.05005201220007,382.408642791215,152.0867499952685,156.65898840071432,2.49890310644434,2.441025865768142,756272.016611835,186773541103.4802,194085568769.24548,65172821.860877335,25360858.42763363,22332.74495590721,17093.916156805193,3344.088474148807,7.46636748296476,2.931260964198664,1.1267337846980199
10,3120.0,52.0,0.8666666666666667,29.801111255003388,29.845611933483205,0.0,108.87220636836452,108.81965249770066,108.8717645715561,1.0000040579557992,4.057955799242762e-06,380.0774715587794,386.23995309323976,152.0981105458683,152.10937309535808,2.498896733133047,2.5392251985096546,148.447792599387,186775156089.08383,180108872753.7452,65177659.76416867,25362830.537484113,22335.824334504563,17097.692671003682,3344.57322186176,7.467849808505321,2.931855412465299,1.1269661360034304
10,3180.0,53.0,0.8833333333333333,29.801111255003647,29.713124042337494,0.0,108.87193131948797,109.1565909084256,108.87176457155998,1.000001531599388,1.5315993880309472e-06,380.07767459277176,375.66638134169784,152.09822466581758,150.07715965831764,2.4988961930874534,2.5031549250864136,21.147076050529897,186775159257.61017,191086911981.5531,65177695.58900971,25362850.350412644,22335.84853802408,17097.725709907772,3344.578424121062,7.467861904398962,2.931860845620646,1.1269684964496007
10,3240.0,54.0,0.9,29.801111255003647,29.824899264497294,0.0,108.87185072056566,108.46057256599492,108.87176457155998,1.0000007912887792,7.91288779244697e-07,380.0777318540904,395.6081589644306,152.0982590012137,152.7119044705236,2.498896005450381,2.5905521926143664,5.644561632078394,186775159934.26007,176425264010.51187,65177705.69262902,25362856.311550595,22335.855398653413,17097.735391460003,3344.5799963644577,7.467865343389937,2.9318624320208997,1.1269692001128564
10,3300.0,55.0,0.9166666666666666,29.801111255003647,29.726805782732452,0.0,108.87181788165847,109.1716555920428,108.87176457155998,1.0000004896595431,4.896595430747593e-07,380.0777545594434,381.96393378488494,152.0982732407885,152.15170600708396,2.498895920782335,2.5104150575025512,2.1614677044148367,186775160155.92502,185747995310.3414,65177709.69893287,25362858.783753604,22335.858126468946,17097.73933607348,3344.5806499039873,7.467866712958717,2.931863075996511,1.1269694898446814
10,3360.0,56.0,0.9333333333333333,29.801111255003647,29.674867471028254,0.0,108.87180303001692,108.57457693820791,108.87176457155998,1.0000003532454635,3.532454635329019e-07,380.077764588494,393.2974357056393,152.0982797766305,150.50336803642142,2.4988958793398,2.613213516992273,1.1248990156263985,186775160239.23236,200110304385.92712,65177711.468534306,25362859.91847347,22335.859333682078,17097.74112005445,3344.580950341646,7.467867319761041,2.9318633661457563,1.12696962196924
10,3420.0,57.0,0.95,29.801111255003647,29.739881888027007,0.0,108.87179202537033,108.81829546771984,108.87176457155998,1.0000002521664864,2.521664864613337e-07,380.07777195551915,382.5085118270782,152.09828464520302,155.91454546316447,2.4988958477876317,2.4533215338619425,0.5732381931035244,186775160296.9571,196239059122.80276,65177712.76842778,25362860.763730418,22335.860221015435,17097.742441933915,3344.5811742488545,7.467867765940442,2.931863580819347,1.126969720151977
10,3480.0,58.0,0.9666666666666667,29.801111255003647,29.82027176443915,0.0,108.87178433385745,108.79266622528479,108.87176457155998,1.0000001815190334,1.8151903340001206e-07,380.0777770440786,375.38799173090314,152.09828807222024,153.24911514369543,2.4988958249392508,2.4495279557008676,0.2970330316007327,186775160333.6891,180864447256.19913,65177713.66629166,25362861.35871185,22335.860834415296,17097.743365839367,3344.5813319576473,7.467868074525441,2.931863730553955,1.1269697890379733
10,3540.0,59.0,0.9833333333333333,29.801111255003647,29.749786355224444,0.0,108.87178300414358,109.18317426641117,108.87176457155998,1.0000001693054548,1.6930545467152925e-07,380.07777791477315,383.8519866242592,152.09828866829446,153.54983444005094,2.4988958208706133,2.49985281992683,0.25840583264298866,186775160339.7097,195317451008.45978,65177713.81992362,25362861.462199252,22335.86093941521,17097.743525564754,3344.581359397905,7.467868127360555,2.9318637563842627,1.126969800982215
10,3600.0,60.0,1.0,29.801111255003647,29.768367957430307,0.0,108.8717816744297,109.11046675478937,108.87176457155998,1.0000001570918757,1.5709187581251809e-07,380.0777787854677,385.1205380304243,152.09828926436865,154.97779316966876,2.498895816801976,2.485004658756475,0.22246816191616905,186775160345.7303,191863594949.86108,65177713.97355549,25362861.565686617,22335.861044415105,17097.743685290145,3344.581386838158,7.467868180195648,2.931863782214564,1.1269698129264538
10,3660.0,61.0,1.0166666666666666,29.801111255003647,29.93977961236484,0.0,108.87178034471582,108.52826044919554,108.87176457155998,1.000000144878297,1.448782969535069e-07,380.07777965616225,372.81633627886805,152.09828986044286,156.549724910076,2.4988958127333385,2.38145634872893,0.18922001992283602,186775160351.75082,179857354311.89676,65177714.1271874,25362861.66917403,22335.861149415025,17097.74384501554,3344.5814142784175,7.467868233030753,2.93186380804487,1.126969824870695
10,3720.0,62.0,1.0333333333333334,29.801111255003647,29.646389054115147,0.0,108.87177901500193,108.93044799401386,108.87176457155998,1.000000132664718,1.3266471809449572e-07,380.0777805268568,392.9906284953452,152.09829045651705,151.60876770040707,2.4988958086647015,2.592136552893373,0.15866140673836565,186775160357.77142,186487610519.1509,65177714.28081935,25362861.772661414,22335.86125441494,17097.74400474093,3344.581441718673,7.46786828586586,2.931863833875175,1.1269698368149363
10,3780.0,63.0,1.05,29.801111255003647,29.781494945161462,0.0,108.87177768528807,109.42234336199337,108.87176457155998,1.0000001204511393,1.2045113936601291e-07,380.0777813975514,379.02037254268936,152.09829105259126,153.01805996200486,2.498895804596064,2.4769649584944546,0.13079232272160327,186775160363.79196,178694541271.77625,65177714.43445128,25362861.876148794,22335.861359414852,17097.74416446632,3344.581469158929,7.467868338700967,2.931863859705482,1.1269698487591773
10,3840.0,64.0,1.0666666666666667,29.801111255003647,29.879646591913005,0.0,108.87177635557418,108.83999282175334,108.87176457155998,1.0000001082375605,1.0823756050700175e-07,380.077782268246,374.21735217605965,152.09829164866545,150.21375535166518,2.4988958005274275,2.491232252998269,0.1056127673522425,186775160369.81256,190236870853.2662,65177714.588083185,25362861.979636192,22335.861464414764,17097.74432419171,3344.5814965991835,7.467868391536072,2.931863885535786,1.126969860703418
10,3900.0,65.0,1.0833333333333333,29.801111255003647,29.835691863062856,0.0,108.8717750258603,108.70122837554082,108.87176457155998,1.0000000960239817,9.602398164799056e-08,380.0777831389405,368.7502048174537,152.09829224473967,153.8229943279673,2.4988957964587897,2.397237203894486,0.08312274101787212,186775160375.83316,193815345788.74237,65177714.74171511,25362862.08312359,22335.861569414672,17097.7444839171,3344.5815240394445,7.467868444371174,2.9318639113660927,1.1269698726476602
10,3960.0,66.0,1.1,29.801111255003647,29.74858940377018,0.0,108.87177369614642,108.77473930637188,108.87176457155998,1.0000000838104028,8.381040278897938e-08,380.0777840096351,383.093984020101,152.09829284081385,151.52312585854798,2.498895792390153,2.528287229090907,0.06332224379386812,186775160381.8537,189344468258.98746,65177714.895347014,25362862.18661096,22335.86167441458,17097.744643642494,3344.581551479698,7.467868497206277,2.9318639371963977,1.1269698845919
10,4020.0,67.0,1.1166666666666667,29.801111255003647,29.754010740300018,0.0,108.87177236643255,108.84321053145183,108.87176457155998,1.000000071596824,7.159682406049659e-08,380.07778488032966,374.62727370533054,152.09829343688807,152.51857733316717,2.4988957883215157,2.4562730668997848,0.046211275924102194,186775160387.87436,193429906703.956,65177715.04897897,25362862.29009837,22335.861779414518,17097.744803367885,3344.581578919959,7.4678685500413895,2.931863963026707,1.126969896536143
10,4080.0,68.0,1.1333333333333333,29.801111255003647,29.688275943079013,0.0,108.87177103671867,108.69640510805992,108.87176457155998,1.0000000593832452,5.9383245201485406e-08,380.07778575102424,385.58093119238,152.09829403296226,156.65035207307199,2.498895784252879,2.4614112007390814,0.03178983711821525,186775160393.8949,189815056726.16052,65177715.20261089,25362862.393585753,22335.86188441441,17097.744963093275,3344.581606360214,7.467868602876495,2.9318639888570104,1.1269699084803841
10,4140.0,69.0,1.15,29.801111255003647,29.808750867069055,0.0,108.87176970700479,108.81020319039065,108.87176457155998,1.0000000471696664,4.7169666342474225e-08,380.07778662171876,376.8227423068854,152.09829462903647,154.22405266665552,2.4988957801842417,2.4433461304596977,0.020057927648822447,186775160399.91544,191654863823.54004,65177715.35624281,25362862.497073144,22335.861989414316,17097.745122818666,3344.5816338004734,7.467868655711589,2.9318640146873154,1.1269699204246257
10,4200.0,70.0,1.1666666666666667,29.801111255003647,29.923614429523646,0.0,108.8717683772909,108.34705140535189,108.87176457155998,1.0000000349560876,3.4956087483463043e-08,380.07778749241334,392.26612441218526,152.0982952251107,149.86753874986104,2.4988957761156043,2.61741887325516,0.011015547591299732,186775160405.93604,194477889860.60535,65177715.50987474,25362862.600560542,22335.862094414235,17097.74528254406,3344.581661240733,7.467868708546703,2.931864040517625,1.126969932368868
10,4260.0,71.0,1.1833333333333333,29.801111255003647,29.918982081702914,0.0,108.87176704757704,109.38858025308134,108.87176457155998,1.0000000227425088,2.2742508754980245e-08,380.0777883631079,386.1771827591202,152.09829582118488,158.30595335221437,2.498895772046968,2.439435628171961,0.004662697074545203,186775160411.95663,181625743057.02213,65177715.66350665,25362862.704047926,22335.86219941416,17097.745442269446,3344.5816886809894,7.467868761381812,2.9318640663479307,1.1269699443131096
10,4320.0,72.0,1.2,29.801111255003647,29.834902113373836,0.0,108.87176571786316,108.11814165014604,108.87176457155998,1.00000001052893,1.0528929895969066e-08,380.0777892338025,374.46432633759184,152.0982964172591,148.67289333408124,2.498895767978331,2.5187128463030386,0.000999376038147031,186775160417.97717,173016221025.79593,65177715.81713857,25362862.80753532,22335.862304414062,17097.745601994837,3344.581716121249,7.467868814216919,2.9318640921782384,1.1269699562573519
10,4380.0,73.0,1.2166666666666666,29.801111255003647,29.65308838938222,0.0,108.87176508176081,108.74334010652596,108.87176457155998,1.000000004686255,4.6862548474075605e-09,380.07778965032134,388.34460853158146,152.0982967024063,146.53828947998744,2.498895766031996,2.6501237997910247,0.00019797587511785573,186775160420.85727,182822966577.47794,65177715.890632294,25362862.857041128,22335.862354643443,17097.745678403524,3344.5817292479874,7.467868839491933,2.93186410453482,1.1269699619711815
10,4440.0,74.0,1.2333333333333334,29.801111255003647,29.771194597935725,0.0,108.87176487416835,109.58150608716628,108.87176457155998,1.0000000027794935,2.779493577168645e-09,380.0777897862525,379.93500116375594,152.09829679546425,153.45898395806432,2.4988957653968082,2.4758081368998286,6.964530045480963e-05,186775160421.79724,189243982726.93237,65177715.91461703,25362862.873197384,22335.862371035837,17097.74570333956,3344.5817335319102,7.46786884774045,2.9318641085674004,1.1269699638358945
10,4500.0,75.0,1.25,29.801111255003647,29.757345682421835,0.0,108.87176466657588,108.5847827559301,108.87176457155998,1.0000000008727323,8.72732306929729e-10,380.07778992218374,373.28498272307974,152.09829688852227,152.42297502238995,2.49889576476162,2.449007327591176,6.866296819689488e-06,186775160422.73706,174012773725.96338,65177715.938601755,25362862.889353637,22335.862387428228,17097.745728275593,3344.58173781583,7.467868855988968,2.9318641125999783,1.126969965700607
10,4560.0,76.0,1.2666666666666666,29.801111255003647,29.885845521064383,0.0,108.87176445898342,108.65760697321154,108.87176457155998,0.999999998965971,0.0,380.0777900581149,388.03691233526223,152.0982969815803,148.5215823885584,2.498895764126431,2.6126634667821533,0.0,186775160423.67703,178291942275.00455,65177715.96258647,25362862.905509915,22335.862403820614,17097.74575321162,3344.5817420997546,7.46786886423749,2.931864116632558,1.12696996756532
10,4620.0,77.0,1.2833333333333334,29.801111255003647,29.705050302256453,0.0,108.87176425139097,108.6534122961442,108.87176457155998,0.9999999970592099,0.0,380.07779019404614,377.9458468644624,152.09829707463828,157.7243004530781,2.498895763491243,2.3962436084913796,0.0,186775160424.61697,191117702816.676,65177715.9865712,25362862.921666175,22335.862420212994,17097.74577814765,3344.5817463836784,7.467868872486001,2.9318641206651357,1.1269699694300332
10,4680.0,78.0,1.3,29.801111255003647,29.971853676010564,0.0,108.8717640437985,108.92336103144282,108.87176457155998,0.9999999951524486,0.0,380.0777903299774,375.98677426536216,152.09829716769627,152.4115128161774,2.4988957628560553,2.4669184585736477,0.0,186775160425.55685,202509760418.91592,65177716.01055593,25362862.937822424,22335.8624366054,17097.745803083682,3344.5817506675994,7.467868880734525,2.931864124697717,1.126969971294746
10,4740.0,79.0,1.3166666666666667,29.801111255003647,29.804390912530245,0.0,108.87176383620604,109.12163875895557,108.87176457155998,0.9999999932456873,0.0,380.07779046590855,382.68807597193995,152.09829726075426,149.57817961138403,2.498895762220867,2.558448544875956,0.0,186775160426.49683,192881722383.5733,65177716.03454066,25362862.953978688,22335.86245299779,17097.745828019717,3344.5817549515186,7.4678688889830465,2.9318641287302967,1.1269699731594582
10,4800.0,80.0,1.3333333333333333,29.801111255003647,29.72099805109141,0.0,108.87176362861358,108.36406913239112,108.87176457155998,0.999999991338926,0.0,380.0777906018399,377.0048883329233,152.09829735381226,152.63226234947143,2.49889576158568,2.4700209675836526,0.0,186775160427.4367,183493237901.9324,65177716.058525436,25362862.97013494,22335.862469390187,17097.745852955748,3344.5817592354424,7.4678688972315665,2.931864132762877,1.126969975024172
10,4860.0,81.0,1.35,29.801111255003647,29.82487554462874,0.0,108.87176342102111,109.21969531043503,108.87176457155998,0.9999999894321648,0.0,380.077790737771,379.82222895887475,152.09829744687025,150.13461739638296,2.4988957609504916,2.5298777560146193,0.0,186775160428.37668,181498425055.72104,65177716.08251014,25362862.986291207,22335.862485782578,17097.74587789178,3344.5817635193634,7.467868905480083,2.9318641367954568,1.1269699768888841
10,4920.0,82.0,1.3666666666666667,29.801111255003647,29.908141482904405,0.0,108.87176321342865,108.14608723969481,108.87176457155998,0.9999999875254035,0.0,380.0777908737022,370.2911866835548,152.09829753992824,149.8930500239954,2.4988957603153032,2.4703692841280986,0.0,186775160429.31656,198848501380.1752,65177716.106494844,25362863.002447464,22335.862502174958,17097.74590282781,3344.581767803286,7.467868913728596,2.9318641408280346,1.126969978753596
10,4980.0,83.0,1.3833333333333333,29.801111255003647,29.76311235061306,0.0,108.87176300583619,108.68431421711074,108.87176457155998,0.9999999856186422,0.0,380.0777910096335,399.8800609477277,152.09829763298626,150.69535801069333,2.4988957596801153,2.6535658843542627,0.0,186775160430.25647,184543094955.66583,65177716.1304796,25362863.018603727,22335.862518567363,17097.74592776384,3344.581772087209,7.4678689219771215,2.9318641448606177,1.126969980618311
10,5040.0,84.0,1.4,29.801111255003647,29.782496429232783,0.0,108.87176279824374,109.46231686972338,108.87176457155998,0.9999999837118811,0.0,380.0777911455647,388.3245261494831,152.09829772604425,152.89773814190707,2.498895759044927,2.5397663226978047,0.0,186775160431.1964,173696758947.1169,65177716.15446432,25362863.034759987,22335.86253495975,17097.745952699872,3344.581776371132,7.46786893022564,2.9318641488931965,1.1269699824830233
10,5100.0,85.0,1.4166666666666667,29.801111255003647,29.593383846882013,0.0,108.87176259065127,108.69198419974259,108.87176457155998,0.9999999818051198,0.0,380.07779128149593,379.1450270357857,152.09829781910227,152.36890688502217,2.498895758409739,2.4883359393126656,0.0,186775160432.13635,178858990235.99567,65177716.178449064,25362863.050916247,22335.862551352147,17097.745977635906,3344.5817806550544,7.467868938474162,2.931864152925776,1.1269699843477365
10,5160.0,86.0,1.4333333333333333,29.801111255003647,29.791009307800888,0.0,108.87176238305881,108.79693560903836,108.87176457155998,0.9999999798983586,0.0,380.07779141742714,380.23189945159055,152.09829791216023,151.80701136596522,2.4988957577745516,2.5047057842075247,0.0,186775160433.0762,195353324069.83267,65177716.202433795,25362863.067072496,22335.862567744527,17097.746002571937,3344.5817849389746,7.467868946722673,2.931864156958352,1.1269699862124485
10,5220.0,87.0,1.45,29.801111255003647,29.747963115989304,0.0,108.8717622132626,108.68226172810299,108.87176457155998,0.9999999783387604,0.0,380.0777915286094,391.4988904380978,152.09829798827522,149.43462767375755,2.4988957572550112,2.619867272616423,0.0,186775160433.845,183373727729.42902,65177716.22205161,25362863.080287192,22335.86258115237,17097.746022967876,3344.581788442925,7.4678689534693845,2.9318641602567226,1.1269699877376544
10,5280.0,88.0,1.4666666666666666,29.801111255003647,29.7552780738962,0.0,108.87176218085364,108.43267306075734,108.87176457155998,0.9999999780410802,0.0,380.07779154983075,369.27691068792683,152.09829800280326,150.2212345441793,2.4988957571558474,2.4582204493821034,0.0,186775160433.9918,181910296532.8248,65177716.22579609,25362863.082809474,22335.86258371153,17097.746026860845,3344.5817891117235,7.46786895475714,2.931864160886283,1.1269699880287698
10,5340.0,89.0,1.4833333333333334,29.801111255003647,29.828676037774997,0.0,108.87176214844469,108.27083731219099,108.87176457155998,0.9999999777434002,0.0,380.07779157105205,387.94400223963135,152.0982980173313,148.00165158005655,2.4988957570566828,2.621214007397654,0.0,186775160434.1385,198320697430.55276,65177716.22954053,25362863.085331757,22335.86258627066,17097.74603075381,3344.581789780519,7.467868956044876,2.931864161515839,1.1269699883198843
10,5400.0,90.0,1.5,29.801111255003647,29.89450225328055,0.0,108.87176211603574,108.96513746497581,108.87176457155998,0.9999999774457202,0.0,380.07779159227346,372.73460599247676,152.09829803185934,146.42586930080566,2.4988957569575185,2.5455516007677605,0.0,186775160434.28528,187513173356.8543,65177716.233285,25362863.087854043,22335.862588829837,17097.746034646778,3344.581790449319,7.467868957332627,2.931864162145403,1.1269699886110005
10,5460.0,91.0,1.5166666666666666,29.801111255003647,29.85546282732299,0.0,108.87176208362679,108.53164725968547,108.87176457155998,0.9999999771480402,0.0,380.07779161349475,374.15012543136834,152.09829804638738,155.46094653559157,2.4988957568583543,2.4067145721752667,0.0,186775160434.432,195868249141.2429,65177716.237029426,25362863.09037632,22335.862591388963,17097.746038539746,3344.5817911181134,7.467868958620361,2.931864162774958,1.1269699889021143
10,5520.0,92.0,1.5333333333333334,29.801111255003647,29.7192841704488,0.0,108.87176205121784,108.35722744959233,108.87176457155998,0.9999999768503602,0.0,380.0777916347161,371.2487732684401,152.09829806091543,153.4331428565086,2.49889575675919,2.419612649241199,0.0,186775160434.57874,178409406294.0692,65177716.24077389,25362863.09289861,22335.862593948124,17097.74604243271,3344.5817917869135,7.467868959908113,2.9318641634045166,1.126969989193231
10,5580.0,93.0,1.55,29.801111255003647,29.854877688252643,0.0,108.8717620188089,108.66323618033798,108.87176457155998,0.9999999765526801,0.0,380.0777916559374,379.8700333593174,152.0982980754435,149.89686343602148,2.4988957566600254,2.5342093533628365,0.0,186775160434.72546,181357804631.2537,65177716.244518355,25362863.095420916,22335.86259650727,17097.74604632568,3344.5817924557136,7.467868961195855,2.931864164034077,1.1269699894843477
10,5640.0,94.0,1.5666666666666667,29.801111255003647,29.67498250739548,0.0,108.87176198639995,108.88193760235664,108.87176457155998,0.9999999762550001,0.0,380.0777916771587,382.3149902314481,152.09829808997154,149.38577852001401,2.4988957565608607,2.559246228249414,0.0,186775160434.8722,174332719619.28784,65177716.248262756,25362863.097943198,22335.862599066415,17097.746050218648,3344.581793124512,7.467868962483587,2.9318641646636356,1.126969989775463
10,5700.0,95.0,1.5833333333333333,29.801111255003647,29.840292795569873,0.0,108.871761953991,108.83010484152219,108.87176457155998,0.9999999759573202,0.0,380.07779169838005,392.128473575688,152.09829810449955,150.09649339625747,2.4988957564616965,2.6125092245856916,0.0,186775160435.01895,172518870018.39444,65177716.25200726,25362863.100465484,22335.862601625577,17097.746054111616,3344.5817937933107,7.467868963771341,2.931864165293195,1.126969990066578
10,5760.0,96.0,1.6,29.801111255003647,29.89501042460694,0.0,108.87176192158205,108.97264245946475,108.87176457155998,0.9999999756596402,0.0,380.07779171960135,388.54362779012604,152.0982981190276,151.87555547105637,2.4988957563625322,2.5583025957338643,0.0,186775160435.16568,190557031999.97742,65177716.25575167,25362863.10298776,22335.862604184706,17097.74605800458,3344.5817944621062,7.467868965059079,2.9318641659227502,1.1269699903576933
10,5820.0,97.0,1.6166666666666667,29.801111255003647,29.892312757998805,0.0,108.8717618891731,109.20053553792965,108.87176457155998,0.9999999753619602,0.0,380.07779174082276,383.3131572015099,152.09829813355563,146.19778971937308,2.498895756263368,2.621880658642516,0.0,186775160435.3124,174730083118.55942,65177716.25949615,25362863.105510045,22335.862606743878,17097.746061897546,3344.581795130903,7.467868966346828,2.9318641665523124,1.1269699906488087
10,5880.0,98.0,1.6333333333333333,29.801111255003647,29.944219031164437,0.0,108.87176185676414,109.22504285060604,108.87176457155998,0.99999997506428,0.0,380.077791762044,391.4074116993716,152.09829814808367,151.86412029823492,2.4988957561642033,2.5773527738528035,0.0,186775160435.45914,181751980884.05392,65177716.26324057,25362863.108032323,22335.862609303003,17097.746065790518,3344.5817957997024,7.467868967634564,2.9318641671818684,1.1269699909399238
10,5940.0,99.0,1.65,29.801111255003647,29.726297771735577,0.0,108.87176182435519,108.78920043458284,108.87176457155998,0.9999999747666,0.0,380.0777917832654,382.4845609728382,152.0982981626117,148.0461767557925,2.4988957560650396,2.5835490612078438,0.0,186775160435.60587,183976174810.68066,65177716.26698504,25362863.110554613,22335.862611862158,17097.746069683482,3344.5817964684984,7.467868968922316,2.931864167811428,1.126969991231039
10,6000.0,100.0,1.6666666666666667,29.801111255003647,29.748666797293527,0.0,108.87176179194624,108.66207272559055,108.87176457155998,0.99999997446892,0.0,380.0777918044867,391.96252916479574,152.09829817713978,148.50255985210143,2.4988957559658744,2.639432812169461,0.0,186775160435.75266,175905392299.6734,65177716.2707295,25362863.113076907,22335.862614421312,17097.746073576447,3344.581797137301,7.467868970210057,2.9318641684409883,1.1269699915221563
10,6060.0,101.0,1.6833333333333333,29.801111255003647,29.80734905355626,0.0,108.87176175953729,109.13451741122526,108.87176457155998,0.99999997417124,0.0,380.07779182570806,382.8807164072719,152.09829819166785,153.10299259015932,2.49889575586671,2.500804915239008,0.0,186775160435.89932,183335537778.0715,65177716.274473935,25362863.11559919,22335.862616980452,17097.746077469415,3344.581797806096,7.46786897149779,2.931864169070546,1.1269699918132712
10,6120.0,102.0,1.7,29.801111255003647,29.718972154608068,0.0,108.87176172712834,108.47204990782593,108.87176457155998,0.9999999738735599,0.0,380.07779184692936,385.356000333053,152.09829820619586,147.05211550094626,2.498895755767546,2.620540337147161,0.0,186775160436.04614,187614255758.00397,65177716.27821841,25362863.118121475,22335.86261953962,17097.746081362384,3344.5817984748965,7.467868972785547,2.9318641697001073,1.1269699921043872
10,6180.0,103.0,1.7166666666666666,29.801111255003647,29.897616827444114,0.0,108.8717616947194,108.78344670900056,108.87176457155998,0.9999999735758799,0.0,380.07779186815065,388.47735558893794,152.09829822072393,151.10361971978074,2.4988957556683813,2.5709334846469134,0.0,186775160436.1928,182656886485.65634,65177716.28196285,25362863.120643757,22335.862622098753,17097.74608525535,3344.5817991436916,7.467868974073282,2.9318641703296624,1.1269699923955026
10,6240.0,104.0,1.7333333333333334,29.801111255003647,29.982975693416254,0.0,108.87176166231045,108.58443174754021,108.87176457155998,0.9999999732781999,0.0,380.077791889372,376.38522812790075,152.09829823525192,150.16724177120207,2.498895755569217,2.5064403107394693,0.0,186775160436.3396,196718340879.07504,65177716.285707295,25362863.123166032,22335.862624657926,17097.746089148313,3344.5817998124908,7.467868975361027,2.9318641709592246,1.1269699926866177
10,6300.0,105.0,1.75,29.801111255003647,29.915241897849477,0.0,108.87176163572106,108.61511939219837,108.87176457155998,0.9999999730339731,0.0,380.0777919067827,379.02229195661874,152.09829824717121,147.54977143113507,2.4988957554878595,2.568775866477823,0.0,186775160436.45996,180280973567.61606,65177716.28877935,25362863.125235386,22335.862626757516,17097.746092342237,3344.58180036119,7.4678689764175274,2.931864171475733,1.1269699929254566
10,6360.0,106.0,1.7666666666666666,29.801111255003647,29.76582810904726,0.0,108.87176163103547,108.98911774160806,108.87176457155998,0.9999999729909355,0.0,380.0777919098508,376.94365502261525,152.09829824927164,151.53368340547397,2.4988957554735225,2.4875238729199833,0.0,186775160436.4812,181698974781.99298,65177716.289320715,25362863.12560006,22335.862627127513,17097.74609290507,3344.5818004578846,7.467868976603709,2.931864171566752,1.1269699929675454
10,6420.0,107.0,1.7833333333333334,29.788794003190326,29.906554515178357,0.000676787544033577,108.72832621542803,108.94040432666931,108.70047534721473,1.0002562166184126,0.0002562166184124781,380.2066446903714,387.6054835796276,152.14858456053813,149.12194813865736,2.498916738453729,2.599251742736235,592396.5039147505,186784589331.62906,186100073233.1987,65200452.16967895,25371593.63755325,22350.043689785518,17114.975572257317,3346.670217998222,7.474603371267865,2.9345076902730085,1.1279784825634738
10,6480.0,108.0,1.8,29.748189128904585,29.688480947085267,0.000676787544033577,108.1672211752737,108.07045388697289,108.13883555589274,1.000262492371358,0.00026249237135796697,380.71112313943286,388.6304809027499,152.34447410131222,151.5453659603396,2.499014981575584,2.564449783337202,624220.7390865698,186822300302.69653,184040784784.7169,65289471.85115273,25405605.139227774,22405.475356869792,17182.375577080657,3354.785939773637,7.500901124734673,2.9448121890918673,1.1319009530781663
10,6540.0,109.0,1.8166666666666667,29.707581980525635,29.63025352246397,0.000676787544033577,107.60985529798377,107.43463093312133,107.58179061461615,1.0002608683421914,0.00026086834219140014,381.21081817730925,380.4391733638246,152.5386031457506,150.69382469869828,2.4991104567350884,2.5245836989305035,618922.8415556838,186859676777.46036,171675143298.02243,65377654.96014155,25439313.818097975,22460.43577240494,17249.326433211583,3362.83679915574,7.526997757940789,2.955040010977216,1.1357948531943245
10,6600.0,110.0,1.8333333333333333,29.66697470761625,29.677521514372653,0.000676787544033577,107.05707491097638,107.00609781824512,107.02934024631246,1.0002591314176104,0.0002591314176103225,381.70499749313365,374.63425161490113,152.73069177653167,158.96303276018674,2.499202963420256,2.3567381995037686,613059.2817593485,186896658055.15723,198839706558.0341,65464872.022964105,25472670.973846763,22514.84348499245,17315.726479698955,3370.811112451892,7.552854174823196,2.9651759265342044,1.1396544351253586
10,6660.0,111.0,1.85,29.62636741443341,29.530802158114998,0.000676787544033577,106.5088503660773,106.30025863910035,106.48145599266941,1.0002572689596747,0.00025726895967475227,382.19372595186877,382.3067767396071,152.92076192434595,148.39030725622746,2.4992925822652543,2.576359492803482,606576.5651307766,186933248991.31125,182165635625.91583,65551134.22654096,25505680.317094177,22568.70368726719,17381.57927788503,3378.7095130651387,7.578472076918368,2.9752205467970922,1.143479914069788
10,6720.0,112.0,1.8666666666666667,29.585760142045626,29.573007627123143,0.000676787544033577,105.96516308264735,106.00775614213643,105.93810877889877,1.0002553783908399,0.00025537839083997205,382.6770669675588,375.3081763930917,153.10883547262912,147.77714249311455,2.4993793845161147,2.5396903070485246,599940.0502651636,186969453032.9151,180889393303.06973,65636452.54759861,25538345.570546262,22622.021705407387,17446.887059678418,3386.532680638787,7.603853321169307,2.9851745512171775,1.1472715364817274
10,6780.0,113.0,1.8833333333333333,29.545152882332555,29.55207720182006,0.000676787544033577,105.42599612285437,105.77091973938566,105.39926913310678,1.0002535785111928,0.00025357851119284334,383.1550679222059,392.111367445351,153.29492928867782,151.45001084614626,2.499463418001689,2.5890481304995463,593708.9874346998,187005272436.89496,170570382387.0979,65720835.091914445,25570669.565951757,22674.80110872312,17511.65185965355,3394.281091361609,7.628998942495569,2.99503832092375,1.1510294443173943
10,6840.0,114.0,1.9,29.50454562694479,29.482752002024068,0.000676787544033577,104.89130808530507,104.5429347297794,104.86490785387458,1.0002517546810539,0.00025175468105377867,383.6278141379929,388.48503050652937,153.47907397630064,151.61876063333054,2.4995447535553317,2.5622490837135112,587345.6647249737,187040711884.76547,189665701324.39545,65804296.72971731,25602657.55133075,22727.049823256606,17575.878650950763,3401.955814652417,7.653912099277063,3.004813047730474,1.154754080587702
10,6900.0,115.0,1.9166666666666667,29.46393837431329,29.46964261601804,0.000676787544033577,104.3610788620304,104.40216963648267,104.33499610011611,1.0002499905390254,0.0002499905390254055,384.0953499455256,370.97624297315963,153.66128532663572,153.31653096196055,2.4996234355912046,2.4196754299456638,581241.6802126822,187075773831.84335,174526734188.50702,65886845.02394763,25634312.168420713,22778.771100872294,17639.569848941712,3409.557282123129,7.678593689842428,3.014499061038161,1.1584455673672394
10,6960.0,116.0,1.9333333333333333,29.42333113356883,29.372527200682818,0.000676787544033577,103.83527661199997,103.38255340196254,103.80950543654801,1.0002482544863651,0.00024825448636509463,384.55773278656585,385.63405859022464,153.84158400584803,159.34890407048272,2.4996995140920255,2.4200609401094604,575249.2384489585,187110461817.24402,182509010206.0455,65968489.870780066,25665636.913253613,22829.96968168785,17702.729278374798,3417.0861323559047,7.70304533506633,3.0240969685745283,1.1621041306165663
10,7020.0,117.0,1.95,29.382723917551193,29.276414981025017,0.000676787544033577,103.31388169684907,103.15148020286831,103.28840773731703,1.000246629414569,0.00024662941456916686,385.01499090487755,369.9130944984283,154.0199803013916,154.13098188957142,2.4997730174453143,2.3999918119217325,569751.3365272044,187144777851.78214,189732827135.98767,66049235.95200205,25696633.450906955,22880.646955490774,17765.359298212745,3424.5425542183034,7.7272670294259616,3.033606760884078,1.1657297678799567
10,7080.0,118.0,1.9666666666666666,29.342116705477736,29.43023645301404,0.000676787544033577,102.79685738432072,102.64075506955292,102.77167470976933,1.0002450351677397,0.0002450351677396018,385.4672217774869,402.5556467602783,154.19650873563813,153.3511099189389,2.4998440297915585,2.6250585794460073,564375.3379773329,187178726765.39307,171460075285.19092,66129100.378945604,25727307.75268926,22930.81257480443,17827.464320738673,3431.9278331142386,7.751262880278391,3.043029982146737,1.1693230499627538
10,7140.0,119.0,1.9833333333333334,29.301509495358335,29.065205102278366,0.000676787544033577,102.28417474089312,101.98760375675214,102.25927856981363,1.0002434612431037,0.00024346124310365875,385.91448785373717,387.67083329344246,154.37119159650302,155.04918410635977,2.4999126058600645,2.500308760267388,559072.9867894033,187212312019.463,197817001358.36804,66208093.98548786,25757663.62012853,22980.472080318075,17889.047821450695,3439.2427095791563,7.775034973863356,3.052367413726614,1.1728842662258765
10,7200.0,120.0,2.0,29.260902285202853,29.35346400778862,0.000676787544033577,101.77580483304452,102.13929732987039,101.75119179648547,1.0002418943318943,0.0002418943318941661,386.35685158297173,386.3674353351586,154.54405117190177,153.58296226226767,2.499978799916543,2.5156920379968573,553783.7283036093,187245537075.37802,178852510909.27646,66286227.61404899,25787704.858195223,23029.631061670214,17950.113275846925,3446.487930621596,7.798585438213323,3.0616198528825285,1.1764137118446834
10,7260.0,121.0,2.0166666666666666,29.220295073021166,29.09991621961815,0.000676787544033577,101.27171872725312,101.61700321367692,101.24738713074413,1.0002403182659674,0.0002403182659673588,386.79437541453404,387.1319117209433,154.71510974974967,156.4249508494493,2.5000426657756347,2.474873155584605,548434.6739808322,187278405394.52426,182591260474.11566,66363512.11545473,25817435.275247637,23078.29515658477,18010.66415942547,3453.664249614255,7.821916442475343,3.0707881125166754,1.1799116877182587
10,7320.0,122.0,2.033333333333333,29.179687856823136,29.277815117227394,0.000676787544033577,100.77188748999713,100.56807562873298,100.74783757428966,1.000238713964354,0.00023871396435413508,387.22712179776715,391.12856534181446,154.8843896179622,157.30375655992404,2.5001042568131076,2.4864540675658695,542940.6200401806,187310920438.28778,182699963751.4044,66439958.34880079,25846858.682978053,23126.470050020253,18070.703947684447,3460.7724261865733,7.845030196240286,3.0798730209260023,1.1833785003796617
10,7380.0,123.0,2.05,29.13908063461864,29.092170973678197,0.000676787544033577,100.27628218775479,100.13099696567618,100.2525163884059,1.000237059379705,0.0002370593797049295,387.6551531820145,381.07548646955695,155.0519130644548,151.54558522576767,2.500163625977752,2.514593123262833,537204.1520294935,187343085668.0545,182632638838.30817,66515577.18131861,25875978.896359365,23174.161473330994,18130.236116121967,3467.8132261188275,7.867928948879564,3.0888754215562075,1.186814461907116
10,7440.0,124.0,2.066666666666667,29.098473404417543,29.177177313397486,0.000676787544033577,99.78487388700428,100.2918155477622,99.76139709281217,1.0002353294448179,0.00023532944481786795,388.07853201661936,403.8506728674883,155.2177023771428,158.6563393156144,2.500220825802969,2.545443028684217,531115.8759287263,187374904545.21082,197114981866.33997,66590379.48824309,25904799.733592544,23221.37520344102,18189.264140236144,3474.7874212377064,7.890614988889483,3.0977961727584873,1.190219889836196
10,7500.0,125.0,2.0833333333333335,29.057866164229715,28.912427674349637,0.000676787544033577,99.29763365422384,99.75804074888467,99.27445346454847,1.0002334960190302,0.0002334960190302137,388.49732075092516,391.590786684758,155.3817798439417,156.4798082475956,2.500275908418052,2.502500425263494,524554.8225563335,187406380531.14252,186370284610.95078,66664376.152681336,25933325.016054455,23268.117062030018,18247.791495525085,3481.6957893134213,7.913090643243214,3.106636147549012,1.193595107072994
10,7560.0,126.0,2.1,29.017258912065024,29.05081656929078,0.000676787544033577,98.8145325558917,98.883573384469,98.79165953687404,1.0002315278346865,0.00023152783468657984,388.91158183427507,393.2293611487057,155.54416775276692,152.41491871953394,2.500328925559196,2.5799925916196305,517389.08261632244,187437517087.23584,176147327391.63116,66737578.06548372,25961558.568246577,23314.392914731998,18305.821657486904,3488.5391139582744,7.93535827675062,3.115396233371242,1.1969404418082934
10,7620.0,127.0,2.1166666666666667,28.976651649601173,29.01499229696696,0.000676787544033577,98.3355575270273,98.30847342775748,98.31298964123812,1.0002295514140251,0.0002295514140251532,389.3213564992089,390.4018330829769,155.70488067259436,154.39213015586282,2.5003799162715223,2.5286381675598117,510191.966870078,187468316237.6915,169249726342.54105,66809992.34857613,25989502.862758618,23360.206249304974,18363.35619548863,3495.317853557026,7.957419113745573,3.1240768812878574,1.2002560599518688
10,7680.0,128.0,2.1333333333333333,28.936044394304375,28.91025519284032,0.000676787544033577,97.86072686620783,97.06992967113563,97.83841854541512,1.000228011870228,0.00022801187022813637,389.72662334953685,381.6045096649868,155.8639107143428,154.0664621225519,2.500428877752223,2.4768824078107285,504934.9316203362,187498776712.25034,194281161185.0944,66881614.93038006,26017156.407392144,23405.553235280047,18420.392911502986,3502.031475610408,7.979270771258342,3.132677169090342,1.2035416178202014
10,7740.0,129.0,2.15,28.895437142184328,29.082767886550585,0.000676787544033577,97.38996545254375,97.10931355340996,97.36792101492551,1.0002264034949957,0.00022640349499559594,390.12747868427005,394.86611491565543,156.02129281559994,157.34817406887873,2.500475875080448,2.509505542420873,499364.8102403549,187528905663.44644,189152595597.39954,66952462.676302046,26044525.22146221,23450.443412752433,18476.94082906023,3508.6812731995096,8.00091735409738,3.141198657008398,1.2067976936472202
10,7800.0,130.0,2.1666666666666665,28.854829889975495,28.87144512773516,0.000676787544033577,96.92325124468104,97.0821886637493,96.90147207648042,1.0002247558033321,0.00022475580333221592,390.5239844777022,397.01192029063986,156.17704899070438,154.57804556162614,2.5005209600352103,2.5683590373275993,493615.99994247133,187558706171.83417,169469817811.0174,67022546.44010678,26071613.101847693,23494.88281374908,18533.002595770464,3515.2680494738197,8.022361382707812,3.149642289704752,1.2100246364520117
10,7860.0,131.0,2.183333333333333,28.814222637528644,28.64879169043071,0.000676787544033577,96.4605763079701,96.84503043219863,96.43904704374516,1.0002232421916735,0.000223242191673382,390.9161589648637,377.88654226686793,156.3311857489653,158.33454186534942,2.5005641522644884,2.3866336291182093,488450.2808078989,187588179230.8176,199222184075.8011,67091869.23340538,26098421.097014546,23538.872306217676,18588.579164744755,3521.791915255082,8.043602818925002,3.158008041596492,1.2132224362466424
10,7920.0,132.0,2.2,28.773615384995832,28.720652979041603,0.000676787544033577,96.00189200387618,95.95281381427965,95.9806214831729,1.000221612658624,0.00022161265862413396,391.3040870416985,404.7534931446408,156.4837335158764,161.02102920121595,2.50060551502625,2.513668526108168,482772.2477995741,187617330256.3076,193986545640.02725,67160445.97300717,26124954.470952567,23582.420459797133,18643.676378449727,3528.2540193312097,8.06464540034029,3.166297324626438,1.216391614766194
10,7980.0,133.0,2.216666666666667,28.73300813237678,28.92756067470023,0.000676787544033577,95.54720128057612,95.50487737260895,95.52617120786586,1.0002201498546874,0.00022014985468745465,391.6877640199156,397.5457380687677,156.63469060232083,154.2932584072752,2.500645051959595,2.5765593530949937,477815.6836889779,187646158941.1098,182322464589.92123,67228275.57896264,26151212.827300165,23625.525517088165,18698.293882750033,3534.6541184709113,8.085487813045619,3.1745096280976535,1.2195319822838173
10,8040.0,134.0,2.2333333333333334,28.692400879743982,28.698159885391966,0.000676787544033577,95.09645737374692,95.16500441038961,95.07567227922034,1.0002186163297961,0.00021861632979602988,392.06727768400486,381.3855645094081,156.78408839082388,153.67003921104111,2.500682828902116,2.481847251861739,472546.4806160111,187674670711.57312,194597106073.70428,67295373.50833264,26177201.60939988,23668.1964896531,18752.437294981773,3540.993418388336,8.106134047567481,3.182646458709506,1.2226440952135478
10,8100.0,135.0,2.25,28.651793627083922,28.809253440090668,0.000676787544033577,94.64964474786889,94.23321311862028,94.62910100424736,1.0002170975250055,0.00021709752500563713,392.4426559989926,400.0206064356708,156.93193689618457,159.15384288204277,2.50071887061845,2.51342097175842,467337.1383204375,187702867338.7302,189990705390.1149,67361744.52663957,26202922.48969143,23710.43546082766,18806.10848127343,3547.272193426633,8.126584696514112,3.1907080314718748,1.2257280322833792
10,8160.0,136.0,2.2666666666666666,28.611186374392688,28.6614703034723,0.000676787544033577,94.20674011443263,94.81123320186809,94.18643393577806,1.0002155955778984,0.0002155955778984563,392.81394139182015,407.8406576355283,157.07825130461728,153.58487398883275,2.500753211404471,2.6554741169705465,462196.99279522937,187730751490.55716,186060714570.78284,67427395.99034493,26228378.055663586,23752.246222899605,18859.310239043545,3553.4909478107384,8.146841203242538,3.1986948849888712,1.2287839918701875
10,8220.0,137.0,2.283333333333333,28.570579121715486,28.473933595839167,0.000676787544033577,93.76771900280717,94.00317097581454,93.74764787203263,1.0002140974331637,0.00021409743316372966,393.1811799701693,385.5853709522297,157.22304809694907,158.36006413491245,2.5007858881334015,2.434864958274683,457070.3382299504,187758326010.02713,175939151076.69254,67492335.92252083,26253571.12703841,23793.63303775854,18912.04550770727,3559.6502482438764,8.16690525653483,3.2066076508215513,1.2318122066243196
10,8280.0,138.0,2.3,28.529971869073776,28.444390893752725,0.000676787544033577,93.33255756057667,93.56378221697469,93.31271985498167,1.0002125937988502,0.00021259379885013498,393.5444160447204,390.37732303872326,157.3663431201597,159.93942743902284,2.5008169360853927,2.440782296707641,451918.38296408096,187785593653.8942,186639870428.16827,67556572.02912153,26278504.413209062,23834.59998224468,18964.317152419637,3565.7506367644146,8.186778463275223,3.2144469296280738,1.2348128977583783
10,8340.0,139.0,2.316666666666667,28.489364616399182,28.476412366442915,0.000676787544033577,92.9012368230617,92.55854930884362,92.88162716884936,1.0002111252226091,0.00021112522260923624,393.903686152545,374.7687330962131,157.50814938258475,155.7816616811759,2.5008463860226007,2.4057307455303567,446913.9733723373,187812556763.78436,186908012355.66583,67620110.63191666,26303180.124832567,23875.150243570395,19016.127451220236,3571.792532614255,8.20646199783508,3.2222131563795653,1.23778622456528
10,8400.0,140.0,2.3333333333333335,28.448757363737695,28.45699415121866,0.000676787544033577,92.47373160355659,91.90868602308096,92.45434734150533,1.0002096630673263,0.00020966306732619235,394.25903672641965,392.042182823988,157.64848350611769,158.10259437728925,2.500874273942001,2.479669510599145,441935.3787479154,187839218209.7764,184429458783.30478,67682959.82656975,26327601.11222121,23915.288204461132,19067.47942953917,3577.776519788732,8.225957639248787,3.2299069976749255,1.2407324327525302
10,8460.0,141.0,2.35,28.408150111096884,28.291894234712494,0.000676787544033577,92.05001880512198,91.59074452438657,92.03085814206324,1.0002081982439972,0.00020819824399729293,394.6105108754915,382.80069455393675,157.7873608989814,161.18841388435024,2.500900633784787,2.374864826380073,436944.95882046176,187865580684.45996,196756819946.79227,67745127.11988579,26351770.013642963,23955.017883030316,19118.375861783567,3583.7031318974578,8.245266995222817,3.2375290544887267,1.243651743468078
10,8520.0,142.0,2.3666666666666667,28.36754285846438,28.55232813165173,0.000676787544033577,91.63007761462679,91.60777955685772,91.61113758033821,1.000206743795447,0.00020674379544699715,394.9581457287852,388.06281781245286,157.92479482771228,156.4983889491249,2.5009254953262023,2.479660144863254,431998.2079015268,187891646610.90015,178109874254.4145,67806618.95001939,26375689.089235626,23994.34260397865,19168.81924802924,3589.5728084907432,8.264391334084419,3.24507979869703,1.246544329861262
10,8580.0,143.0,2.3833333333333333,28.3269356058246,28.26906052093987,0.000676787544033577,91.21388758400911,91.14063167130857,91.19516390631134,1.0002053143708038,0.00020531437080385112,395.30197745939637,392.1625346987519,158.06079821649598,161.71238452966364,2.5009488875157455,2.425061851875765,427156.3331288589,187917418369.0782,181828113583.29022,67867441.58814025,26399360.54023782,24033.265601113882,19218.812044499828,3595.3859767576996,8.283331886962756,3.252559688077585,1.249410359805328
10,8640.0,144.0,2.4,28.286328353189706,28.2487490863173,0.000676787544033577,90.80142509265085,90.87288756903375,90.78291560974075,1.0002038872929535,0.00020388729295343818,395.642050547718,403.51405243464865,158.19538696464534,157.98743788485052,2.5009708445932057,2.5540894759540986,422324.8328403085,187942898713.3859,196290115753.33606,67927602.80176118,26422787.09793518,24071.79113412638,19268.357088506826,3601.1432029568514,8.30209041034522,3.2599693804223095,1.252250075436674
10,8700.0,145.0,2.4166666666666665,28.245721100559578,28.097435661727186,0.000676787544033577,90.39266793680633,90.22160022090497,90.37437141907971,1.0002024525032853,0.00020245250328526992,395.97840575701053,401.42786973069735,158.3285756403101,158.4919000661047,2.500991398145284,2.5327973831045467,417462.8855315437,187968090230.7544,172871844440.60556,67987109.6957546,26445971.259237386,24109.9230401231,19317.457047166827,3606.844996022144,8.320668457060352,3.267309456085518,1.2550636900886492
10,8760.0,146.0,2.433333333333333,28.205113847928033,28.157698306310564,0.000676787544033577,89.98759802288946,89.99153787378627,89.96951030088624,1.0002010427970844,0.00020104279708453267,396.31107122839063,394.9164408459559,158.46037430946174,164.25373607186202,2.501010570973558,2.4043072035401223,412706.3348629763,187992994957.87634,179227991709.53113,68045967.1104956,26468914.722431626,24147.663650590468,19366.114093883567,3612.4916614321864,8.339066827656962,3.2745802095498773,1.2578513109786011
10,8820.0,147.0,2.45,28.16450659529505,28.0632538513804,0.000676787544033577,89.5861930809647,89.77391710542281,89.56831145932318,1.0001996422769412,0.00019964227694123962,396.64008792838536,408.1795574461004,158.59079761275302,157.68905658369752,2.501028394452628,2.5885090968849105,407989.57829032006,188017615490.5439,188733450821.17957,68104182.1961326,26491620.000836793,24185.016872501612,19414.330903724378,3618.0837175317192,8.357287126210133,3.2817822408009922,1.2606131586621314
10,8880.0,148.0,2.466666666666667,28.123899342658156,28.309854924397765,0.000676787544033577,89.18843250436527,89.46534729084088,89.1707543354633,1.000198250749741,0.0001982507497408895,396.9654917156866,410.45049383506597,158.71985836892867,155.82665759996655,2.501044896303898,2.634019750900144,403312.06291261676,188041954201.8831,193435882721.21158,68161761.18894823,26514089.28560489,24221.986016565526,19462.109951964554,3623.6216020878346,8.375330663578024,3.288916038450438,1.2633494123352835
10,8940.0,149.0,2.4833333333333334,28.083292090066234,28.20530660051171,0.000676787544033577,88.79429583172247,88.73318792886019,88.77681860723537,1.0001968669835357,0.00019686698353561742,397.2873297318758,401.0144746566155,158.84757330649438,152.12731224703612,2.501060113554992,2.6360452224740363,398669.0263759784,188066013718.16653,195871145832.2627,68218712.36924407,26536325.470801678,24258.575836262826,19509.45369642615,3629.1059438783086,8.393199503374243,3.2959823749470614,1.266060355987404
10,9000.0,150.0,2.5,28.04268483753399,27.963036164649793,0.000676787544033577,88.40376290065912,88.60038626423876,88.3864841880222,1.0001954904394676,0.0001954904394677176,397.6056405309729,406.60142434382396,158.97395616588088,162.20124113919832,2.5010740760335146,2.506771350749934,394058.575974662,188089796447.39484,203418396171.77216,68275042.47048491,26558330.917054847,24294.79003346009,19556.364559016343,3634.5372321478444,8.41089517625158,3.302981821793918,1.268746199341511
10,9060.0,151.0,2.5166666666666666,28.002077585013232,28.069169532076717,0.000676787544033577,88.01681389948598,88.17418678417272,87.99973122587515,1.0001941218839292,0.00019412188392919395,397.9204473958025,401.2948258891359,159.09901537928485,163.06690403845494,2.501086800865349,2.4609213516097745,389484.0813286532,188113304420.7292,191926245038.10312,68330755.4706827,26580107.035361987,24330.63041298452,19602.844919517618,3639.915704562809,8.428418241325906,3.309914584150947,1.2714070167626486
10,9120.0,152.0,2.533333333333333,27.96147033250236,27.91603503982731,0.000676787544033577,87.63342917032801,87.82128640217718,87.61654010406393,1.000192761164091,0.00019276116409099622,398.23178379105605,406.4042754206105,159.22276290645456,159.18917963074875,2.501098313593656,2.552964192436293,384945.16845477204,188136539896.3564,175794921302.77283,68385857.19245951,26601655.870948814,24366.100081310065,19648.897139236295,3645.2417710975396,8.445769936605044,3.316781123155371,1.2740429771207524
10,9180.0,153.0,2.55,27.920863079999517,28.084054967023896,0.000676787544033577,87.25358929338523,87.11254206020914,87.23689144013699,1.0001914081642822,0.00019140816428224393,398.5396824695264,397.9973699204772,159.34521045302372,159.22989908006778,2.501108639139293,2.4995140499357262,380441.6077255042,188159505101.03842,185487038866.12695,68440353.33423749,26622979.42538529,24401.202077801696,19694.523550881073,3650.515832651099,8.462951472944205,3.323581889699594,1.276654245458818
10,9240.0,154.0,2.566666666666667,27.88025582750258,28.056950032016573,0.000676787544033577,86.87727508693274,86.81834563726669,86.86076608546907,1.0001900628121037,0.00019006281210356965,398.8441754721067,410.69702042460915,159.4663694705116,160.29261033659157,2.5011178018062337,2.562170642565519,375973.3349454476,188182202230.11203,198319426918.63403,68494249.47013839,26644079.65654512,24435.939374121645,19739.726458563055,3655.738280968606,8.479964033528434,3.3303173242343878,1.2792409829208133
10,9300.0,155.0,2.5833333333333335,27.839648575009157,27.79008932978816,0.000676787544033577,86.50446760732068,86.94813070857728,86.48814512482565,1.000188725084478,0.0001887250844779932,399.1452941277915,404.15025203939945,159.58625115632307,161.9068282011994,2.5011258252868402,2.4961902875224475,371540.47144634114,188204633447.48886,184539796443.30405,68547551.04988572,26664958.47856627,24470.314873649055,19784.508137795732,3660.9094985643487,8.496808773366276,3.336987856576207,1.2818033466810972
10,9360.0,156.0,2.6,27.799041322516583,27.951689948624537,0.000676787544033577,86.13514814897422,85.92872205548397,86.11900987596117,1.000187395013439,0.0001873950134389578,399.443069053676,407.1779159527529,159.70486645374822,155.31732195543884,2.501132732666965,2.621587282258021,367143.34241995524,188226800885.65552,185693978070.48672,68600263.39870869,26685617.761812035,24504.331410912462,19828.870835495007,3666.0298586464087,8.513486818793941,3.3435939057184374,1.2843414898752408
10,9420.0,157.0,2.6166666666666667,27.758434070021938,27.64811891348898,0.000676787544033577,85.76929824439365,85.81060459289161,85.7533418892419,1.0001860726917484,0.0001860726917484676,399.7375301549563,413.01002876498467,159.8222260519629,163.63843512409025,2.5011385464308944,2.523918225273855,362782.4938848571,188248706645.6737,170127033732.29227,68652391.71724825,26706059.332833257,24537.991751034788,19872.81676997916,3671.099725043039,8.529999266990083,3.350135879646608,1.286855561532318
10,9480.0,158.0,2.6333333333333333,27.71782681752202,27.563741161822556,0.000676787544033577,85.40689966415422,85.686918142022,85.3911229472902,1.0001847582783723,0.00018475827837237122,400.0287066249295,399.87510349383484,159.93834038602833,156.81743669085392,2.501143288466151,2.54994031232725,358458.70841674536,188270352797.1798,186192463390.5354,68703941.081465,26726284.974330954,24571.298589190934,19916.348130968883,3676.119452130496,8.546347185500945,3.356614175157471,1.2893457065085552
10,9540.0,159.0,2.65,27.677219565013374,27.74294448949701,0.000676787544033577,85.04793441690633,85.23757200904267,85.03233506466253,1.0001834520036634,0.00018345200366347983,400.31662694499346,412.6269743087575,160.05321963689124,162.18993705181597,2.501146980068141,2.544097259110056,354173.01909121644,188291741378.38535,184347633481.5789,68754916.44254887,26746296.42511999,24604.254550077196,19959.467079587244,3681.0893847625175,8.562531611775604,3.363029177681833,1.2918120654223872
10,9600.0,160.0,2.6666666666666665,27.636612312492268,27.66452799727597,0.000676787544033577,84.69238474937536,84.65773891480586,84.6769604875456,1.0001821541744171,0.00018215417441717264,400.601318884647,401.9563033060135,160.16687373138387,157.55843886698585,2.5011496419446644,2.551156930701462,349926.7223220434,188312874396.07672,194922271388.77997,68805322.62683114,26766095.380093336,24636.86218739317,20002.175748359736,3686.0098582012906,8.57855355271147,3.3693812611112426,1.2942547745908572
10,9660.0,161.0,2.683333333333333,27.596005059954706,27.65327244811533,0.000676787544033577,84.3402331463618,84.82672650751266,84.32498169349329,1.0001808651785298,0.0001808651785297517,400.88280950148993,412.1293611121434,160.27931234222393,160.19228843174656,2.5011512942202803,2.5727166091877147,345721.38859829056,188333753825.61508,194870021220.2663,68855164.3356977,26785683.49018716,24669.12398333477,20044.476241214215,3690.881198049915,8.594413984209359,3.3756707876282546,1.2966739659673596
10,9720.0,162.0,2.7,27.555397807396425,27.489069716038475,0.000676787544033577,83.99146233074113,84.16821261367856,83.97638139117525,1.000179585489587,0.00017958548958697638,401.16112514122284,395.4112903909246,160.3905448880147,163.05574611336357,2.501151956440544,2.4250067833611775,341558.87244332174,188354381610.9367,191857187632.3699,68904446.14550476,26805062.362346675,24701.042348099334,20086.37063348097,3695.703720186375,8.610113850738669,3.3818981075404313,1.2990697670807085
10,9780.0,163.0,2.716666666666667,27.514790554812897,27.40792960650813,0.000676787544033577,83.64605526346396,83.27777743023245,83.63114252016366,1.0001783156710635,0.00017831567106362008,401.4362914376471,410.08722955350277,160.5005805332448,167.23422670490731,2.501151647576109,2.452172845437442,337441.3204293609,188374759664.5528,187330363373.55786,68953172.50749587,26824233.559492532,24732.619619401732,20127.86097189264,3700.477730698939,8.625654064911807,3.388063559117869,1.3014423009754936
10,9840.0,164.0,2.7333333333333334,27.47418330219932,27.288411367293048,0.000676787544033577,83.30399514355591,83.29586077692359,83.28924825074957,1.000177056380218,0.00017705638021784536,401.70833331266533,394.73361154554715,160.60942818828855,161.39546648036458,2.501150386026699,2.4457540236644166,333371.1776561378,188394889867.54935,176456994437.60345,69001347.747721,26843198.60048822,24763.858062001644,20168.949274584294,3705.2035258229844,8.64103550706828,3.394167468434273,1.3037916861537253
10,9900.0,165.0,2.75,27.433576049550634,27.41663223094159,0.000676787544033577,82.96526540811765,82.681835768808,82.95068198377874,1.0001758083717958,0.00017580837179567428,401.9772749762806,393.3265790735568,160.71709650940562,159.27799685858622,2.5011481896249648,2.469434490834091,329351.1932167413,188414774069.58755,191234359704.28986,69048976.06695731,26861958.96010785,24794.75986724197,20209.637531093395,3709.881391879262,8.656259024867968,3.4002101492115404,1.3061180365177463
10,9960.0,166.0,2.7666666666666666,27.39296879703317,27.31768583779697,0.000676787544033577,82.62984731066683,82.8559542684095,82.61542735193512,1.0001745431718252,0.00017454317182527743,402.24323564990294,407.9649078088775,160.82362700786024,159.5579188197712,2.5011451559306233,2.5568452561085024,325275.10368638556,188434416682.77042,180845493097.0556,69096078.8527835,26880522.00918421,24825.33925577974,20249.92799324965,3714.513201795173,8.671331718502737,3.406194270692202,1.308422334329293
10,10020.0,167.0,2.783333333333333,27.352361544554206,27.445092824582176,0.000676787544033577,82.29772599348826,81.88673830975533,82.28346821607178,1.0001732763302955,0.00017327633029559246,402.5061895384781,407.3567171371038,160.92901102822347,162.45369288122666,2.501141260775456,2.50752512862192,321202.0757852858,188453818177.47568,177972450166.99445,69142651.27114952,26898886.120385535,24855.592145677794,20289.82244576359,3719.0984139604197,8.686251195875176,3.4121189260890423,1.3107042434484466
10,10080.0,168.0,2.8,27.31175429207434,27.508031343973794,0.000676787544033577,81.96888608102378,82.07679442621061,81.95478866775477,1.0001720145155417,0.00017201451554178562,402.76614001498234,386.1753339847665,161.0332499959289,155.1020720653404,2.501136504573836,2.4898141516902563,317157.30364313093,188472979802.32886,181812833232.87186,69188693.76520483,26917051.475886602,24885.518148055715,20329.322735549114,3723.6369736627594,8.701016983270867,3.41798393122993,1.31296369408907
10,10140.0,169.0,2.816666666666667,27.271147039592044,27.167780074570857,0.000676787544033577,81.64331189759768,82.05022053411132,81.62937302908473,1.0001707580004073,0.0001707580004073452,403.02311101417007,399.85327735555103,161.13635244051093,159.15930141340868,2.5011309050387003,2.512283440582283,313141.9884373603,188491903350.99512,192996595654.30545,69234210.49988091,26935019.533754107,24915.11948773631,20368.430745570266,3728.1291707384353,8.715629968756375,3.423789614922348,1.3152008055387112
10,10200.0,170.0,2.8333333333333335,27.23053978710571,27.2476646056577,0.000676787544033577,81.32098800322947,81.24655475151404,81.30720585236965,1.0001695071268941,0.00016950712689413328,403.27712585296865,409.50825923427493,161.23832666992752,162.60123901635416,2.501124479408181,2.5184817884019153,309157.5520805701,188510590588.2635,184775729322.3284,69279205.531554,26952791.713684876,24944.398326486116,20407.148330479362,3732.5752864745973,8.730091012598004,3.429536295454291,1.3174156931624168
10,10260.0,171.0,2.85,27.18993253461361,27.05417796233857,0.000676787544033577,81.00189919363379,80.86493193526269,80.98827192014514,1.0001682623071904,0.0001682623071904577,403.52820723047853,421.2596843117773,161.33918077056006,161.80024584209818,2.501117244448729,2.6035787654048876,305205.6340642718,188529043250.0472,200318864545.5149,69323682.80797747,26970369.396978278,24973.35676262901,20445.477316616983,3736.9755935574667,8.744400946921695,3.435224280464068,1.319608468354886
10,10320.0,172.0,2.8666666666666667,27.14932528211394,27.388319108849117,0.000676787544033577,80.68603050022044,80.68151882938008,80.67255624522922,1.0001670240242575,0.00016702402425756863,403.77637722797294,399.2965457185077,161.4389226072135,159.5096641231867,2.501109216458133,2.5032749452104515,301288.08658025245,188547263043.3835,184758184443.14526,69367646.16821522,26987753.926509477,25001.99683066849,20483.419502011977,3741.33035602167,8.758560575380448,3.4408538668129243,1.3217792384936655
10,10380.0,173.0,2.8833333333333333,27.10871802960477,27.21453999955363,0.000676787544033577,80.37336719009443,80.31724003481638,80.36004407080664,1.0001657928320205,0.0001657928320204856,404.0216573088981,398.9417331824464,161.53755982311614,159.6705610212517,2.501100411268453,2.498530290310362,297406.96817361534,188565251646.43365,197366449061.6368,69411099.34257704,27004946.606703095,25030.320500918984,20520.97665638147,3745.639829200688,8.772570672829183,3.446425340460493,1.323928106893359
10,10440.0,174.0,2.9,27.0681107770841,27.166316282233712,0.000676787544033577,80.0638947660559,80.03751819453602,80.05072087054559,1.0001645693551169,0.00016456935511686697,404.2640683188735,411.87572638706376,161.63509983991992,157.56960354485489,2.501090844248856,2.6139288106402847,293564.53584999434,188583010708.48297,192408339469.15594,69454045.95255488,27021948.703507595,25058.32967914547,20558.150521130843,3749.9042596784193,8.786431985006926,3.451938976342972,1.3260551727608352
10,10500.0,175.0,2.9166666666666665,27.027503524549815,27.06666572635286,0.000676787544033577,79.75759896660018,79.94636923573283,79.74457234874971,1.0001633542881576,0.00016335428815771248,404.50363048569113,407.5647329500534,161.73154985770014,163.9870387944258,2.501080530308369,2.4853472319905516,289763.2355714262,188600541849.94086,193834522162.33936,69496489.51076037,27038761.444369968,25086.02620621134,20594.94280935375,3754.123885241821,8.80014522822614,3.457395038253998,1.3281605311514153
10,10560.0,176.0,2.933333333333333,26.986896271999704,27.021817970230067,0.000676787544033577,79.45446576591779,79.4260584596295,79.44158444053787,1.00016214839458,0.000162148394579969,404.7403634193162,414.49473158705337,161.82691685495564,161.6510973634396,2.5010694838985423,2.5641318762912344,286005.69153199316,188617846662.34067,205765163402.47037,69538433.42086455,27055386.018211327,25113.411857735002,20631.355205832115,3758.2989348346337,8.813711089069356,3.462793778728259,1.3302442729260533
10,10620.0,177.0,2.95,26.94628901943146,26.95641919366375,0.000676787544033577,79.15448137389438,79.52869953112119,79.14174331206678,1.000160952504892,0.00016095250489210253,404.9742861118871,399.6579294511486,161.92120758860875,162.8471830668297,2.5010577190160315,2.4541900076167473,282294.69361589773,188634926708.34,173627886364.32294,69579880.97753811,27071823.575402666,25140.488343754398,20667.38936703613,3762.4296285121627,8.827130224092722,3.4681354389277335,1.3323064847094637
10,10680.0,178.0,2.966666666666667,26.905681766842672,26.95984872266551,0.000676787544033577,78.85763223611079,78.47034374996109,78.84503536077867,1.0001597675145237,0.00015976751452366044,405.2054169377148,412.064962634485,162.01442859400524,162.40546404170274,2.5010452492050947,2.5372604614378877,278633.1839043588,188651783521.72043,198693755115.7534,69620835.36639328,27088075.227741417,25167.257308399327,20703.04692112425,3766.5161773971013,8.840403259536457,3.4734202485305143,1.3343472488492178
10,10740.0,179.0,2.9833333333333334,26.86507451423084,27.001799369269122,0.000676787544033577,78.56390503384303,78.05280650337728,78.55144721569019,1.0001585943810638,0.00015859438106381342,405.43377365328354,413.0989015578142,162.10658618491442,160.74576804228624,2.5010320875600125,2.5698897494405157,275024.241587557,188668418607.38748,190338106937.80078,69661299.66392696,27104142.04842845,25193.720329572076,20738.3294679432,3770.558783636393,8.853530791042221,3.4786484256222403,1.3363666433757517
10,10800.0,180.0,3.0,26.82446726159336,27.005069439366547,0.000676787544033577,78.27328668406226,78.3646731610876,78.26096573771383,1.0001574341209858,0.00015743412098589727,405.6593733972503,403.1455004006898,162.197686453529,159.02588175614125,2.5010182467274285,2.5350936334935374,271471.06674764963,188684833441.37088,181694213205.72113,69701276.83746538,27120025.072045516,25219.878918635746,20773.238579027977,3774.5576403590867,8.866513383377331,3.48382017659012,1.3383647419633422
10,10860.0,181.0,3.0166666666666666,26.783860008927523,26.708417032184435,0.000676787544033577,77.98576433943485,77.58143624880277,77.97357802001486,1.0001562878058112,0.00015628780581119364,405.8822326904452,416.80048384029664,162.28773527046525,162.3019628030841,2.501003738908616,2.568055719362973,267976.9629685981,188701029470.82425,196384803243.42047,69740769.74510957,27135725.294533376,25245.73452011001,20807.775797601837,3778.5129316352286,8.879351570165495,3.488935696019399,1.3403416138919702
10,10920.0,182.0,3.033333333333333,26.743252756244516,26.662317305584388,0.000676787544033577,77.70132494649533,77.47049998160873,77.6892713885083,1.0001551508692461,0.0001551508692461958,406.10238482878106,416.87735944944615,162.37674425123546,160.476829959895,2.500988591078314,2.5977417397491496,264525.9220043083,188717008637.62903,197366000979.56006,69779784.28393804,27151244.744911954,25271.290720031808,20841.94269164863,3782.425121164212,8.892047005917352,3.493995599702541,1.3422974831504741
10,10980.0,183.0,3.05,26.702645503659948,26.666493156295004,0.000676787544033577,77.41995238326898,77.41542748480406,77.40803340290246,1.0001539760131157,0.00015397601311583763,406.31999256327373,416.416534378975,162.4647694100592,164.15913840339044,2.500972943479991,2.5366637424455107,260957.4247786771,188732776770.5609,183942579788.92242,69818349.78746647,27166593.429182686,25296.567566487218,20875.74119774188,3786.2968243985824,8.904609942545228,3.4990037349177117,1.344233761048685
10,11040.0,184.0,3.066666666666667,26.662038251069735,26.600940188936686,0.000676787544033577,77.14163770471636,77.27235053941412,77.12985185492872,1.0001528052952806,0.00015280529528061707,406.5349447790546,429.00167431702135,162.55177280442757,165.33262683456897,2.500956696843736,2.594779279387355,257415.83869420647,188748331443.5448,190983472714.47586,69856446.02004078,27181764.477366906,25321.55034346127,20909.172390360818,3790.1261119146875,8.917032499402856,3.503957133412138,1.3461493545687424
10,11100.0,185.0,3.0833333333333335,26.621430998473727,26.555394116271668,0.000676787544033577,76.86636891311076,76.62872399510287,76.85471477110595,1.0001516386085034,0.0001516386085033852,406.7472591935132,402.50680849526697,162.63776067687792,161.81180163027906,2.500939864768687,2.4874997029879666,253900.92266560523,188763674098.64972,180695807326.02936,69894076.06715965,27196758.957022794,25346.240698123904,20942.237710673802,3793.913193018261,8.929315332910308,3.508856035582162,1.3480443496008885
10,11160.0,186.0,3.1,26.580823745871786,26.69230137846061,0.000676787544033577,76.59413424292434,76.21130788658508,76.58261041256075,1.0001504758103896,0.0001504758103896677,406.956953043845,411.96367191661346,162.72273909558461,157.50476487350377,2.5009224605345124,2.615563232309018,250412.3204357591,188778806153.21188,189779484017.22864,69931242.92984608,27211577.90548362,25370.640227587726,20974.938571957457,3797.6582701486705,8.94145907691397,3.513700673239417,1.3499188288240127
10,11220.0,187.0,3.1166666666666667,26.540216493263795,26.645225316546806,0.000676787544033577,76.32492216082822,76.69568412860762,76.31352727561634,1.0001493167151183,0.00014931671511829255,407.1640430870516,394.9008575236739,162.80671395435945,163.42694544438555,2.5009044971031984,2.416375441943625,246949.53700752318,188793728999.83514,188155418092.6966,69967949.52460158,27226222.329839468,25394.750478662172,21007.276359596628,3801.3615388456938,8.953464342470458,3.51849126952769,1.3517728716750521
10,11280.0,188.0,3.1333333333333333,26.499609240649637,26.524727645064083,0.000676787544033577,76.05872136569239,76.43886912329442,76.04745409241202,1.0001481610846128,0.00014816108461271428,407.3685455999407,406.668951110973,162.88969097265144,165.55499108204404,2.5008859871207956,2.456398012847829,243511.9142853861,188808444006.3908,202165290903.51892,70004198.68336202,27240693.206919305,25418.57294761386,21039.252431084416,3805.023187717069,8.965331717635593,3.52322803884175,1.3536065543191067
10,11340.0,189.0,3.15,26.459001988029208,26.494715976928447,0.000676787544033577,75.7955207885858,76.19313588700716,75.78437983158098,1.0001470086187891,0.00014700861878906568,407.5704763791261,398.79802458272025,162.97167569554657,159.53322477482718,2.5008669429191097,2.4997803758157766,240098.6048325297,188822952516.01736,184584552051.4709,70039993.15345411,27254991.48327326,25442.109079932197,21070.868116022146,3808.6433984067207,8.977061767258274,3.5279111867479367,1.3554199496201904
10,11400.0,190.0,3.1666666666666665,26.418394735402426,26.428884994052368,0.000676787544033577,75.5353095927763,75.63477996510372,75.52429369895606,1.0001458589452574,0.00014585894525744394,407.7698507410274,399.35147573559004,163.05267349376828,166.9097568062037,2.5008473765173314,2.392619121716598,236708.54511721968,188837255847.12106,186493286597.8651,70075335.5975531,27269118.07515579,25465.360270100886,21102.124716119386,3812.2223455638423,8.988655032779114,3.532540909906662,1.3572131271127148
10,11460.0,191.0,3.183333333333333,26.377787482769214,26.410415136807337,0.000676787544033577,75.27807717373065,74.93499939048596,75.26718513832414,1.000144711608206,0.00014471160820610327,407.9666835218707,418.1018913490321,163.13268956367708,167.36072082933748,2.500827299623632,2.498207998132265,233340.42748098364,188851355293.3752,189115253184.09015,70110228.5936412,27283073.86850865,25488.327861374826,21133.023505193934,3815.760196812579,9.000112032034004,3.5371173959966837,1.358986152973571
10,11520.0,192.0,3.2,26.337180230129505,26.417168023004365,0.000676787544033577,75.02381315911452,74.90170500599916,75.01304383222045,1.000143566056567,0.000143566056566979,408.1609890776878,404.6005640022202,163.21172892727074,167.9544634902634,2.5008067236366918,2.4089896487072258,229992.67129651684,188865252123.72086,186834354342.2718,70144674.63496718,27296859.718944617,25511.01314556232,21163.56572917185,3819.257112722532,9.011433259062194,3.541640823641198,1.3607390899949192
10,11580.0,193.0,3.216666666666667,26.29657297748325,26.353042303331677,0.000676787544033577,74.77250740879252,74.63558934631155,74.76185970277302,1.0001424216313215,0.00014242163132149408,408.3527812843168,417.84680519047396,163.28979643218426,163.7744415527731,2.500785659647199,2.5513553960483573,226663.3930168435,188878947582.36624,195625036557.6121,70178676.13000654,27310476.451731484,25533.417362812877,21193.752606087404,3822.713246779883,9.022619183919264,3.5461113623356866,1.3624719975575834
10,11640.0,194.0,3.2333333333333334,26.25596572483041,26.312166844561478,0.000676787544033577,74.52415001482817,75.068789661396,74.51362291258424,1.00014127755211,0.00014127755210985673,408.5420735374016,394.59230557670537,163.36689675168978,160.85389007839004,2.500764118439288,2.4531101199007743,223350.37581894177,188892442888.78714,182569882281.95395,70212235.40242301,27323924.861776363,25555.54170141012,21223.585326083125,3826.1287453592904,9.03367025249458,3.5505291723775327,1.3641849316051324
10,11700.0,195.0,3.25,26.21535847217096,26.265568782968494,0.000676787544033577,74.27873130148389,74.25305215822439,74.26832386566646,1.0001401329029083,0.00014013290290826896,408.72887875239246,407.21121518700835,163.4430343846967,160.59078348815459,2.5007421104919363,2.535707257552827,220051.03828565733,188905739237.72662,187351521984.15652,70245354.69103082,27337205.713610474,25577.387297570087,21253.06505140976,3829.503747696448,9.044586886333406,3.5548944047974027,1.365877944618569
10,11760.0,196.0,3.2666666666666666,26.174751219504877,26.217556926410378,0.000676787544033577,74.03624182522103,74.18964006994437,74.02595320841472,1.0001389866169956,0.00013898661699552443,408.9132093645456,415.1971510112524,163.51821365575162,165.0695079682763,2.5007196459803205,2.5152867790158226,216762.40306145328,188918837799.1954,192983840720.9918,70278036.14975777,27350319.74137422,25598.955235244575,21282.192916426324,3832.838385861319,9.05536948246349,3.5592072012923035,1.367551085591661
10,11820.0,197.0,3.283333333333333,26.134143966832166,25.972228918236112,0.000676787544033577,73.79667237469987,73.90439911317495,73.7865018306368,1.0001378374609278,0.00013783746092770434,409.0950773289233,396.57705291704553,163.59243871503833,162.86159631242788,2.500696734777125,2.4350556662619605,213481.06485518292,188931739718.47134,196067530383.3037,70310281.8476091,27363267.648802537,25620.246545929585,21310.970027600033,3836.13278473206,9.066018413226125,3.5634676941603747,1.3692044000068848
10,11880.0,198.0,3.3,26.09353671415283,25.968353025951945,0.000676787544033577,73.56001397077956,73.21994427417795,73.54996086662479,1.0001366840177253,0.00013668401772515536,409.27449412039385,409.7958586439271,163.6657135383779,166.10603496923156,2.5006733864538053,2.467073870734649,210203.1587454059,188944446116.0999,188094753765.5225,70342093.76863259,27376050.109210853,25641.262208478925,21339.39746350638,3839.3870619696427,9.076534026111752,3.567676006237387,1.370837929812018
10,11940.0,199.0,3.316666666666667,26.052929461473862,25.97477479987268,0.000676787544033577,73.32625956006771,73.0666059972794,73.31632169631655,1.0001355477678262,0.00013554776782618238,409.4515255752934,419.34183721152857,163.73806018319863,161.0263388321984,2.500649666407296,2.604181652844473,206994.86871555925,188956960059.54968,199240517397.0604,70373483.755206,27388671.054537974,25662.01011352185,21367.476071399695,3842.602209767708,9.086920281079482,3.571833605677859,1.372452205551117
10,12000.0,200.0,3.3333333333333335,26.01232220880092,26.19010733234449,0.000676787544033577,73.09540199162402,73.09771980070857,73.08557594642402,1.0001344457517474,0.0001344457517472885,409.62622637168135,409.1529904401593,163.80949697799178,163.11996169038457,2.500625628724784,2.5082950375918194,203907.0622277233,188969284207.6604,201943454687.95944,70404461.62998275,27401133.746428773,25682.496752638333,21395.20671025179,3845.7790426989577,9.097180414357098,3.5759416909568422,1.3740476597244262
10,12060.0,201.0,3.35,25.971714956125506,25.957015750502897,0.000676787544033577,72.86743091059401,73.46789425840173,72.85771549158332,1.0001333478403096,0.00013334784030953484,409.79853943689113,409.96133318435693,163.88000503658762,158.31797280970744,2.500601213341433,2.5894806881914527,200847.10419294878,188981417194.16492,192383715573.91364,70435016.95580661,27413434.74262599,25702.714431013075,21422.590623889027,3848.916578651995,9.107310254251342,3.579998701104933,1.3756237223477368
10,12120.0,202.0,3.3666666666666667,25.93110770344806,25.99955592303093,0.000676787544033577,72.6423383575798,72.54417259928073,72.63273245576256,1.0001322530695522,0.00013225306955220005,409.96847727013085,411.91346066924456,163.9495886177409,162.29297956632644,2.500576431612762,2.5380855152819617,197812.1278811332,188993360146.5604,181686026198.0019,70465151.91114797,27425574.771514762,25722.664293764705,21449.62876839524,3852.0149541452483,9.117310247078887,3.5840047949689433,1.3771804480657974
10,12180.0,203.0,3.3833333333333333,25.890500450769036,25.82027769558977,0.000676787544033577,72.42011660875649,72.5217016545824,72.41061921354449,1.0001311602540504,0.00013116025405038702,410.1360519996756,407.5453735410285,164.018251842215,158.627554498934,2.500551294707281,2.5691965990925447,194798.68457698447,189005114171.53986,192305739834.79712,70494868.60922447,27437554.53757182,25742.34744682785,21476.3220715572,3855.07430017933,9.127180821225778,3.587960124505636,1.378717888922543
10,12240.0,204.0,3.4,25.849893198088914,25.82865942081385,0.000676787544033577,72.20075817587212,72.14168061976689,72.19136839150707,1.000130067964831,0.00013006796483109578,410.3012753828682,411.2360401141283,164.08599869278203,166.63266878950256,2.5005258136075015,2.4679196648624706,191802.7023876665,189016680354.99152,186881008459.50626,70524169.09797175,27449374.72135343,25761.764956802566,21502.67143286463,3858.09474221655,9.136922387015716,3.5918648347308286,1.3802360943423566
10,12300.0,205.0,3.4166666666666665,25.809285945408213,25.855546062621773,0.000676787544033577,71.98425580624776,72.28315370966372,71.97497286966531,1.0001289745061699,0.0001289745061698215,410.4641588061188,404.76881841376087,164.15283301422278,162.3557938815395,2.5004999991109185,2.493097466599156,188819.44515722312,189028059761.99927,185079707563.40012,70553055.36001457,27461035.979483955,25780.917850807564,21528.6777235102,3861.076400160944,9.146535336581682,3.595719063669792,1.3817351111117944
10,12360.0,206.0,3.433333333333333,25.768678692727462,25.687047037528753,0.000676787544033577,71.77060248277746,71.98395053998182,71.7614257829666,1.0001278778913705,0.00012787789137048508,410.6247132849049,401.71530005512085,164.2187585133267,165.13313383488298,2.5004738618309665,2.4326753252124247,185843.4722761255,189039253436.84265,194680424438.11176,70581529.31263913,27472538.944644522,25799.807116337084,21554.341786389512,3864.0193883388,9.15602004374059,3.599522942308841,1.3832149833617744
10,12420.0,207.0,3.45,25.728071440047223,25.864386497003395,0.000676787544033577,71.55979142392822,71.30046372487507,71.55072052284568,1.0001267758174377,0.00012677581743766718,410.7829494637714,396.9831959109033,164.28377875889194,162.2914197444446,2.5004474121979468,2.4461132728767843,182868.59970594602,189050262402.99677,185929817671.67664,70609592.8077654,27483884.225562017,25818.433701121387,21579.66443610113,3866.9238154796794,9.165376863871302,3.6032765945481984,1.3846757525502116
10,12480.0,208.0,3.466666666666667,25.68746418736809,25.568966308240515,0.000676787544033577,71.35181608374006,71.17536151323581,71.34285073883578,1.0001256656386932,0.00012566563869310704,410.93887761633067,425.54847703459274,164.34789718172533,160.75830250235563,2.500420660459932,2.647132187952514,179887.8630963706,189061087663.13214,193918763903.13498,70637247.63192065,27495072.40699827,25836.798512991038,21604.646458946558,3869.7897846979276,9.174606133795862,3.606980137156074,1.3861174574451174
10,12540.0,209.0,3.4833333333333334,25.64685693469067,25.803487464921137,0.000676787544033577,71.14667015182599,71.19708610794645,71.1378103402411,1.0001245443392552,0.00012454433925515574,411.09250764526263,407.9833587038172,164.41111707464233,158.8847964032126,2.500393616683642,2.567793570811209,176893.4836436372,189071730199.11493,171846434702.3467,70664495.50621341,27506104.049739577,25854.902419744736,21629.28861293023,3872.617393474703,9.183708171663778,3.610633679723975,1.3875401341081401
10,12600.0,210.0,3.5,25.60624968201561,25.5571245459893,0.000676787544033577,70.94434755337195,71.26734181901615,70.93559349787623,1.0001234085043074,0.00012340850430737142,411.2438490823144,413.4093316070948,164.47344159246717,167.5420152582466,2.5003662907552924,2.467496472272177,173876.8375656976,189082190972.00696,189792071326.09683,70691338.08630797,27516979.690586522,25872.746249020587,21653.591627759546,3875.406733640465,9.192683276839535,3.614237324623203,1.3889438158785614
10,12660.0,211.0,3.5166666666666666,25.565642429343566,25.63996521175935,0.000676787544033577,70.74484244913695,70.67304941003403,70.73619464585421,1.00012225429041,0.00012225429041012664,411.3929110883006,402.0459327800753,164.5348737520327,159.0289483447084,2.5003386923814266,2.528130487970074,170828.43122535356,189092470922.06528,187816962846.0758,70717776.96239962,27527699.842343856,25890.330788171028,21677.55620484483,3878.1578913579324,9.201531729793082,3.617791166962541,1.3903285333577164
10,12720.0,212.0,3.533333333333333,25.52503517667524,25.448245519288562,0.000676787544033577,70.5481492354529,70.69306302490796,70.5396084834549,1.0001210773944118,0.00012107739441169884,411.53970245310325,415.04457571042633,164.59541643218043,164.02737343836228,2.500310831089718,2.530337266336771,167737.88221955043,189102570968.74304,192763745362.71716,70743813.65919086,27538264.993810937,25907.656784141203,21701.18301729937,3880.87094710558,9.210253791993622,3.6212952945471644,1.3916943143938862
10,12780.0,213.0,3.55,25.484427924011346,25.739912407393692,0.000676787544033577,70.35426254422475,70.29125678781025,70.3458299770476,1.0001198730213277,0.00011987302132768529,411.68423159567186,413.68526224149724,164.65507237376062,168.2247789033401,2.5002827162297474,2.4591220445544213,164593.90937943023,189112492010.68845,182984257344.89178,70769449.63586736,27548675.609772135,25924.72494335079,21724.47270993939,3883.54597566153,9.218849705806157,3.6247497878387023,1.3930411840675916
10,12840.0,214.0,3.566666666666667,25.443820671352626,25.24609962229247,0.000676787544033577,70.1631772429304,69.62525014871123,70.15485436208232,1.0001186358509866,0.00011863585098656217,411.8265065640232,403.48645151237116,164.71384417963213,166.39536817737132,2.500254356973766,2.424865883780307,161384.33336432208,189122234925.74548,196816864685.98923,70794686.28607555,27558932.130987607,25941.535931579296,21747.425899284055,3886.183046087962,9.227319694391412,3.628154719916478,1.39436916467734
10,12900.0,215.0,3.5833333333333335,25.40321341869985,25.33378859908798,0.000676787544033577,69.97488843462078,69.82178716235312,69.96667714515495,1.0001173600033741,0.00011736000337415382,411.9665350352417,415.0528898685746,164.77173431466255,167.58188331611973,2.500225762317427,2.476716943714229,158096.0903550523,189131800570.9537,196254039767.08258,70819524.93790014,27569034.974184368,25958.0903738547,21770.043173555485,3888.7822217159937,9.235663961608488,3.631510156439931,1.3956782757258122
10,12960.0,216.0,3.6,25.362606166054395,25.324760642417584,0.000676787544033577,69.78940027223385,69.78094534444571,69.7812941061345,1.000116165316267,0.00011616531626689978,412.1043400233758,418.13237626612005,164.8287498131283,168.46752706654868,2.500196964974811,2.481976102735501,155052.26664243094,189141190202.32385,188134392797.65378,70843969.72760342,27578985.395448014,25974.390908296,21792.32403390226,3891.343796572164,9.243883781439141,3.6348165500737366,1.3969686729008086
10,13020.0,217.0,3.6166666666666667,25.32199891341282,25.451400045215916,0.000676787544033577,69.60670545262508,69.68424680879507,69.59870130034638,1.0001150043338332,0.00011500433383318737,412.2399560831089,420.4643442375198,164.88490225340726,163.63155918742112,2.500167998702199,2.5695797700975658,152121.53459448853,189150405739.6136,181955379279.34174,70868026.85411641,27588785.44983936,25990.441580568833,21814.26935757899,3893.8682742093806,9.251981150561765,3.63807463804872,1.398240620897714
10,13080.0,218.0,3.6333333333333333,25.28139166077053,25.18750134272004,0.000676787544033577,69.42679879013816,69.2574463574553,69.41889506085764,1.0001138555903777,0.00011385559037779556,412.37336248975816,422.21026270847574,164.94018368930688,161.8121555825907,2.50013885801494,2.609261715773726,149245.4248848286,189159447884.90494,184178274791.11484,70891692.48996614,27598433.68401286,26006.23923652158,21835.879767487328,3896.3551872727703,9.25995423915807,3.641283706008535,1.3994938449920755
10,13140.0,219.0,3.65,25.2407844081268,25.262550748921104,0.000676787544033577,69.24967258490891,69.19872826239545,69.24187200085368,1.0001126570358343,0.00011265703583427141,412.5045855918494,417.8521371918126,164.99460024719184,163.2955967379624,2.5001096094892965,2.5588695931730028,146262.13520946514,189168320871.10648,191030400706.1239,70914971.32087663,27607931.185485125,26021.786372266346,21857.156188535886,3898.8046941510192,9.267804064579199,3.6444440622537355,1.4007284229203
10,13200.0,220.0,3.6666666666666665,25.200177155482848,25.006095325008992,0.000676787544033577,69.07532829592999,69.4018323851685,69.06762901604962,1.0001114745067994,0.00011147450679942973,412.6336131150381,408.8595821139289,165.04815052620847,161.001420176675,2.500080199623411,2.5394781093562195,143344.91931766082,189177021614.99194,186868564305.27472,70937861.11030573,27617277.67113062,26037.08173163805,21878.098445470292,3901.2167765316444,9.27553006083879,3.6475555522547936,1.401944327420198
10,13260.0,221.0,3.683333333333333,25.159569902839262,25.050187650202112,0.000676787544033577,68.90376371011061,69.17258338167734,68.89616328717864,1.0001103170709273,0.00011031707092732371,412.76044793096105,406.5370129007264,165.10083622884218,165.56368686115957,2.500050619724566,2.4554720942017028,140515.91850226297,189185549762.93207,195332525149.1098,70960362.33828703,27626473.42209243,26052.12556224547,21898.706804127272,3903.5914979397157,9.28313231085891,3.650618217171229,1.4031415793401467
10,13320.0,222.0,3.7,25.11896265019663,24.889249152088777,0.000676787544033577,68.73497661435994,68.94981715586242,68.72747228258473,1.000109189695561,0.00010918969556094975,412.88509291125473,416.89650904626046,165.1526590575787,166.70389099448207,2.5000208611070973,2.500820506103603,137786.06395807865,189193904961.29767,190875629501.3384,70982475.4855611,27635518.71980476,26066.918115646484,21918.98153034357,3905.9289225224884,9.290610901128982,3.653632099616959,1.4043202000943906
10,13380.0,223.0,3.716666666666667,25.0783553975534,25.000663675917885,0.000676787544033577,68.56896219946029,69.18426765941352,68.56155376086397,1.0001080552903185,0.0001080552903184574,413.0075690986591,398.8529019667577,165.20362257437927,168.0705673952936,2.4999909969450673,2.3731275984133235,135060.69808577897,189202091756.10507,193431720681.69754,71004204.28227963,27644414.199278217,26081.461135282938,21938.923201802987,3908.2290715421323,9.297966427449548,3.656597332524788,1.4054801951956164
10,13440.0,224.0,3.7333333333333334,25.037748144909955,24.947779261047476,0.000676787544033577,68.40571801177403,68.5227406673322,68.39840577363826,1.0001069065580266,0.00010690655802661997,413.12788104847306,400.2041073380747,165.2537286540212,174.18149426756906,2.499961026074072,2.2976270184208016,132322.47411151664,189210110247.70697,193199236923.8453,71025549.51232877,27653160.175548244,26095.755019238684,21958.532113236775,3910.4920062571,9.305199030444225,3.65951396955826,1.4066215855457247
10,13500.0,225.0,3.75,24.997140892267055,25.08345197347234,0.000676787544033577,68.24524204096932,69.09793699389031,68.23802666837314,1.0001057382950307,0.00010573829503077493,413.24603021315994,406.3491522987905,165.30297885376385,162.00657118013626,2.499930933360494,2.50822635982443,129559.90025415889,189217959699.80884,203517459002.1717,71046511.40554564,27661756.903608598,26109.799915372292,21977.808506126228,3912.717795963781,9.312308767861314,3.66238205062941,1.4077443954127768
10,13560.0,226.0,3.7666666666666666,24.956533639624933,24.757264073622142,0.000676787544033577,68.08753164281218,67.76530471332359,68.08041509129184,1.0001045315530288,0.00010453155302883408,413.36202248206195,423.0786524675578,165.3513751848991,169.29936864185333,2.499900723654899,2.4989972252204042,126728.70324266408,189225640572.47397,162437199706.28946,71067090.9857883,27670204.72503502,26123.596338793104,21996.752698097058,3914.906499930369,9.319295824433276,3.665201638757339,1.408848645582514
10,13620.0,227.0,3.783333333333333,24.915926386983212,24.968054538018148,0.000676787544033577,67.93258759504192,67.79698539933534,67.92556999038256,1.0001033131508557,0.00010331315085557474,413.47586376874835,407.066966085069,165.3989183658436,168.07335474995912,2.4998704214871994,2.4219601416932393,123896.40620064526,189233154283.368,189472039118.46985,71087289.2824734,27678503.76030261,26137.144632115494,22015.364595727115,3917.058086189055,9.326160234063657,3.6679727102946744,1.4099343111032554
10,13680.0,228.0,3.8,24.875319134341012,24.80516875585177,0.000676787544033577,67.78041355748054,67.61507355815444,67.77349061849739,1.0001021481838988,0.0001021481838986543,413.58756000719274,412.55358050312424,165.44560802611798,164.89622476353904,2.4998400679327912,2.501898276293017,121218.59222668913,189240503056.67645,176890311590.73526,71107107.32998428,27686653.94378127,26150.444992946934,22033.643759398154,3919.172445887795,9.332901903636962,3.670695168549269,1.4110013284498861
10,13740.0,229.0,3.816666666666667,24.834711881699032,24.855058101855263,0.000676787544033577,67.63100426566773,67.52820071037269,67.62417653654644,1.0001009658005608,0.0001009658005608951,413.6971170681869,411.6308909753082,165.4914471669767,162.99896364205148,2.499809652705357,2.5253589457124197,118525.04389887524,189247686619.22025,190401940282.28748,71126546.15125006,27694655.78770249,26163.498082871127,22051.59082147777,3921.249710153681,9.339521145687083,3.6733691477440296,1.4120497552133084
10,13800.0,230.0,3.8333333333333335,24.79410462905728,24.76714459638361,0.000676787544033577,67.48435831189545,68.00008308631003,67.47762761677909,1.0000997470621609,9.974706216088853e-05,413.8045408498276,411.92995885142557,165.5364373325327,165.9144270144658,2.499779187699741,2.4827856520006555,115773.33593376905,189254705777.09122,197950453428.36996,71145606.77534127,27702509.55505536,26176.304368457604,22069.205951060027,3923.289907197891,9.34601810222874,3.675994684214575,1.4130795973568198
10,13860.0,231.0,3.85,24.753497376415762,24.525519329688542,0.000676787544033577,67.34047447442225,67.25715605404035,67.33384404616635,1.000098470959884,9.847095988396345e-05,413.90983708150003,405.51705231618877,165.58057998485276,175.46742716004897,2.4997486850170736,2.311067409373392,112918.38162539229,189261561338.3617,196868823027.57935,71164290.20198655,27710215.494770065,26188.864297261753,22086.48929490065,3925.293061574165,9.352392906058157,3.6785718103407277,1.4140908591598649
10,13920.0,232.0,3.8666666666666667,24.712890123774073,24.80481643748557,0.000676787544033577,67.19936289295785,67.27701222645528,67.19282632988458,1.0000972806686412,9.728066864127966e-05,414.01300118531435,421.38816866900436,165.62387157347467,169.8804472378179,2.4997181701651523,2.480498347635602,110289.60187633721,189268254232.1085,183756090805.7328,71182595.58778474,27717772.976154063,26201.176928538393,22103.439635016493,3927.258942128198,9.35864493076732,3.681100239115933,1.4150834130937069
10,13980.0,233.0,3.8833333333333333,24.67228287113239,24.678783095031378,0.000676787544033577,67.0610177217769,66.76538512167714,67.05457529490279,1.0000960773645315,9.607736453154543e-05,414.1140430856016,412.1242515675032,165.66631560050874,166.8209082226067,2.4996876497465244,2.470459224556927,107658.92309623852,189274785217.15646,186066982036.77795,71200524.68453667,27725182.606924936,26213.243282973497,22120.057673596784,3929.187678596447,9.3647746250147,3.683580135604287,1.4160573180694875
10,14040.0,234.0,3.9,24.631675618490668,24.699101013904244,0.000676787544033577,66.92543890817241,66.92891215990596,66.91909209367077,1.000094843105354,9.484310535409043e-05,414.2129674511818,416.4041574548763,165.70791301225844,161.2933147763825,2.4996571371974246,2.581657882300827,104987.84643319753,189281155114.02863,204032200172.50717,71218078.30466507,27732444.546462443,26225.06367537374,22136.343416972704,3931.079270632452,9.370782052122234,3.6860115027323115,1.4170125660626538
10,14100.0,235.0,3.9166666666666665,24.591068365848884,24.6789684902528,0.000676787544033577,66.79262639943738,66.88021191645025,66.78637820791592,1.000093554878841,9.35548788409093e-05,414.3097789508748,398.04466315451936,165.7486647550274,167.49752692490654,2.4996266459414005,2.3764211356563676,102228.79871680205,189287364743.24817,209028110033.39584,71235257.26139134,27739558.95447418,26236.638424084747,22152.29687147541,3932.933718392701,9.37666727846673,3.6883943446381178,1.4179491494992371
10,14160.0,236.0,3.933333333333333,24.55046111320697,24.635618054317156,0.000676787544033577,66.6625855176251,66.85487789014704,66.65643545255185,1.0000922651358644,9.226513586425864e-05,414.4044774917523,411.2893036947752,165.7885697905548,159.92808350196447,2.4995961905895006,2.5717140772822624,99499.69715548176,189293414678.23715,186389440211.70486,71252061.51996322,27746525.642762706,26247.967267241795,22167.917397819227,3934.750929925367,9.38243007218162,3.690728545401738,1.4188670137216675
