batch_id,time_s,time_min,time_hr,T_celsius,T_meas_celsius,cooling_rate_degC_s,c_kg_m3,c_meas_kg_m3,cs_kg_m3,S_supersat_ratio,sigma_rel_supersat,mean_L1_um,mean_L1_meas_um,mean_L2_um,mean_L2_meas_um,aspect_ratio,aspect_ratio_meas,nucleation_rate_m3_s,mu00,mu00_meas,mu10,mu01,mu20,mu11,mu02,mu30,mu21,mu12
21,0.0,0.0,0.0,32.18461754359432,32.28036570057909,0.0008029610148078428,240.0,239.89750981929444,151.27770972429502,1.5864862076336437,0.5864862076336438,101.25715692736803,101.9445723078446,57.45104260443096,57.03264104149999,1.7624946795927858,1.787477669737656,278079154193.8785,285746435658.40796,290103538205.23206,28933871.676899485,16416430.649075486,2945.1258895697165,1662.7678919719547,945.3522272056057,0.30127742450040057,0.16929937089298008,0.09575903851555748
21,60.0,1.0,0.016666666666666666,32.13643988270588,32.06882644425684,0.0008029610148078428,150.2669842733101,150.26998227262206,150.2121209210396,1.0003652391826579,0.0003652391826578442,275.9772801106371,277.7806513209411,96.92441729241543,97.27737584827574,2.8473452595338227,2.855552474546576,806954.3430305041,341426430861.6704,351357449584.7069,85829518.66282944,29255613.94341863,21126.832162276103,12441.508519802572,2421.4061350097486,5.050076575006125,1.7371131493068135,0.5831718164967119
21,120.0,2.0,0.03333333333333333,32.088262221817416,32.0029452952412,0.0008029610148078428,149.21099227824268,149.04290677204585,149.1563040622891,1.000366650382613,0.000366650382612975,276.77457591620947,283.45091563439445,97.19672831422868,98.28905479789552,2.847570908162886,2.8838502538989057,821493.0643347298,341474626798.5977,310724422048.66034,86086038.86519389,29342338.050182994,21250.237697185985,12568.354405095955,2435.5094226787655,5.093999139643623,1.7521857452872407,0.5882384081903123
21,180.0,3.0,0.05,32.04008456092894,32.19029012148642,0.0008029610148078428,148.1641537436367,148.32434798996724,148.11017675563826,1.000364438076983,0.0003644380769829179,277.5625022145905,276.1922092818251,97.46596172264557,96.16733169321309,2.8477890876861958,2.8719961801884653,819729.6273360897,341522428664.5515,329893093300.3198,86339567.79625502,29428089.957639564,21372.52231550361,12694.100775619198,2449.490813146426,5.13763931976812,1.7671638185821674,0.5932739899607047
21,240.0,4.0,0.06666666666666667,31.99190690004047,32.14408793483703,0.0008029610148078428,147.12600295748302,146.95010374958764,147.07365737693178,1.0003559140466405,0.00035591404664053213,278.34090858811936,288.15156822638806,97.73205632418772,96.92228648959156,2.84800012459405,2.9730166163314,789512.384814111,341569894373.70856,342092093506.8329,86590055.40477914,29512849.174602047,21493.6439023444,12818.803572754774,2463.344878139228,5.180976965858749,1.782040309551955,0.5982761043503899
21,300.0,5.0,0.08333333333333333,31.943729239152,31.954461131344456,0.0008029610148078428,146.0981357750498,146.16454018614473,146.04666506436288,1.0003524264704313,0.0003524264704314248,279.10864696755414,275.8777189895014,97.99463881329724,94.93844552956791,2.848203231804564,2.9058588167380637,781571.5300719165,341616928147.625,342818023524.5285,86837131.3935845,29596496.510931194,21613.41266726414,12942.271102176182,2477.0510249789063,5.223940561132379,1.7967910747267526,0.6032367795810697
21,360.0,6.0,0.1,31.895551578263525,31.989497002286665,0.0008029610148078428,145.0797258942765,144.99977281887664,145.02911971262802,1.0003489380736004,0.0003489380736003293,279.86680495141695,282.81309777750926,98.25406851975113,98.1856022247241,2.848399146903091,2.8803927599304795,773417.723865858,341663552107.62494,366159997640.5073,87081145.53089198,29679146.64373612,21731.989254829274,13064.602619386189,2490.6271130275336,5.2665845426851305,1.8114346017113543,0.608162181765261
21,420.0,7.0,0.11666666666666667,31.847373917375055,31.813780264566212,0.0008029610148078428,144.07073748715408,144.12157532519873,144.02094196714017,1.000345751939501,0.00034575193950101436,280.6152836395519,282.7241249230836,98.51030983370761,94.56645194734391,2.848587971281893,2.9896873479033435,766402.6744761643,341709774098.9748,355474167839.26636,87322064.85877311,29760787.70128046,21849.34447780741,13185.802428049543,2504.0697209145783,5.308894320402789,1.8259658852534257,0.613050618963446
21,480.0,8.0,0.13333333333333333,31.79919625648658,31.770823617565103,0.0008029610148078428,143.07107281691293,142.77639132389749,143.02205321830098,1.000342741538867,0.0003427415388669327,281.35418441692565,279.92783924261187,98.76339508844673,99.77898036678799,2.8487698723293304,2.805479051936549,759973.342149641,341755598178.9636,339244764292.94464,87559921.1867872,29841429.67566822,21965.48221931768,13305.882268318748,2517.3792158734987,5.3508675464852455,1.8403841105194032,0.6179018120015642
21,540.0,9.0,0.15,31.75101859559811,31.618417241328572,0.0008029610148078428,142.08064163484215,142.0498584821118,142.03237559582723,1.0003398242042523,0.00033982420425232416,282.0836006258159,285.5357125700164,99.01335371006834,96.39693043855327,2.848945016566304,2.962083038028132,753770.875658974,341801027920.4896,345141732249.6637,87794743.73269239,29921081.632151876,22080.405408677216,13424.852980879803,2530.555844673666,5.39250160020584,1.8546883639677616,0.622715446864847
21,600.0,10.0,0.16666666666666666,31.70284093470964,31.700598308668756,0.0008029610148078428,141.09934729954063,140.97152079596646,141.051831963137,1.0003368643692343,0.00033686436923441093,282.8036965102374,277.5802648763375,99.26023879532366,101.96381155557503,2.8491136022086705,2.7223410015919547,747201.0086739958,341846063695.23004,355370320864.5548,88026584.64076793,29999760.26661087,22194.129212316457,13542.726174309417,2543.601237291557,5.433798535900797,1.8688793236105865,0.6274917439560679
21,660.0,11.0,0.18333333333333332,31.654663273821168,31.719947469293274,0.0008029610148078428,140.1271179297546,139.7560155486953,140.08034591178705,1.0003338942209423,0.0003338942209423801,283.514616261096,283.3530817405051,99.50409715299818,98.8236342647055,2.8492758024341653,2.8672602849387783,740413.1749030061,341890704797.7861,320301015418.4498,88255489.64183126,30077480.284508318,22306.666043321566,13659.510482992422,2556.516736846834,5.47475951795569,1.8829573711720222,0.6322308273726875
21,720.0,12.0,0.2,31.606485612932698,31.620587890956017,0.0008029610148078428,139.1639008259096,139.4012298630294,139.1178417559793,1.00033107953192,0.0003310795319200274,284.2164587302901,290.13528509228587,99.74496085778993,100.30575069894621,2.849431753605157,2.892508984485712,734148.9152298167,341934951116.09845,312463818238.4911,88481489.86484651,30154251.670123488,22418.02118329481,13775.212237208038,2569.3029026651857,5.515383138918287,1.8969220190414462,0.6369325320696024
21,780.0,13.0,0.21666666666666667,31.558307952044228,31.439644417013405,0.0008029610148078428,138.20960045046303,138.33407059015397,138.16424452710822,1.0003282754051892,0.00032827540518926305,284.9093675287508,293.65503208931585,99.98287636190187,100.9005084194601,2.8495816273326833,2.9103424421663298,727771.8006898941,341978805452.4219,361187504503.6163,88704630.95245402,30230089.033795416,22528.207387965347,13889.842912937356,2581.9610978175465,5.555670804685228,1.9107737255208357,0.641597004542461
21,840.0,14.0,0.23333333333333334,31.510130291155754,31.61067531623744,0.0008029610148078428,137.26416458725458,137.29027007234578,137.21947996837292,1.0003256434064023,0.0003256434064023556,285.5933678938277,280.5765395070588,100.21785152656871,98.52806190592857,2.849725508415177,2.847681503924682,722003.8982069026,342022273792.98926,313082509103.5933,88924920.45641567,30304994.623115446,22637.21794856518,14003.408782391823,2594.490537020409,5.595616660461049,1.9245104927759678,0.6462235729837702
21,900.0,15.0,0.25,31.461952630267284,31.41114970053374,0.0008029610148078428,136.32750457329698,136.6541578642541,136.28347452944715,1.0003230769101086,0.0003230769101085406,286.26869795837075,275.96453268399335,100.44996396122025,102.21088935297362,2.8498636203482137,2.6999523674134305,716378.0038396002,342065349951.55585,294302179563.7996,89142434.34907301,30378993.03353095,22745.082574608758,14115.920495780125,2606.8944847875805,5.635228791002405,1.938135044779811,0.6508131434735229
21,960.0,16.0,0.26666666666666666,31.413774969378814,31.34386026092499,0.0008029610148078428,135.39954540439354,135.48645680770662,135.35615536119434,1.0003205620245597,0.00032056202455965616,286.9354953376791,294.5296711010831,100.67925831386529,104.40253632988353,2.849996117801784,2.8210968952942843,710837.7588914798,342108034039.6066,311254882670.64215,89357216.33462375,30452098.311032165,22851.81429057284,14227.387062615373,2619.174346264099,5.674509032430082,1.9516479873339247,0.6553659134857204
21,1020.0,17.0,0.2833333333333333,31.365597308490344,31.329569130413617,0.0008029610148078428,134.48021207634753,134.2959769060854,134.43745031045515,1.0003180792687874,0.0003180792687873059,287.59389764705185,287.35791329568724,100.90577923251261,100.20138430053032,2.8501231528509607,2.8678038262807353,705301.7706587011,342150326168.6268,341333849716.51624,89569310.13387783,30524324.50843398,22957.426460517516,14337.81749241069,2631.331563583979,5.7134594408446,1.9650500002041125,0.6598821049917771
21,1080.0,18.0,0.3,31.317419647601874,31.230120426754183,0.0008029610148078428,133.56942958496225,133.03464929496752,133.52728791487422,1.000315603430176,0.0003156034301759697,288.2440425017884,276.8397232326835,101.129571365171,103.48587629497983,2.8502448750718186,2.6751449873562425,699663.0471032364,342192226450.1013,326696183713.71765,89778759.4839982,30595685.685272686,23061.93278112506,14447.220794679191,2643.3676151392424,5.75208228900766,1.9783418360271257,0.6643619641042662
21,1140.0,19.0,0.31666666666666665,31.269241986713403,31.300912346729213,0.0008029610148078428,132.66712292604097,133.015612249434,132.62559739778786,1.0003131034209676,0.00031310342096759034,288.8860675171877,290.52567769540815,101.35067935984921,102.44197714487704,2.8503614316336985,2.836002250176571,693788.5269668412,342233734995.5153,343857411149.57025,89985608.13824348,30666195.907703664,23165.347274857715,14555.605978933998,2655.2840148611454,5.790380063031618,1.9915243192197347,0.6688057607213675
21,1200.0,20.0,0.3333333333333333,31.221064325824933,31.251958325990365,0.0008029610148078428,131.77321709538703,131.18176209538765,131.73230866317064,1.0003105421337524,0.0003105421337523449,289.5201103085492,286.77029995712513,101.56914786455603,103.31453399692795,2.8504729673879763,2.7757014319558584,687518.7806332633,342274851916.3537,311323238241.19354,90189899.86571379,30735869.248399742,23267.684283234874,14662.982054688227,2667.082311513522,5.828355459080397,2.0045983448911757,0.6732137881723357
21,1260.0,21.0,0.35,31.172886664936463,31.02322289735898,0.0008029610148078428,130.88763708880367,131.1170205985454,130.8473522906355,1.000307876296027,0.0003078762960268321,290.14630849117185,286.34228122739796,101.78502152730023,103.48104764429719,2.850579624953465,2.7670987851965196,680667.981898412,342315577324.1016,333770395850.0167,90391678.45109855,30804719.786450543,23368.95846022867,14769.358031454996,2678.764087998296,5.866011380084217,2.0175648777598636,0.6775863628643024
21,1320.0,22.0,0.36666666666666664,31.124709004047993,31.188559031850005,0.0008029610148078428,130.0103079020942,130.12232438532095,129.9706595304763,1.0003050563239515,0.00030505632395146694,290.764799680355,287.45108718386325,101.99834499609064,104.97626122749199,2.850681544798588,2.738248474680706,673024.2785162843,342355911330.2441,362537315513.7637,90590987.69442718,30872761.607262593,23469.184765778977,14874.742918747423,2690.33096067316,5.903350932471369,2.0304249510753696,0.6819238239307184
21,1380.0,23.0,0.38333333333333336,31.07653134315952,30.969425515940255,0.0008029610148078428,129.14115453106191,129.02004831042322,129.1021622987903,1.0003020261750641,0.0003020261750642257,291.3757214913977,292.1388238078227,102.20916291893599,104.88938095654292,2.8507788653204535,2.7852087708369613,664350.7180773302,342395854046.26605,317984897933.79846,90787871.41082254,30940008.802460127,23568.378459426964,14979.14572607863,2701.784578681394,5.9403774229195285,2.0431796655465093,0.6862265328817232
21,1440.0,24.0,0.4,31.028353682271053,31.130630081549164,0.0008029610148078428,128.28013562474362,128.25358888215854,128.2417931726289,1.00029898562057,0.0002989856205700411,291.9791665754961,290.77275545953245,102.41750506812708,103.67129353922574,2.8508716979707183,2.80475670296825,655536.9735211832,342435405429.453,335198416496.7422,90982358.96386415,31006470.714456875,23666.547528183164,15082.571420531278,2713.1257799492555,5.97709146295491,2.0558292058178287,0.6904945451787372
21,1500.0,25.0,0.4166666666666667,30.980176021382583,31.05009915223412,0.0008029610148078428,127.42727223491347,127.46159724660275,127.38948538521538,1.0002966245572296,0.00029662455722958154,292.5750841458421,291.1370094850047,102.6233541132303,106.07747837775932,2.8509600633694645,2.7445694782470036,649607.0050077607,342474569503.6186,361519322031.35864,91174433.61027397,31072141.614267685,23763.67559430872,15185.017473363729,2724.3526946606594,6.013484297169416,2.068370580756526,0.6947268557671666
21,1560.0,26.0,0.43333333333333335,30.931998360494113,30.846003616388483,0.0008029610148078428,126.5823975439319,127.08837481345591,126.54517282122282,1.0002941615383596,0.0002941615383596908,293.1636578389861,293.1856444579396,102.8267702636298,100.10175712136369,2.8510441112500757,2.9288761045670797,643133.5203835462,342513352476.9723,321970864397.2344,91364154.04911683,31137040.559953175,23859.785783155305,15286.503922730884,2735.467851551959,6.0495622857947655,2.08080593295165,0.6989241729150937
21,1620.0,27.0,0.45,30.88382069960564,30.74626887927943,0.0008029610148078428,125.74545068953245,125.52908228435226,125.70879001208462,1.0002916317740733,0.0002916317740732595,293.7450239026317,290.6934798963917,103.02779756847407,103.80381895325765,2.851123976588975,2.800412189336594,636276.5325583569,342551753689.3086,345995653817.03503,91551563.74664536,31201181.493210018,23954.894163020297,15387.038079415503,2746.4729817922134,6.085329322174994,2.0931365574201393,0.7030869218347355
21,1680.0,28.0,0.4666666666666667,30.83564303871717,30.93770509080143,0.0008029610148078428,124.91640611163308,124.80436645283281,124.88027213138726,1.0002893489870666,0.0002893489870666285,294.319226881244,303.3992006116364,103.22645043771352,105.49973646749255,2.851199722873695,2.875828990389206,630408.204716661,342589773560.84894,309012453359.46014,91736676.56667912,31264568.830516927,24049.001324847566,15486.62301369771,2757.368124811891,6.12078338389858,2.1053617535318425,0.7072148652056565
21,1740.0,29.0,0.48333333333333334,30.7874653778287,30.716321454665977,0.0008029610148078428,124.09514466652737,124.3556545164112,124.05955499029542,1.0002868757366954,0.0002868757366954469,294.8864346190737,295.15293273721727,103.42278310127661,104.387701577372,2.851271506881676,2.827468449608984,623624.6150861213,342627416024.4421,363288255337.7873,91919546.22007823,31327219.774193354,24142.128763478737,15585.27303713383,2768.1555904431693,6.155930490806323,2.1174835315250706,0.7113086625840852
21,1800.0,30.0,0.5,30.739287716940225,30.423552916437412,0.0008029610148078428,123.28166077708443,123.3271429443271,123.2465750330336,1.0002846792622142,0.0002846792622142085,295.44665744202956,303.6333573241852,103.61679889861028,101.25693564582038,2.851339363717712,2.998642565939812,617961.8912365045,342664681182.899,333903833044.8262,92100175.53983898,31389135.19355788,24234.271644984125,15682.9888196495,2778.834826300803,6.190766638149574,2.1295005217876426,0.7153678547904405
21,1860.0,31.0,0.5166666666666667,30.691110056051755,30.737942551017003,0.0008029610148078428,122.47584316103709,122.87754280515756,122.44126933243365,1.000282370713665,0.00028237071366495146,296.00006260174376,294.4458398631662,103.8085518839977,105.65476039616051,2.851403446341426,2.7868677072298427,611732.4900096583,342701572307.70514,340406565120.46875,92278618.08450785,31450332.253792927,24325.451879615517,15779.783728484015,2789.40819048689,6.225298149981217,2.1414148376093443,0.7193931360625685
21,1920.0,32.0,0.5333333333333333,30.642932395163285,30.630524239049723,0.0008029610148078428,121.67764801757656,121.41253314466913,121.64357558552484,1.0002801005469275,0.0002801005469274441,296.5467106148016,300.7994394693462,103.99806168184817,105.3619889896635,2.8514638236431753,2.8549142091352895,605593.1906348075,342738090957.3859,346325117212.76385,92454892.93375437,31510817.062962256,24415.673470178495,15875.66302499579,2799.876094951166,6.259524515594617,2.153226288771141,0.7233844380227534
21,1980.0,33.0,0.55,30.594754734274815,30.578221351231942,0.0008029610148078428,120.88701167646113,121.40305823184325,120.85343210917816,1.0002778536504668,0.00027785365046674763,297.0866967953581,296.9977913584136,104.18535910157892,102.30213972880442,2.851520591350112,2.9031434938285092,599481.2141398136,342774239023.04376,333902114480.5328,92629030.42140232,31570599.32834793,24504.946536268253,15970.634357261908,2810.239614975846,6.293447639356355,2.1649354982211086,0.7273419613600307
21,2040.0,34.0,0.5666666666666667,30.546577073386345,30.370681228658544,0.0008029610148078428,120.10387064845136,119.21836997822147,120.07077783580758,1.0002756108791853,0.0002756108791852756,297.62011591464875,289.9739242015044,104.37047478050323,103.75216145815148,2.851573843470196,2.7948711634163463,593316.839861215,342810018404.268,355410897575.8241,92801060.71803723,31629688.706754923,24593.28129625946,16064.705351617435,2820.499836892177,6.32706951968456,2.1765431206892987,0.7312659173186649
21,2100.0,35.0,0.5833333333333334,30.49839941249787,30.6897226096557,0.0008029610148078428,119.32816734324021,119.17100118791888,119.295552309126,1.0002733968994058,0.0002733968994057817,298.14705325808575,292.66827773144024,104.55343626574967,105.27869757741166,2.851623666392635,2.7799382445460115,587209.1638538064,342845431071.10406,324227744708.274,92971010.95166488,31688093.86994066,24680.686517221176,16157.882925816974,2830.657687310972,6.360391641524911,2.188049637159379,0.7351564593028808
21,2160.0,36.0,0.6,30.4502217516094,30.641868225053525,0.0008029610148078428,118.55984292634301,118.56894148794123,118.52769567994481,1.0002712213901888,0.00027122139018885533,298.6675959864952,294.96870358816136,104.73427171776724,105.79042020675244,2.85167014662908,2.7882364302144436,581201.9897273049,342880478981.8836,366866864859.4241,93138908.86519118,31745823.690557286,24767.17146459318,16250.174147065885,2840.714147740513,6.393415734892271,2.199455611429856,0.7390137682346101
21,2220.0,37.0,0.6166666666666667,30.40204409072093,30.42796643391988,0.0008029610148078428,117.79883408024702,117.71854552724577,117.76714870204157,1.0002690510771015,0.00026905107710146136,299.18183801820635,300.2515517931456,104.91301150692493,105.98511517220099,2.851713373974194,2.832959621785636,575154.9845059986,342915164052.73096,357433571913.0375,93304784.38786493,31802887.7532883,24852.746747849655,16341.58662107141,2850.6703479797725,6.426144107479432,2.2107618027488423,0.7428380900705964
21,2280.0,38.0,0.6333333333333333,30.353866429832458,30.402916686035116,0.0008029610148078428,117.04508284680651,117.58817477190209,117.01385272807157,1.0002668924918448,0.00026689249184465996,299.68986217277256,296.4260721784384,105.08968239331995,106.0638089158681,2.8517534295243285,2.7947899967798575,569098.8415171036,342949488370.39343,344876833125.509,93468663.88132194,31859294.488446496,24937.421213489528,16432.12730977297,2860.5272238555654,6.458578423559526,2.221968752796583,0.7466295983337279
21,2340.0,39.0,0.65,30.305688768943988,30.51347965693001,0.0008029610148078428,116.29853553558205,116.08123062866838,116.26774970552796,1.0002647839158498,0.0002647839158499,300.19174076955113,297.18670007577424,105.2643077292515,105.80897308814559,2.8517903859840987,2.808709804112727,563198.9407813457,342983454223.6152,350681465863.9883,93630570.3294985,31915051.235462338,25021.20202481102,16521.802662472608,2870.285526281225,6.490719727754405,2.2330767938655356,0.7503883968575684
21,2400.0,40.0,0.6666666666666666,30.257511108055517,30.403357144310654,0.0008029610148078428,115.55912981672468,115.56888464867558,115.52878217276655,1.000262684704083,0.0002626847040830054,300.68756738416397,299.6851674832376,105.43691776565736,104.75461727257326,2.8518243301882933,2.860830150364177,557284.0518143906,343017063492.2235,366155188899.0199,93790533.58587918,31970167.5549862,25104.10023115229,16610.62016623926,2879.94643311501,6.5225706464971385,2.24408679264254,0.7541147672080604
21,2460.0,41.0,0.6833333333333333,30.209333447167044,30.337423476411008,0.0008029610148078428,114.826807347309,114.98125438395158,114.79689325508105,1.0002605827682243,0.00026058276822426803,301.1774254517313,296.5452153306651,105.60753946400729,105.48061178265613,2.851855340824197,2.8113717802632725,551305.4724287727,343050318254.07886,340766814300.3325,93948580.24146423,32024651.95446907,25186.125261828558,16698.586829232132,2889.510944356879,6.554133213138487,2.254999415473745,0.7578089242918504
21,2520.0,42.0,0.7,30.161155786278574,30.13047920388138,0.0008029610148078428,114.10151689752607,114.26713379695742,114.07202666082365,1.0002585229487515,0.00025852294875149264,301.66137775235256,291.79324091260776,105.77619309743416,104.38014562983682,2.851883480760947,2.7954860491131504,545455.1972074306,343083221012.5425,343920019584.6741,94104730.22488227,32078510.79292144,25267.28304635646,16785.708805182036,2898.979676211403,6.585408113524213,2.2658148737333352,0.7614709317126538
21,2580.0,43.0,0.7166666666666667,30.112978125390104,30.115304102633484,0.0008029610148078428,113.38320011586076,113.21556307332364,113.35412667758595,1.0002564832805558,0.00025648328055581806,302.1395077460905,303.10368617745445,105.94290563548448,104.79619051827629,2.851908827058751,2.8923158816979484,539641.9544813359,343115773844.9609,358979368280.2516,94259010.15483254,32131752.588324532,25347.583304520347,16871.993103279972,2908.3536606638418,6.61639757970903,2.2765339008917973,0.7651010266505189
21,2640.0,44.0,0.7333333333333333,30.064800464501634,30.06423572289467,0.0008029610148078428,112.67180173673636,112.77541319147304,112.64313816843314,1.0002544635098887,0.00025446350988868793,302.6118899320805,300.95896340729803,106.10770114605178,104.74006989871566,2.8519314494953654,2.873388987598799,533866.5076268648,343147979013.27905,359664076219.2135,94411443.76491654,32184384.928722635,25427.034314218312,16957.446362033654,2917.633771634716,6.6471033123999295,2.2871570510430725,0.768699386624841
21,2700.0,45.0,0.75,30.016622803613163,30.179579882858853,0.0008029610148078428,111.96726610383607,111.28890773200379,111.93900656818977,1.000252454765436,0.00025245476543589207,303.07862882355096,304.9805146164824,106.27061340403374,101.27129218562709,2.851951439023565,3.011519928643378,528093.5007317996,343179836809.8442,341912012044.2903,94562064.45998201,32236418.52531144,25505.64993465881,17042.07526688654,2926.821497828987,6.677529312986302,2.297685655238166,0.7722664481377142
21,2760.0,46.0,0.7666666666666667,29.968445142724693,29.886941360832587,0.0008029610148078428,111.26953971228545,111.3038749543223,111.24167787977483,1.0002504621742647,0.0002504621742647171,303.5397766083888,300.16696314449024,106.43165925977372,101.22306438767274,2.8519688476106744,2.965400869458814,522346.32708838047,343211350760.956,370903778082.07245,94710888.80483098,32287858.653569125,25583.434698949633,17125.886244850575,2935.9173011526264,6.707675854246256,2.3081197854939175,0.7758022280120895
21,2820.0,47.0,0.7833333333333333,29.920267481836223,29.977480005617224,0.0008029610148078428,110.57856912129105,110.40233804416003,110.55109867060197,1.0002484864557604,0.00024848645576043424,303.99540075725537,304.8345148973015,106.59086050597656,108.36704464402219,2.8519837377634296,2.8129817132012835,516629.7261703566,343242523354.28186,324582632838.4062,94857938.29199155,32338712.180659927,25660.396030264783,17208.885715240292,2944.9219619127657,6.737544412737831,2.318459920357641,0.779306878570994
21,2880.0,48.0,0.8,29.872089820947753,29.797749656184028,0.0008029610148078428,109.89430138215214,109.34634143526696,109.86721606901834,1.0002465277095651,0.0002465277095651616,304.445570160592,294.76105618808697,106.7482393939138,105.8571405106608,2.851996172387924,2.7845174616104593,510945.7607584645,343273356914.947,352563062641.53986,95003234.87799934,32388986.12437848,25736.541736859595,17291.080038259985,2953.8363029967186,6.767136658031793,2.3287066036079436,0.7827805738793228
21,2940.0,49.0,0.8166666666666667,29.823912160059283,29.800204830243523,0.0008029610148078428,109.21668413314998,108.65365354005016,109.18997776080974,1.0002445862970935,0.00024458629709354495,304.89035205523066,301.14226238669335,106.90381763937783,109.15519910037361,2.8520062125725696,2.7588448820452256,505297.50021739653,343303853799.76154,337749212273.51306,95146799.99364375,32438687.3336009,25811.879451521323,17372.475503605587,2962.6611281494456,6.796454224881122,2.3388603673240658,0.7862234841022029
21,3000.0,50.0,0.8333333333333334,29.775734499170813,29.863955163835364,0.0008029610148078428,108.54566559954777,108.15971070005043,108.5193319857495,1.0002426628815013,0.0002426628815014268,305.3298120243938,307.39182905068554,107.05761642268212,107.57925568350888,2.8520139176170196,2.8573522571583148,499689.1690213992,343334016397.2204,345731805248.1901,95288654.54376653,32487822.48820153,25886.416627309416,17453.078330464712,2971.397221508522,6.825498710323814,2.348921730911111,0.7896357751818348
21,3060.0,51.0,0.85,29.727556838282343,29.717062300097442,0.0008029610148078428,107.88119459359069,107.7129806645046,107.8552275342125,1.0002407584682897,0.00024075846828983932,305.7640139976944,325.73231168758286,107.209656388661,109.45080685295773,2.8520193450599796,2.976061310586679,494126.29391040944,343363847127.504,366721814917.8824,95428818.90706398,32536398.0989708,25960.160533401526,17532.894667516615,2980.0453471501864,6.854271670845801,2.3588912001451208,0.7930176085208074
21,3120.0,52.0,0.8666666666666667,29.679379177393873,29.650334906677333,0.0008029610148078428,107.2232205145058,107.14212649940377,107.19761374382652,1.0002388744467807,0.00023887444678076658,306.19302025113603,305.58291385593157,107.35995764666981,106.77963704197174,2.852022550705932,2.8618088834279938,488615.8506620294,343393348442.4771,349012512151.53577,95567312.93589313,32584420.50753501,26033.118251042593,17611.93059293222,2988.6062486463366,6.882774619603106,2.368769266237771,0.7963691406718416
21,3180.0,53.0,0.8833333333333333,29.6312015165054,29.543714338096493,0.0008029610148078428,106.57169334850218,106.45864870410473,106.54644049619655,1.0002370126321256,0.00023701263212569246,306.6168914071125,308.553664618993,107.50853977058487,108.85455501078772,2.8520235886508165,2.834549868752986,483166.40921795793,343422522825.68945,357092760026.35583,95704155.95608199,32631895.886277594,26105.29666959501,17690.19211437409,2997.0806486321726,6.911009023702512,2.3785564049204018,0.7996905230338449
21,3240.0,54.0,0.9,29.58302385561693,29.52380223313701,0.0008029610148078428,105.92656366877083,106.08260184077304,105.90165821367022,1.000235175308118,0.00023517530811801177,307.03568643440855,308.6913554714263,107.65542179880343,109.50587175702837,2.8520225113067292,2.818947975286208,477788.2785827211,343451372792.3763,357995872391.8726,95839366.76674339,32678830.2382619,26176.70248268773,17767.68516899648,3005.469248384288,6.938976301540038,2.3882530755471896,0.8029819015542319
21,3300.0,55.0,0.9166666666666666,29.53484619472846,29.620957246973127,0.0008029610148078428,105.28778263548467,105.03995925742436,105.26321785616148,1.0002333652706377,0.00023336527063771197,307.4494626481991,293.8832982247351,107.80062223424375,104.83007569598628,2.852019369425636,2.803425412731885,472493.6512968836,343479900889.45715,331010875944.2151,95972963.64009213,32725229.397155523,26247.342184461602,17844.415623445264,3013.772727408987,6.966677820196091,2.3978597202171246,0.8062434164373895
21,3360.0,56.0,0.9333333333333333,29.48666853383999,29.458439609111547,0.0008029610148078428,104.65530199579864,104.54663433116292,104.63107091802861,1.0002315858717437,0.00023158587174367006,307.85827571004967,312.1168034169099,107.94415904434494,107.09864970273333,2.8520142121221888,2.914292610441233,467296.74831714097,343508109695.5365,385819348976.4049,96104964.32126644,32771099.027156055,26317.222065909446,17920.389273858003,3021.9917430405812,6.994114892887053,2.407376762914603,0.8094752018592528
21,3420.0,57.0,0.95,29.43849087295152,29.507583444628757,0.0008029610148078428,104.02907408384955,104.10098953594662,104.00516942500941,1.0002298410643653,0.0002298410643653039,308.2621796279164,306.7516729350674,108.08604966106726,108.46282776702549,2.8520070868956258,2.828173294485367,462213.9651917978,343536001820.9042,339135300013.2818,96235386.02815244,32816444.622918576,26386.34821130847,17995.611845863903,3030.126930049537,7.021288776472106,2.4168046086684205,0.8126773856878864
21,3480.0,58.0,0.9666666666666667,29.39031321206305,29.34536961562304,0.0008029610148078428,103.40904159551815,102.88020878352289,103.3854659312064,1.0002280365436225,0.0002280365436224584,308.6613491212501,314.71016566167503,108.22635077786967,107.89904313666493,2.8519981215551224,2.916709513939462,456867.6610052306,343563572699.80835,351832448260.2885,96364284.85866705,32861284.29950674,26454.74903132103,18070.090222840645,3038.181394920465,7.048209945587761,2.4261467813956674,0.8158511373063173
21,3540.0,59.0,0.9833333333333333,29.34213555117458,29.533473339456418,0.0008029610148078428,102.79516307939073,102.75168379172099,102.77191351613091,1.0002262248747191,0.00022622487471905638,309.0557745714549,303.4902634616292,108.36505913801126,109.85544740129797,2.8519873198043344,2.7626328110338516,451472.04450041713,343590828558.925,302784728698.21124,96491657.5501088,32905616.90773525,26522.419148934212,18143.82938393703,3046.154504616984,7.074875022646506,2.435402118524739,0.8189960612335017
21,3600.0,60.0,1.0,29.29395789028611,29.386010687911963,0.0008029610148078428,102.18739400342402,101.98950124781372,102.1644657818015,1.0002244246220744,0.0002244246220744757,309.4454885965179,312.62756363870017,108.50218522374226,109.7015352497663,2.8519747133056415,2.8498011712134734,446102.97510597727,343617773071.33167,327884739552.26935,96617514.44668597,32949445.7160933,26589.36101627734,18216.834678347448,3054.046492947078,7.101283863564873,2.444570551538929,0.8221121273170142
21,3660.0,61.0,1.0166666666666666,29.24578022939764,29.401421601753174,0.0008029610148078428,101.58568861917648,101.84371952105143,101.56307684989491,1.0002226376945529,0.0002226376945529798,309.83054374181097,310.6300997886933,108.63774600065143,107.04120904742979,2.8519603466363628,2.9019674063196876,440769.1599568223,343644408670.5955,350474291252.4889,96741872.31480138,32992776.078966253,26655.580838985727,18289.11160138018,3061.8580095360567,7.127437893729276,2.4536525430615823,0.8251994827951734
21,3720.0,62.0,1.0333333333333334,29.19760256850917,29.251548370655815,0.0008029610148078428,100.99000174556069,100.53397946101273,100.9677013589595,1.0002208665375267,0.00022086653752674627,310.2109911339828,313.0296782129621,108.77175797524087,107.95558998764099,2.851944263000645,2.8996152792902943,435481.2529702548,343670737808.13324,340278624848.8402,96864747.4684311,33035613.20541878,26721.08464684645,18360.665580192894,3069.589684890291,7.153338491736022,2.4626485400210436,0.8282582696984266
21,3780.0,63.0,1.05,29.1494249076207,29.339304476928692,0.0008029610148078428,100.40028876884323,100.36663154046086,100.37829446167989,1.000219114174845,0.00021911417484520002,310.58688048095905,318.83886978080136,108.90423719492618,109.28210624191125,2.8519265042465145,2.9175761773387388,430251.97443237,343696762953.211,329200233793.4288,96986155.76896872,33077962.1591309,26785.878290878194,18431.501973792587,3077.2421300758815,7.178986987331239,2.4715589729552,0.8312886246182503
21,3840.0,64.0,1.0666666666666667,29.10124724673223,29.08352257662658,0.0008029610148078428,99.81650564264473,99.4365353867305,99.79481182219553,1.000217384251276,0.00021738425127603705,310.9582600719422,310.9638214238733,109.03519924803629,108.04586738133916,2.851907110882292,2.878072331321582,425096.2291250541,343722486592.94385,346665791252.48083,97106112.62507333,33119827.85833519,26849.967440483677,18501.626073035648,3084.81593640504,7.2043846593955365,2.480384255330817,0.8342906784809063
21,3900.0,65.0,1.0833333333333333,29.053069585843758,29.028920116497524,0.0008029610148078428,99.23860888793993,99.74000022473874,99.21720961348325,1.0002156810752898,0.00021568107528974176,311.325176777412,314.34838042411894,109.16465926381363,108.50215214554125,2.851886122092367,2.8971626295712762,420031.2237136745,343747911232.29645,347994807083.5099,97224632.99252002,33161215.075755216,26913.35758067295,18571.043100627816,3092.3116751299767,7.2295327339725866,2.4891247828774796,0.8372645563259722
21,3960.0,66.0,1.1,29.004891924955285,28.857398188524098,0.0008029610148078428,98.66655559305755,98.13168281779468,98.64544451479165,1.0002140096622782,0.00021400966227830075,311.68767604912495,311.47163449816026,109.29263191241401,107.15634041651789,2.851863575752373,2.9067027978696034,415076.5854184909,343773039394.0827,322216317757.05133,97341731.3740542,33202128.438545607,26976.054009356303,18639.758211124197,3099.729897144236,7.254432382341143,2.4977809329359735,0.8402103770896083
21,4020.0,67.0,1.1166666666666667,28.956714264066814,29.057448740736902,0.0008029610148078428,98.10030341368042,98.08651498331984,98.07947370913033,1.0002123757781558,0.00021237577815587855,312.04580192011423,320.1714057752596,109.4191314049066,107.36491039258907,2.8518395084437804,2.9820860894357866,410254.48394258117,343797873618.9659,336904347208.5226,97457421.81924772,33242572.42823279,27038.061834705186,18707.77649092926,3107.071132691235,7.279084719129964,2.506353063820863,0.8431282533924827
21,4080.0,68.0,1.1333333333333333,28.908536603178344,28.758861925878655,0.0008029610148078428,97.53981057284538,97.46405518046018,97.5192548808244,1.0002107859832,0.00021078598319991098,312.3995970046906,310.21908604917354,109.54417149327405,110.76048806916883,2.851813955467925,2.8008100312400646,405589.7588889042,343822416465.45844,370956256407.57227,97571717.92435914,33282551.38065736,27099.385972580007,18775.10295829683,3114.335891079935,7.303490800475,2.5148415141971805,0.846018291332314
21,4140.0,69.0,1.15,28.860358942289874,28.921868539989056,0.0008029610148078428,96.98503586094336,96.78718497337435,96.96474621312527,1.0002092476761966,0.00020924767619659402,312.7491024984411,315.5315960704104,109.66776547041242,107.90187393628474,2.8517869508594904,2.924245748101923,401110.05639076384,343846670509.9222,342954432855.19293,97684632.8321959,33322069.485917494,27160.031144022993,18841.74256333011,3121.5246604074873,7.327651622218266,2.5232466024709357,0.8488805902809615
21,4200.0,70.0,1.1666666666666667,28.812181281401404,28.771458128287666,0.0008029610148078428,96.4359386357193,96.51875334346953,96.41590638586496,1.000207769138986,0.00020776913898592388,313.09435817823027,300.80918004730404,109.78992617013112,108.19274031707093,2.8517585273994754,2.7803083567876095,396845.9795740568,343870638346.56824,341084010949.7574,97796179.23197989,33361130.788313456,27220.00187281571,18907.700187981645,3128.637907288705,7.351568118148062,2.5315686261933816,0.8517152426860157
21,4260.0,71.0,1.1833333333333333,28.764003620512934,28.833025497654777,0.0008029610148078428,95.89246896643732,95.76774177851128,95.87269457319825,1.0002062567796504,0.0002062567796504082,313.43547169201173,303.4014922953067,109.91068825506623,110.68271454903388,2.851728768767529,2.741182248117848,392439.98797688383,343894319424.98267,353650779612.23016,97906391.70863318,33399746.35899563,27279.315364839495,18972.98182993744,3135.677486468261,7.375246518391963,2.539809669537216,0.8545229353260768
21,4320.0,72.0,1.2,28.715825959624464,28.710439410993494,0.0008029610148078428,95.354587858445,95.49602556674613,95.33507044137637,1.0002047244207013,0.0002047244207012873,313.7724763733839,320.2699774078769,110.03006248099813,111.77111060636182,2.851697702412661,2.8654092785729888,387947.10768757475,343917716539.6497,338883829957.90753,98015280.88120617,33437919.577508584,27337.975112404296,19037.59217323982,3142.643752046266,7.3986873818093954,2.5479699038790207,0.8573037187531625
21,4380.0,73.0,1.2166666666666666,28.667648298735994,28.66694543379342,0.0008029610148078428,94.82225699789721,94.7808755515743,94.8029941465905,1.000203188216576,0.00020318821657595423,314.10540333960785,319.1383492868171,110.14805888805823,110.9600121167412,2.8516653539834804,2.8761564026421627,383430.38149235275,343940832539.3063,320428489555.45886,98122856.65745658,33475653.594844133,27395.984251166898,19101.535820152465,3149.5370191728634,7.4218911351245485,2.5560494560838087,0.8600576287211104
21,4440.0,74.0,1.2333333333333334,28.619470637847524,28.75259118598291,0.0008029610148078428,94.29543620110256,94.38900256273037,94.27642633288507,1.0002016396776685,0.00020163967766843435,314.43429942355425,315.8181354897154,110.26469256875845,108.15413349158231,2.851631760796689,2.920074575922664,378859.23393816105,343963669508.5065,337930552585.31396,98229134.0177811,33512953.18972429,27453.34890154523,19164.817597545218,3156.3579297963533,7.444859466599125,2.564048878648201,0.8627848425903322
21,4500.0,75.0,1.25,28.571292976959054,28.574139030560758,0.0008029610148078428,93.77408570165083,93.58922442357095,93.75532813011523,1.0002000693924251,0.00020006939242503416,314.75921109443334,306.7321044571901,110.37997849589777,109.46051518885014,2.8515969597342443,2.802216890062969,374200.2044260729,343986229501.4996,381172231646.262,98334127.82877208,33549823.104092687,27510.07518123214,19227.442282164044,3163.1071257043595,7.4675940838841015,2.571968730715339,0.8654855399577224
21,4560.0,76.0,1.2666666666666666,28.52311531607058,28.407029897054176,0.0008029610148078428,93.25816615041302,93.25790656978367,93.2396611519724,1.0001984670280006,0.00019846702800064488,315.08018445779436,310.5619620829582,110.4939315225623,108.09055173738417,2.851560987251653,2.873164740961788,369417.0857057014,344008514542.22943,335818260354.4076,98437852.84310462,33586268.043070085,27566.16920382079,19289.41460063105,3169.7852483742026,7.490096713096394,2.5798095777647223,0.8681599025544027
21,4620.0,77.0,1.2833333333333334,28.474937655182114,28.475013915927043,0.0008029610148078428,92.74764100024879,93.3175150742873,92.72938749407736,1.0001968470477884,0.0001968470477883739,315.3972605490294,305.06508941259824,110.60656488923705,109.75340748923394,2.8515238753221617,2.7795500512594384,364566.3357895971,344030526618.1949,355162648072.1266,98540322.17910346,33622292.19475331,27621.636219561064,19350.73894299312,3176.3928467713376,7.512368744443108,2.587571872630126,0.8708080749790814
21,4680.0,78.0,1.3,28.426759994293644,28.361469864912667,0.0008029610148078428,92.24248094156727,91.70760553653461,92.22446973212594,1.0001952975115351,0.0001952975115350752,315.7104665792809,314.1284904109303,110.71788744703107,104.48822274300572,2.851485643910258,3.0063530813759347,359974.6324416011,344052267669.0288,351584775308.3371,98641544.49259259,33657898.33697636,27676.479012601427,19411.41882992183,3182.930205339342,7.534410569219949,2.595255732872422,0.8734300912183506
21,4740.0,79.0,1.3166666666666667,28.37858233340517,28.518927319442668,0.0008029610148078428,91.74264345160175,91.32360535155097,91.72487092010047,1.0001937591334062,0.00019375913340625571,316.0198562973157,330.4222439010011,110.82791646035659,112.00823516771158,2.8514463358187983,2.9499816991693066,355421.80418491206,344073739639.15466,350729978071.64166,98741537.01485674,33693091.95503759,27730.705259347313,19471.45936925703,3189.3981335818044,7.55622461222597,2.6028619589229915,0.8760262106597654
21,4800.0,80.0,1.3333333333333333,28.3304046725167,28.37422860926012,0.0008029610148078428,91.24809243761541,92.04897589514496,91.23055458855033,1.000192236571883,0.00019223657188289906,316.3254712213843,312.77637332040695,110.93666530977787,108.5634796269837,2.851405983207462,2.8810459502134975,350925.3160538809,344094944427.20935,319901676919.8819,98840313.02953048,33727877.28658615,27784.320463878008,19530.864896462594,3195.7972080251757,7.577812422012032,2.6103910571465905,0.8785965956853883
21,4860.0,81.0,1.35,28.28222701162823,28.23247268159495,0.0008029610148078428,90.75879236177975,90.73642926155844,90.74148474292484,1.0001907354602357,0.00019073546023572302,316.6273522344532,309.8360060744098,111.04414716998808,112.98652441340131,2.851364617621451,2.7422385782995216,346505.8161548683,344115883901.17035,328075416023.8641,98937885.61797222,33762258.50448834,27837.330067990966,19589.639680346758,3202.1279986192467,7.59917553900533,2.617843531304209,0.881141407857787
21,4920.0,82.0,1.3666666666666667,28.23404935073976,28.262802779476264,0.0008029610148078428,90.27470824117476,90.47047186630603,90.25762586198485,1.0001892624476523,0.00018926244765219476,316.9255395842051,320.27202800613185,111.15037500980934,112.04532933477262,2.851322269998959,2.858414803255322,342187.20304256066,344136559898.3554,330509200246.1241,99034267.65915734,33796239.71678467,27889.739449802328,19647.78792306207,3208.3910685833416,7.6203154945230445,2.6252198822201276,0.883660807809753
21,4980.0,83.0,1.3833333333333333,28.18587168985129,28.268253295159855,0.0008029610148078428,89.7958056477888,90.02760730829051,89.77894289626471,1.000187825240308,0.0001878252403079776,317.2200728830384,313.9938106289604,111.2553615921926,114.27395340302252,2.851278970678385,2.7477286054991366,337996.6985357114,344156974225.42303,331752627062.4223,99129471.82957393,33829824.966648035,27941.553922377294,19705.31376010543,3214.586974255685,7.641233809804133,2.632520607454963,0.8861549551359726
21,5040.0,84.0,1.4,28.13769402896282,28.228446042982668,0.0008029610148078428,89.32204567565194,89.60620679928468,89.30540126661377,1.0001863762863399,0.00018637628633988296,317.5109790964645,321.22001361133994,111.35911563132417,112.67414088971039,2.851234739934949,2.8508760845646206,333763.0658289302,344177129937.91504,329553831471.40546,99223506.7418567,33863016.99575852,27992.776399122486,19762.221864866617,3220.716008709858,7.661930993293257,2.639745863242487,0.8886238956042709
21,5100.0,85.0,1.4166666666666667,28.08951636807435,28.141411256386426,0.0008029610148078428,88.85339444159573,88.51378395671415,88.83696686279237,1.0001849182765181,0.00018491827651805594,317.7982952179295,318.90012825250466,111.46164904702185,111.6456051788536,2.851189605887324,2.8563607832268385,329497.4136658952,344197028924.8079,341246435546.09845,99316384.23394378,33895819.57866865,28043.41179051278,19818.51630739589,3226.77868456367,7.68240842520059,2.6468960998336746,0.8910677731187415
21,5160.0,86.0,1.4333333333333333,28.04133870718588,28.0742478105473,0.0008029610148078428,88.38981988470593,88.27120090767102,88.37360604214783,1.0001834692877687,0.00018346928776867105,318.0820606302844,315.93680670342235,111.56297452092629,109.00427655088018,2.8511435984581115,2.8983890972016293,325265.2174393542,344216672722.2133,366536202318.7165,99408116.91329841,33928236.73633004,28093.465525861466,19874.200938854123,3232.7755716747997,7.702667725343208,2.6539718483945824,0.8934867586323882
21,5220.0,87.0,1.45,27.99316104629741,28.127764650728288,0.0008029610148078428,87.93128877161732,87.26570700497658,87.91528562834229,1.0001820291336216,0.00018202913362166904,318.3623099585239,320.7014802879137,111.6631032098653,113.1032184481051,2.8510967437487174,2.8354761667110333,321066.2126867631,344236063274.7415,384238407201.1084,99498715.8592767,33960272.000259064,28142.9421625975,19929.27975123714,3238.707144407462,7.72271015522907,2.660973519415065,0.8958809828882441
21,5280.0,88.0,1.4666666666666666,27.94498338540894,27.890791138236967,0.0008029610148078428,87.47776833845526,87.41410583999084,87.46197291017049,1.000180597667297,0.0001805976672970598,318.6390769884979,315.6071088825455,111.762045999574,107.35871144382854,2.851049067137805,2.9397438236549176,316900.265850316,344255202518.0606,346983996786.44574,99588191.88277029,33991928.81593377,28191.846145425712,19983.756680145496,3244.573864997208,7.742536943292805,2.6679015123562264,0.8982505730007171
21,5340.0,89.0,1.4833333333333334,27.896805724520465,27.88900569077408,0.0008029610148078428,87.02922629083578,86.28296635875898,87.01363564042491,1.0001791747959514,0.00017917479595150085,318.91239466691167,313.2713488653578,111.85981350469483,114.55590285722771,2.8510005932874782,2.7346591581211785,312767.42105828034,344274092378.8952,338695285171.74817,99676555.5261181,34023210.54275796,28240.181805002627,20037.635604784475,3250.3761834037387,7.762149283925098,2.674756215321252,0.9005956523459777
21,5400.0,90.0,1.5,27.848628063632,27.868756049003192,0.0008029610148078428,86.58563077524038,86.31346052436032,86.57024203485021,1.0001777601636366,0.000177760163636483,319.1822957147956,319.40257665077627,111.95641624625642,110.81275169358905,2.8509513471093118,2.8823630111989624,308666.7948058625,344292734781.80273,333822573469.0009,99763817.2632219,34054120.511963226,28287.953470442408,20090.92035140254,3256.1145483585233,7.781548383887721,2.6815380202170473,0.9029163454197158
21,5460.0,91.0,1.5166666666666666,27.800450402743525,27.84351545251372,0.0008029610148078428,86.14695026129809,86.03914388369338,86.13176077115658,1.000176351789462,0.00017635178946203133,319.44881515033865,322.1724752405076,112.05186538153694,111.04649259361817,2.850901357711578,2.9012395413470524,304591.896677194,344311131677.03735,372778456511.42474,99849988.32282218,34084662.264855266,28335.165936895093,20143.614707431643,3261.7894533366825,7.800735656864809,2.688247386346786,0.9052127982262907
21,5520.0,92.0,1.5333333333333334,27.752272741855055,27.840671948412396,0.0008029610148078428,85.71315394563513,85.69444425968297,85.6981609881116,1.0001749507498254,0.00017495074982544606,319.71198163391927,315.08586835718233,112.1461702001549,111.60900540022797,2.850850644862036,2.8231222671261142,300546.8674791968,344329284944.95776,349417702860.2634,99935077.86390266,34114838.735382654,28381.822858548192,20195.722372976743,3267.4012785005298,7.819712054101732,2.6948846215795683,0.9074851081037698
21,5580.0,93.0,1.55,27.704095080966585,27.62426536378635,0.0008029610148078428,85.2842113847832,85.12812536144612,85.26941228470453,1.000173556961191,0.00017355696119100207,319.9718253353082,329.12455415276656,112.23934040007516,110.72546704855111,2.8507992313102894,2.9724377139764186,296531.7861200234,344347196482.9182,352302098928.9554,100019095.54298714,34144652.99308264,28427.928206164877,20247.24700491091,3272.950434020853,7.838478670418127,2.7014500804449355,0.9097333872405804
21,5640.0,94.0,1.5666666666666667,27.655917420078115,27.72083174044176,0.0008029610148078428,84.86009260240589,84.64379025151312,84.84548471938425,1.0001721704233284,0.00017217042332839933,320.22837563568316,323.5861097437145,112.3313854227948,111.55223057868815,2.8507471391935755,2.900758757266258,292547.00255809416,344364868179.8891,342006135354.7035,100102050.76414856,34174108.02603181,28473.485840020672,20298.192203995273,3278.437318064247,7.857036566230974,2.7079441059420857,0.9119577440127424
21,5700.0,95.0,1.5833333333333333,27.607739759189645,27.48236991939765,0.0008029610148078428,84.44076808929852,84.78663786531443,84.42634880937429,1.0001707912296052,0.00017079122960514853,320.48166112762954,326.4005492514485,112.42231445334312,114.07319973885836,2.8506943900415256,2.861325447157262,288593.16519719263,344382301916.45526,345418636530.618,100183952.67893277,34203206.740815006,28518.499508786364,20348.56151487904,3283.862316668139,7.875386766728026,2.714367029258855,0.9141582828900718
21,5760.0,96.0,1.6,27.559562098301175,27.467860894666565,0.0008029610148078428,84.02620880338829,84.11852302133948,84.01197553005902,1.000169419576667,0.00016941957666707905,320.7317096151395,317.0891972672863,112.51213642028158,112.38961370186374,2.850641004780743,2.821338972731321,284671.24493752304,344399499564.8173,330555812817.076,100264810.18628359,34231951.96249496,28562.97284843774,20398.358426099487,3289.2258036187386,7.893530261059558,2.7207191694968413,0.916335104344419
21,5820.0,97.0,1.6166666666666667,27.511384437412705,27.50292979332985,0.0008029610148078428,83.61638608184236,83.59006043409293,83.6023363144552,1.0001680547219916,0.00016805472199147507,320.9785522360635,319.8339620423265,112.6008612856956,113.27802093361643,2.850587007693159,2.823442353656202,280779.04244005453,344416462821.39215,366945750937.3218,100344633.26537427,34260346.85115695,28606.91016556167,20447.586380639535,3294.5282240629276,7.9114683350644,2.7270009450797517,0.9184883416186149
21,5880.0,98.0,1.6333333333333333,27.463206776524235,27.44274102436309,0.0008029610148078428,83.21127172469987,82.77503644321195,83.19740305275708,1.000166695971676,0.0001666959716758668,321.2222195394647,314.26919803465216,112.68849881772574,111.33647778185453,2.850532422648059,2.8226975048591965,276914.55976878497,344433193366.09827,344802326407.193,100423431.7072703,34288394.50551454,28650.31569235582,20496.248765881875,3299.7700149885595,7.929202255149493,2.733212767909734,0.9206181257963284
21,5940.0,99.0,1.65,27.415029115635765,27.504429323367873,0.0008029610148078428,82.81083805180813,82.93856868734,82.79714809196149,1.0001653433742843,0.00016534337428432928,321.46273881509404,319.5465857830416,112.77505775491045,113.76565132317492,2.8504772705478567,2.8088142780047316,273078.2885553925,344449692970.79724,313926375605.96533,100501214.25139295,34316097.69301861,28693.193076806914,20544.348906769774,3304.951550791934,7.946733050905081,2.7393549705690017,0.9227245617730153
21,6000.0,100.0,1.6666666666666667,27.366851454747295,27.230560249714415,0.0008029610148078428,82.41505781691876,82.13208056589976,82.40154423557807,1.0001639967001352,0.00016399670013531547,321.70013848283486,317.40218774630563,112.86054718187594,112.67737501627346,2.8504215734876044,2.816911449174821,269269.7875471571,344465963316.0797,361694710289.24805,100577990.00444828,34343459.29400095,28735.546217337127,20591.890076125856,3310.073232514962,7.964061869834435,2.7454279251530593,0.9248077674976976
21,6060.0,101.0,1.6833333333333333,27.31867379385882,27.50107284033332,0.0008029610148078428,82.02390426412656,82.50140562339348,82.01056474341546,1.0001626561254984,0.0001626561254983963,321.93444670420354,324.19131119248937,112.9449761023629,111.45361704973149,2.8503653532356488,2.9087554067252266,265489.943304355,344482006030.2714,361212157148.476,100653767.99060565,34370482.1634969,28777.378999578978,20638.87548787267,3315.1354602474958,7.981189865776702,2.7514320061056186,0.9268678617840498
21,6120.0,102.0,1.7,27.27049613297035,27.329154403988525,0.0008029610148078428,81.63735106576499,81.63563257700942,81.62418333145587,1.0001613214830665,0.00016132148306648611,322.1656906993926,325.23726780973055,113.02835321470917,107.71037226500309,2.850308630856589,3.019553836556608,261738.4990621902,344497822746.8255,333344234891.00323,100728556.93192296,34397169.05912586,28818.695162854856,20685.308304492675,3320.1386181328526,7.998118141005298,2.7573675705413354,0.9289049577010582
21,6180.0,103.0,1.7166666666666666,27.241502707958567,27.24013360757867,0.0003852369260633334,81.4021593019973,80.81381105185633,81.39386351236261,1.000101921561119,0.00010192156111900125,322.30471199896846,323.1540625620945,113.07959038936636,113.87002309729986,2.8502465466064946,2.83792040935976,104618.39891837901,344506523724.3281,352391120404.6969,100773519.76259013,34413569.092441246,28843.63960280887,20713.559567407712,3323.229262573227,8.008368477934383,2.760989599215705,0.930157980540222
21,6240.0,104.0,1.7333333333333334,27.21838894680918,27.331860325148114,0.0003852369260633334,81.21991864272624,81.14870379718246,81.21143347910399,1.0001044823771574,0.00010448237715736279,322.41151184180734,308.99594958420107,113.11955915596069,111.71847522142967,2.8501835955468207,2.7658446731550983,110057.78282605002,344512775461.8521,339939992527.81104,100808062.11434944,34426362.46255062,28862.85922410467,20735.450337290124,3325.6486728529444,8.016282288711128,2.7638011884721223,0.9311359885738055
21,6300.0,105.0,1.75,27.195274735597142,27.08086074521361,0.0003852369260633334,81.03837227764079,80.96863334740719,81.03004600391971,1.000102755386819,0.00010275538681884573,322.51784527810094,321.88700031898094,113.15936243126386,107.02000055725755,2.8501207354716875,3.007727514884153,106561.51143448909,344518998778.53784,352262115753.976,100842453.98214766,34439102.99305702,28882.001187841917,20757.257708471556,3328.05894517502,8.02416662270241,2.7666025963630503,0.9321105536616141
21,6360.0,106.0,1.7666666666666666,27.17216052198144,26.985093077786587,0.0003852369260633334,80.85786752393379,80.64010321863285,80.84970187003336,1.0001009979469506,0.00010099794695051054,322.62350531249933,323.0804459306344,113.19892581155453,111.99632786798064,2.850058010705683,2.884741420374748,103055.14463635218,344525179485.5698,349647398887.4307,100876628.4118952,34451766.867877446,28901.028369344807,20778.939961169093,3330.455597712831,8.032006213035922,2.7693884752336384,0.9330798422964799
21,6420.0,107.0,1.7833333333333334,27.14904630652659,27.179569970447183,0.0003852369260633334,80.67850805761016,80.10744837677804,80.67039834582492,1.0001005289666536,0.0001005289666535745,322.7284277810184,310.232266143552,113.23822635450594,114.07201433532222,2.8499954314957043,2.719617672671263,102206.16392449889,344531313319.6584,355427365471.80194,100910564.64080995,34464346.73702736,28919.92915020272,20800.484641808573,3332.8372335958975,8.03979624138371,2.7721571394582307,0.9340432771475147
21,6480.0,108.0,1.8,27.125932091605712,27.03218613513333,0.0003852369260633334,80.50018642694339,80.58505936816712,80.49213273766888,1.0001000556079283,0.00010005560792819528,322.8326897198463,320.73013954242856,113.27729128079183,112.29044164919543,2.8499329924795647,2.8562550367770028,101350.17925658607,344537404617.7595,334084693395.4178,100944287.60466024,34476851.32578977,28938.71732489205,20821.904657504278,3335.2054890546506,8.047542353362337,2.7749105525267437,0.9350015273805075
21,6540.0,109.0,1.8166666666666667,27.102817875976523,26.981350635103585,0.0003852369260633334,80.32290067781754,80.88889774418155,80.31490234807146,1.0000995871191056,9.958711910553808e-05,322.9362879519311,330.60634845520667,113.31611958941714,113.26854314373828,2.849870690260478,2.9187834440111566,100505.98787974255,344543453494.2019,340889055171.5367,100977796.2557012,34489280.30451396,28957.39216612166,20843.20024298486,3337.560283398151,8.05524419613719,2.777648593906056,0.9359545524327428
21,6600.0,110.0,1.8333333333333333,27.07970366010615,27.092929846597016,0.0003852369260633334,80.14664876735507,79.9650787208444,80.13870451695374,1.0000991312556051,9.9131255605168e-05,323.0392233214426,313.56762576435773,113.3547114987197,112.52769229666107,2.8498085262657233,2.786581857003584,99689.11063896303,344549460107.5348,349932158732.1834,101011090.85978194,34501633.73916085,28975.953702082574,20864.37164364101,3339.9016132090846,8.06290173496877,2.780371248280468,0.9369023459129673
21,6660.0,111.0,1.85,27.05658944447724,27.03314786497376,0.0003852369260633334,79.97142858488323,80.14035394226497,79.9635366084868,1.000098694689244,9.869468924395533e-05,323.1414967005657,335.17318484574554,113.39306723428312,110.94177587225937,2.8497465019877994,3.0211629677865517,98912.6779824718,344555424621.5701,372038606569.13635,101044171.69194637,34513911.698037125,28994.401966529615,20885.419113007,3342.22947555519,8.070514937598007,2.7830785011281547,0.9378449016743882
21,6720.0,112.0,1.8666666666666667,27.033475228732605,27.088397479308625,0.0003852369260633334,79.79724169241572,79.31404445034241,79.78939600467034,1.0000983299553354,9.83299553355207e-05,323.24310744383564,316.66714154329287,113.43118662916315,113.44121794014406,2.8496846154012627,2.7914645778078535,98281.31112271991,344561346915.0782,366971844662.34717,101077038.53394182,34526114.12431941,29012.736740973276,20906.342463453548,3344.5438470435574,8.078083673659618,2.7857703074931077,0.9387822045763425
21,6780.0,113.0,1.8833333333333333,27.010361013017462,27.0510719534024,0.0003852369260633334,79.624077813504,79.6389207980252,79.61628011555909,1.0000979409981676,9.794099816759913e-05,323.34406256674805,323.51198148039884,113.46907202991547,112.06720925566823,2.8496228688774354,2.8867675355629148,97602.33095535275,344567227516.7615,359830207714.5041,101109693.64887914,34538241.7669254,29030.959169354683,20927.142929388887,3346.8448536402666,8.085608369651649,2.7884468113496865,0.939714302116734
21,6840.0,114.0,1.9,26.987246797371228,27.03643890194377,0.0003852369260633334,79.45193415796795,79.58831062255616,79.44418637464263,1.0000975248621566,9.752486215657566e-05,323.4443639740951,316.9786153864089,113.5067240736583,111.27460665376874,2.8495612626808016,2.8486159144348964,96870.32099040813,344573066570.1692,360213445375.502,101142137.64528345,34550294.826660775,29049.0694839484,20947.820845969793,3349.132519180872,8.093089078869667,2.7911080291999077,0.9406411992016908
21,6900.0,115.0,1.9166666666666667,26.964132581737964,26.85215261401293,0.0003852369260633334,79.2808146848025,79.0234255780497,79.2731122389672,1.0000971634091023,9.716340910236336e-05,323.54400896316156,315.8687670835859,113.54414185638271,113.17007024530186,2.8494997951756864,2.7910980915618797,96247.94733327713,344578863871.6187,341113652574.89935,101174369.63990459,34562273.01014502,29067.067093971556,20968.375737641323,3351.4067752836636,8.100525517220015,2.7937538622944853,0.9415628622251171
21,6960.0,116.0,1.9333333333333333,26.941018366131686,26.848159035937332,0.0003852369260633334,79.11071081995485,78.82505868113924,79.10305519037918,1.0000967804537668,9.678045376681127e-05,323.6430044220148,330.8439635042102,113.5813277803448,113.24388537844123,2.8494384662231527,2.921517240410709,95583.8002771819,344584619746.32684,335426325468.77277,101206391.85603704,34574177.08552761,29084.953147786327,20988.808634319717,3353.667755127618,8.10791812056031,2.7963844603920816,0.9424793416478889
21,7020.0,117.0,1.95,26.917904150552264,26.8005215817957,0.0003852369260633334,78.94162140715943,79.27208016890184,78.9340127349173,1.0000963928220359,9.639282203579453e-05,323.7413513801842,322.6451644225426,113.61828218103939,112.95014682288642,2.849377275959292,2.856527180336227,94911.4137764584,344590334259.2215,351382335558.0439,101238204.61927174,34586007.15723724,29102.727726013618,21009.119674895745,3355.915465102089,8.11526688152629,2.7989998190829937,0.9433906353323476
21,7080.0,118.0,1.9666666666666666,26.89478993497946,26.837363672674435,0.0003852369260633334,78.77354310584147,78.95059607371073,78.7659824027881,1.0000959894464936,9.598944649364425e-05,323.8390537992411,322.9316452016818,113.6550061409056,112.06330851458674,2.8493162315943787,2.881689372571464,94209.17056592634,344596007804.58673,345455650577.62256,101269809.20579174,34597763.57054702,29120.391423291316,21029.309260639646,3358.1499545281767,8.122572000856774,2.801599999076207,0.9442967607674913
21,7140.0,119.0,1.9833333333333334,26.871675719415897,26.833440316583403,0.0003852369260633334,78.6064760167252,78.61904821833573,78.59896174869908,1.0000956026372223,9.560263722234397e-05,323.93611147758986,325.03050675214666,113.69149964551274,113.71498226542002,2.849255331204308,2.8582909681461235,93540.60984840115,344601640325.2068,349093368268.6045,101301205.54246734,34609446.31741147,29137.944105259485,21049.37737945241,3360.3712096027148,8.129833384569242,2.8041849679616764,0.9451977070267843
21,7200.0,120.0,2.0,26.84856150385207,26.700379932519922,0.0003852369260633334,78.44041593286357,78.50506902473364,78.43294835162675,1.0000952097478644,9.520974786445388e-05,324.0325286724694,325.93413328531017,113.7277640717511,112.94150410174635,2.849194577218951,2.8858667668502425,92861.27459329141,344607232065.0177,342127511477.9943,101332395.00142223,34621055.837521024,29155.386441800307,21069.324536673026,3362.5793006457297,8.137051270524708,2.806754804165079,0.9460934993775718
21,7260.0,121.0,2.0166666666666666,26.825447288374804,26.773721752717954,0.0003852369260633334,78.27535991316887,78.21429827817,78.26793981560515,1.000094803792986,9.48037929860592e-05,324.1283062502864,328.38404927968185,113.76379976094854,112.1066845238001,2.8491339681988124,2.9292102489211187,92157.7201292205,344612783152.58386,351499172616.19116,101363377.85422987,34632592.235704385,29172.718478997704,21089.1510855853,3364.7742336689444,8.144225636335241,2.8093094997003325,0.9469841349673476
21,7320.0,122.0,2.033333333333333,26.80233307295046,26.829638652055955,0.0003852369260633334,78.11130617837813,78.29983451708777,78.10393376820235,1.0000943923029237,9.439230292364122e-05,324.2234466801343,326.93206299024797,113.79960749230253,115.36929294277778,2.8490735058296663,2.833787523967956,91444.81465892865,344618293704.3741,318585738708.71747,101394154.89413048,34644055.75997444,29189.94056794956,21108.85723991452,3366.9560432983417,8.151356589494705,2.811849088483437,0.9478696241931983
21,7380.0,123.0,2.05,26.779218857537852,26.96718859349606,0.0003852369260633334,77.94825306745471,77.70075095512045,77.94092786135975,1.000093984076094,9.39840760940301e-05,324.31795248794793,320.2126908380217,113.83518805828238,113.1095521607181,2.8490131919657444,2.8309960098067526,90739.68111983457,344623763833.513,359349913720.917,101424726.93301067,34655446.66279545,29207.0530721061,21128.4431991846,3369.124765229547,8.158444243251934,2.8143736062599958,0.9487499780222675
21,7440.0,124.0,2.066666666666667,26.756104642133387,26.920024320176886,0.0003852369260633334,77.7861983307357,78.07962103259852,77.77891977173645,1.0000935800988315,9.358009883149917e-05,324.4118259166608,318.68961505405804,113.87054218527913,113.86672949096109,2.848953027630353,2.7987948409404,90044.17727930086,344629193669.7762,348189502907.3586,101455094.69044767,34666765.17469032,29224.056300513847,21147.90923362532,3371.280430701352,8.165488687714538,2.8168830816013655,0.94962520524844
21,7500.0,125.0,2.0833333333333335,26.732990426733476,26.751377783162706,0.0003852369260633334,77.62513971855813,77.87872270612696,77.61790720046395,1.0000931810500315,9.318105003147185e-05,324.50506920920697,317.81442542784583,113.90567059968367,114.39724734341367,2.8488930138488486,2.7781649716953942,89359.54567122144,344634583342.93976,360294821326.4264,101485258.88610548,34678011.52621809,29240.950563338985,21167.25561346647,3373.4230710912807,8.172490013856919,2.81937754338455,0.9504953147710669
21,7560.0,126.0,2.1,26.709876211334528,26.812465839062476,0.0003852369260633334,77.46507498125905,77.58847381737004,77.45788787317917,1.0000927872974235,9.278729742338355e-05,324.5976846085201,322.5272892177763,113.9405740278869,111.62822051361557,2.8488331516486394,2.889298850539652,88686.41696129147,344639932982.7792,377036602294.5358,101515220.2397334,34689185.947973624,29257.73617185928,21186.482608937833,3375.5527179147157,8.179448313514863,2.821857020790354,0.9513603155943529
21,7620.0,127.0,2.1166666666666667,26.686761995932947,26.49809335873291,0.0003852369260633334,77.30600186917552,76.91215041756836,77.29885954004602,1.000092398894007,9.239889400688002e-05,324.6896743575341,333.48597930704165,113.9752531962798,113.94361120806931,2.8487734420591933,2.9267632978392446,88024.81349237156,344645242719.07056,362697132450.38513,101544979.47116621,34700288.670587584,29274.41343845641,21205.590490269187,3377.669402823998,8.186363679380085,2.8243215433015534,0.9522202168267533
21,7680.0,128.0,2.1333333333333333,26.663647780525142,26.79784976934227,0.0003852369260633334,77.14791813264458,76.7595879173678,77.14081997579332,1.0000920155742898,9.20155742897712e-05,324.7810406991827,317.898072680188,114.0097088312533,113.83731374850174,2.848713886112048,2.792564776980887,87374.15222304608,344650512681.5895,361429592175.9966,101574537.3003231,34711319.92472593,29290.98267660814,21224.579527690323,3379.773157607524,8.1932362049949,2.826771140701049,0.9530750276803546
21,7740.0,129.0,2.15,26.640533565107525,26.630548942641756,0.0003852369260633334,76.9908215220033,77.61544202006877,76.98376697974172,1.000091636750686,9.163675068591392e-05,324.87178587639966,321.26253076821206,114.04394165919834,109.03331648146334,2.8486544848408157,2.9464620643987254,86733.24772320504,344655743000.11163,338866177859.2324,101603894.44720715,34722279.94108984,29307.444200880425,21243.449991431014,3381.864014188879,8.200065984746717,2.829205843070034,0.9539247574702707
21,7800.0,130.0,2.1666666666666665,26.617419349676503,26.530478335722673,0.0003852369260633334,76.83470978758872,77.1856418763845,76.82769837583828,1.0000912615098287,9.126150982866517e-05,324.9619121321189,330.3171224268883,114.07795240650584,114.2564306970293,2.8485952392811917,2.8910155902102472,86100.31480952259,344660933804.41315,356382642219.6685,101633051.63190523,34733168.95041544,29323.79832692005,21262.202151721052,3383.942004625943,8.206853113862833,2.8316256807861926,0.9547694156140343
21,7860.0,131.0,2.183333333333333,26.59430513422848,26.544659403816382,0.0003852369260633334,76.6795806797379,77.1528598539314,76.67261201269274,1.0000908886088817,9.08886088816668e-05,325.05142170927417,321.5300805117563,114.11174179956677,113.44136280721406,2.848536150470961,2.834328436781696,85472.9711065553,344666085224.26953,347798602300.23944,101662009.57458636,34743987.18347348,29340.045371446467,21280.836278790222,3386.007161110012,8.213597688404848,2.8340306845218306,0.9556090116309857
21,7920.0,132.0,2.2,26.571190918759868,26.509133087205974,0.0003852369260633334,76.5254319487879,76.47199117045562,76.51850576360931,1.0000905164719236,9.051647192357093e-05,325.1403168507993,332.25320277590276,114.14531056477202,111.78152513620877,2.848477219450007,2.9723445119490304,84848.23988657363,344671197389.4568,327989607355.54535,101690768.9955023,34754734.87106918,29356.185652244538,21299.3526428683,3388.0595159649274,8.220299805263455,2.836420885242082,0.956443555141669
21,7980.0,133.0,2.216666666666667,26.548076703267075,26.672801429592468,0.0003852369260633334,76.37226134507576,76.42661775792793,76.36537752662848,1.0000901431862217,9.014318622176351e-05,325.22859979962806,326.27315912028087,114.17865942851255,115.7246639446807,2.848418447260315,2.8193917182273927,84222.55313361027,344676270429.7505,369795725970.4763,101719330.61498602,34765412.244041994,29372.219488156617,21317.751514185078,3390.099101646181,8.226959562153032,2.838796314203077,0.9572730558672222
21,8040.0,134.0,2.2333333333333334,26.524962487746507,26.68271596014949,0.0003852369260633334,76.22006661893853,75.98566925022996,76.21322522456094,1.0000897664986284,8.976649862842003e-05,325.31627279869434,329.49055256047876,114.2117891171793,113.17007152175125,2.848359834945984,2.9114636770124402,83591.75565388096,344681304474.9266,330996124798.89984,101747695.15345171,34776019.5332653,29388.14719907503,21336.03316297033,3392.1259507400773,8.23357705760627,2.8411570029501227,0.9580975236287788
21,8100.0,135.0,2.25,26.501848272194575,26.464639107239634,0.0003852369260633334,76.06884552071327,75.72533311464763,76.06204680503289,1.0000893838118476,8.938381184774281e-05,325.40333809093187,325.68858267366784,114.2447003571632,114.06381309965623,2.8483013835532276,2.855319086949316,82951.11023636548,344686299654.7609,334457159810.88965,101775863.33139385,34786556.96964619,29403.96910593455,21354.19785945384,3394.1400959628263,8.240152390968873,2.8435029833158874,0.9589169683468497
21,8160.0,136.0,2.2666666666666666,26.478734056607685,26.407747052028995,0.0003852369260633334,75.91859580073704,75.91184147571813,75.91184024052218,1.0000889921808436,8.899218084361163e-05,325.48979791927445,320.6543479958845,114.27739387485516,113.76753517533159,2.8482430941303876,2.8185048353355953,82295.30493873972,344691256099.02924,363508697133.2549,101803835.86938694,34797024.78412529,29419.685530704744,21372.245873865402,3396.141570159707,8.246685662394245,2.8458342874186,0.9597314000407362
21,8220.0,137.0,2.283333333333333,26.455619841015153,26.615028059119304,0.0003852369260633334,75.76931629493622,75.35859001592762,75.76260352861631,1.0000886026351692,8.860263516910265e-05,325.5756530481937,325.569307068284,114.30986989870516,114.48136297854049,2.848184967200996,2.84386295373957,81644.86214974592,344696173897.5901,325000264331.36273,101831613.008426,34807423.04708086,29435.296521493474,21390.177346033666,3398.130375025442,8.25317685709741,2.848150907995742,0.9605408154776123
21,8280.0,138.0,2.3,26.432505625428988,26.431920335144717,0.0003852369260633334,75.6210052683086,75.68220631777513,75.61433469172889,1.000088218412645,8.82184126449481e-05,325.66090501970774,335.30793133844656,114.34212891903815,114.09427455147801,2.8481270035674897,2.9388672889730283,81005.70746060894,344701053161.29517,333801757263.97406,101859195.2418315,34817751.91337811,29450.80227174938,21407.992484367318,3400.106528800775,8.259626021755096,2.8504528588539237,0.9613452185178886
21,8340.0,139.0,2.316666666666667,26.40939140984038,26.371412057138517,0.0003852369260633334,75.47366029918591,76.04544687102675,75.4670317771225,1.0000878333479841,8.783334798411919e-05,325.7455563110042,323.6551280009632,114.37417174114091,117.23612927673028,2.848069204367685,2.760711480306474,80366.47521900524,344705894026.245,348401812629.1043,101886583.36639723,34828011.639495306,29466.2031497673,21425.69157975743,3402.0700696323793,8.26603327701073,2.8527401791565516,0.9621446215591125
21,8400.0,140.0,2.3333333333333335,26.386277194253406,26.345110936072988,0.0003852369260633334,75.3272793906332,75.52086237429431,75.32069285717937,1.000087446533004,8.744653300410398e-05,325.829608820827,328.03732751997023,114.40599897548246,112.03311604017347,2.848011570535329,2.9280389505754774,79725.5458799065,344710696612.9225,342241937402.61005,101913777.99132802,34838202.419109955,29481.499417263447,21443.274872076076,3404.0210235505,8.272398698982629,2.8550128928166343,0.962939031868403
21,8460.0,141.0,2.35,26.363162978666463,26.339073034396996,0.0003852369260633334,75.1818608856285,75.43200573650792,75.17531602932695,1.0000870612409396,8.706124093967053e-05,325.9130641089387,325.0315979651201,114.43761112337572,113.12933395368195,2.8479541027605895,2.873097424035011,79088.92065952955,344715461022.7002,333108651930.8073,101940779.61602269,34848324.410769604,29496.691275018646,21460.742560364924,3405.9594099968526,8.27872233874725,2.857271015302957,0.9637284539238813
21,8520.0,142.0,2.3666666666666667,26.3400487630807,26.293891426443416,0.0003852369260633334,75.03740296250078,74.83859402834898,75.03089941614128,1.0000866782406996,8.667824069955882e-05,325.9959238992998,324.49639905328576,114.46900873900726,114.836334660201,2.8478968018547284,2.8257293304725004,78457.98128070537,344720187366.2075,368440202492.013,101967588.7931734,34858377.790082246,29511.77895465934,21478.09486344333,3407.885251770973,8.285004260546362,2.859514566541095,0.9645128936815455
21,8580.0,143.0,2.3833333333333333,26.316934547501162,26.226761195162123,0.0003852369260633334,74.89390356549134,75.3156878638622,74.88744116540882,1.0000862948443952,8.62948443952339e-05,326.0781901493165,324.9026318731819,114.50019245173614,112.81970083327496,2.847839668800245,2.8798395091768882,77827.8539674307,344724875767.2345,338794934548.9432,101994206.15121499,34868362.756900206,29526.76273133552,21495.332028249268,3409.7985764047135,8.291244547083982,2.861743572702566,0.9652923591671976
21,8640.0,144.0,2.4,26.29382033193058,26.253696405299035,0.0003852369260633334,74.75136077858441,75.21868500527816,74.74493945013673,1.0000859098755706,8.590987557050788e-05,326.1598646770356,323.61377059953173,114.53116284604579,115.60930890630111,2.847782704480734,2.799201670358689,77196.45158806472,344729526341.7151,340937568909.2328,102020632.27348097,34878279.49665077,29541.642855671154,21512.45428493479,3411.6994087871863,8.29744327118012,2.8639580566329705,0.966066857310516
21,8700.0,145.0,2.4166666666666665,26.270706116361872,26.192572415622756,0.0003852369260633334,74.60977301750988,74.87450390280456,74.60339246856526,1.0000855262573656,8.552625736568328e-05,326.2409491820026,330.6905677848491,114.56192045034676,118.44735690226253,2.847725910141332,2.7918779821969366,76569.05845408044,344734139201.9641,382201844745.7133,102046867.70504327,34888128.17690494,29556.419557226625,21529.461823802598,3413.5877704239538,8.30360049710405,2.8661580378367244,0.9668363937759681
21,8760.0,146.0,2.433333333333333,26.247591900792283,26.392986725404636,0.0003852369260633334,74.46913855159835,74.2448495427445,74.46279844431173,1.0000851446281778,8.514462817778797e-05,326.32144541605766,333.9069642695031,114.59246581779458,117.27711972879713,2.847669286870207,2.847162046967572,75946.80568295943,344738714461.8938,319012913037.3311,102072913.00795922,34897908.973155744,29571.093076127087,21546.35485274092,3415.4636844719107,8.309716293890261,2.868343537643331,0.9676009749075867
21,8820.0,147.0,2.45,26.224477685226383,26.045413697490527,0.0003852369260633334,74.3294554024026,74.57658836134743,74.3231556264442,1.0000847619548079,8.476195480799819e-05,326.4013552195478,325.759011502441,114.62279954342506,115.21930631945688,2.8476128354890684,2.8272953718298046,75324.2817914812,344743252238.1188,380197650074.1148,102098768.77298538,34907622.074284256,29585.66366978333,21563.13360940107,3417.327176809712,8.315790738174641,2.8705145803081313,0.9683606081434672
21,8880.0,148.0,2.466666666666667,26.201363469664503,26.073174412295383,0.0003852369260633334,74.19072173469345,74.34057403271845,74.18446228947043,1.0000843767687984,8.43767687982738e-05,326.48068038166247,333.86332599564605,114.65292219806685,113.6011670525005,2.847556556976855,2.9389075364107127,74698.92625116993,344747752645.6914,341426831401.21625,102124435.57439928,34917267.661479004,29600.131587002856,21579.798314230997,3419.1782719167713,8.321823903286042,2.872671188780279,0.96911530042273
21,8940.0,149.0,2.4833333333333334,26.178249254103655,26.137698196281665,0.0003852369260633334,74.05293613403339,74.04917255229466,74.04671673340722,1.0000839929290661,8.399292906607584e-05,326.5594224337396,325.7914691096406,114.68283425140785,115.15853840492242,2.847500452577372,2.8290691565056783,74077.61486325116,344752215790.88983,344465963275.76544,102149913.9030133,34926845.88352745,29614.4970296663,21596.349137133107,3421.0169880621143,8.327815843108368,2.8748133789802113,0.9698650561948374
21,9000.0,150.0,2.5,26.155135038542152,26.076513149765145,0.0003852369260633334,73.91609701911278,74.07822802393827,73.90991728387058,1.000083611719094,8.361171909399047e-05,326.6375830093726,328.68575849589655,114.71253621324495,113.25893162865282,2.847444523431767,2.9020736269486758,73462.59440997732,344756641783.472,303761128177.0298,102175204.28283249,34936356.90210514,29628.76021943223,21612.7862680545,3422.843346123189,8.333766620150726,2.8769411699389016,0.9706098810083135
21,9060.0,151.0,2.5166666666666666,26.13202082298102,26.15190934454615,0.0003852369260633334,73.78020246891097,74.22913331197466,73.77406229214698,1.0000832294789417,8.322947894175739e-05,326.7151639503214,322.2025690609965,114.74202867502753,117.0171234194742,2.8473887704708827,2.7534651309619784,72847.42367904882,344761030740.2788,308377741306.46075,102200307.30536643,34945800.90509694,29642.92141739599,21629.109937748413,3424.6573721856976,8.33967631383701,2.879054586792739,0.9713497825709645
21,9120.0,152.0,2.533333333333333,26.108906607419758,25.921081456742467,0.0003852369260633334,73.64525075305929,73.38735850316027,73.63915013523554,1.000082844761415,8.28447614148745e-05,326.79216698151953,325.5037557749898,114.77131218238004,115.39081747046399,2.8473331947466347,2.820880923720879,72229.6180759519,344765382774.17645,349757442510.43414,102225223.52434477,34955178.06572251,29656.98086384451,21645.320354066935,3426.459089578405,8.345544995137157,2.8811536516198215,0.9720847675063726
21,9180.0,153.0,2.55,26.085792391858266,26.171525911932516,0.0003852369260633334,73.5112404658316,73.40867659750158,73.50517921592804,1.0000824601744833,8.246017448323718e-05,326.86859360033424,322.58218329345726,114.80038718349975,114.26716743024593,2.8472777977469663,2.823052242809612,71613.77593381015,344769698000.18805,337467948395.1145,102249953.41983758,34964488.525932595,29670.938756514734,21661.417685866054,3428.248515474417,8.351372717083784,2.883238379813214,0.9728148399970695
21,9240.0,154.0,2.566666666666667,26.062678176296405,26.17951716042752,0.0003852369260633334,73.37817016824164,73.78045656549645,73.3721479628734,1.0000820775394403,8.207753944026223e-05,326.9444453274473,326.1057388503552,114.82925413656547,115.36872977503656,2.8472225809166627,2.8266388950129344,71003.06365368572,344773976533.1159,353361020368.74567,102274497.47953293,34973732.430911414,29684.795298380763,21677.402105996982,3430.0256677862662,8.357159535234397,2.885308787693476,0.9735400045593725
21,9300.0,155.0,2.5833333333333335,26.039563960733666,26.117275147122612,0.0003852369260633334,73.24603811730991,73.18458594279272,73.24005483064997,1.000081694185972,8.169418597208397e-05,327.0197238966319,326.4355961068128,114.8579135909863,115.8284259722389,2.847167545295681,2.8182684290732833,70392.85748996168,344778218485.7422,365406767810.7254,102298856.2602194,34982909.95517614,29698.550733852506,21693.273823826617,3431.790570389817,8.362905523192948,2.8873648982836624,0.9742602681486812
21,9360.0,156.0,2.6,26.016449745170277,26.06434660771339,0.0003852369260633334,73.11484283766853,72.63992913923971,73.1088982998429,1.000081310729116,8.131072911599145e-05,327.0944307832392,338.9658348825095,114.88636601518783,118.3088579908843,2.8471126916835177,2.86509261131256,69784.2455336247,344782423953.24524,354219412042.45825,102323030.23493148,34992021.24720552,29712.20526116252,21709.033016576333,3433.543242325539,8.368610735663049,2.889406728294233,0.9749756356596777
21,9420.0,157.0,2.6166666666666667,25.99333552960694,25.98565548943295,0.0003852369260633334,72.98458295690114,72.76706312554579,72.9786768771199,1.000080928841601,8.092884160102321e-05,327.16856733341797,333.70607257519003,114.91461184615845,115.76878657658041,2.8470580205362723,2.882521985789713,69180.10720721108,344786593015.88153,337270480905.6142,102347019.83482768,35001066.44536394,29725.75905651829,21724.679849100947,3435.283700926356,8.374275218667625,2.8914342917841953,0.9756861112137585
21,9480.0,158.0,2.6333333333333333,25.970221314043187,25.926692710159294,0.0003852369260633334,72.85525684365071,72.8696417152694,72.8493890952948,1.0000805462946056,8.05462946056448e-05,327.24213521828364,322.2416015558447,114.9426515999564,114.84009532465734,2.8470035331811308,2.8060025607332997,68576.63251963434,344790725791.4398,352639772648.00134,102370825.59660494,35010045.71354482,29739.21235423776,21740.214517359258,3437.011968162924,8.379899042195497,2.893447610239181,0.9763917011406322
21,9540.0,159.0,2.65,25.9471070984791,25.92094630259136,0.0003852369260633334,72.72686304473716,72.77193002828272,72.72103351341835,1.0000801629327467,8.016293274674164e-05,327.3151359185285,334.26038503102075,114.97048573756098,112.2226666624653,2.8469492306545443,2.978546090304407,67973.58882354446,344794822381.8222,376674466653.36896,102394447.99524403,35018959.1979261,29752.565355112412,21755.637195907428,3438.7280627975733,8.385482262669838,2.8954467007396767,0.977092410378454
21,9600.0,160.0,2.6666666666666665,25.923992882915076,26.024974599221007,0.0003852369260633334,72.59940031540484,72.56677014775465,72.59360871685791,1.0000797811081346,7.978110813460431e-05,327.38757074186634,329.9295657461971,114.99811465451569,115.25416138930673,2.846895114110557,2.862626058522586,67374.9827770488,344798882885.25476,343231963792.2018,102417887.44971904,35027807.02366816,29765.818228269847,21770.948034265668,3440.431999545516,8.391024923353417,2.8974315756748306,0.9777882422227422
21,9660.0,161.0,2.683333333333333,25.900878667351027,26.13665644435076,0.0003852369260633334,72.47286707959803,73.0009422151424,72.46711331737194,1.0000793982533966,7.939825339659364e-05,327.4594412709685,312.24229481629925,115.0255388503771,110.44211584407974,2.8468411845209536,2.827203122920223,66776.48110528116,344802907405.80725,340149860513.0331,102441144.4681854,35036589.34940509,29778.971195119033,21786.14722174997,3442.1237998000315,8.39652708996206,2.899402255435006,0.9784792027687641
21,9720.0,162.0,2.7,25.87776445178702,25.914806098430123,0.0003852369260633334,72.34726192075232,72.43870274766873,72.3415459532022,1.0000790136217688,7.90136217688034e-05,327.53074896210603,322.1058461946742,115.05275877569692,112.58405934805143,2.846787442973438,2.8610253357350555,66176.87127879696,344806896045.46576,358056767413.51996,102464219.51788923,35045306.31804102,29792.02445406421,21801.23492851822,3443.8034819385,8.40198881870784,2.901358756991609,0.9791652969039464
21,9780.0,163.0,2.716666666666667,25.854650236222984,25.851065052931133,0.0003852369260633334,72.22258379645785,71.77448058099503,72.21690528915208,1.0000786312745338,7.8631274533816e-05,327.6014950133528,332.1904238413124,115.07977477292559,116.64240506228953,2.846733890987997,2.8479387377507837,65582.9818595472,344810848906.01636,335571518251.4362,102487112.98245087,35053958.03777537,29804.978155213284,21816.211279784824,3445.471057504594,8.40741014540891,2.903301089773751,0.9798465267819867
21,9840.0,164.0,2.7333333333333334,25.831536020659023,25.939201391017438,0.0003852369260633334,72.09883117553082,72.34626509327616,72.09319001668224,1.0000782481514172,7.824815141722125e-05,327.6716809600767,322.9961501872439,115.10658732573081,118.98480504031718,2.8466805295236943,2.7145999867613253,64989.69829496663,344814766089.5066,346362245092.3829,102509825.35486992,35062544.66220075,29817.8325134485,21831.076459475757,3447.12654718007,8.412791133849964,2.9052292735330836,0.9805228982905303
21,9900.0,165.0,2.75,25.80842180509519,25.642053489238656,0.0003852369260633334,71.97600268914194,71.45843441543384,71.97039885399339,1.0000778630553364,7.786305533635937e-05,327.7413082256075,324.9933441736342,115.13319687087255,113.39560903768032,2.846627359728274,2.8660134808715734,64395.073405490155,344818647697.8973,347544963941.38666,102532357.09189206,35071066.32986436,29830.5877231114,21845.830632014964,3448.7699687340264,8.418131839295324,2.9071433248654905,0.9811944161716837
21,9960.0,166.0,2.7666666666666666,25.785307589531328,25.806179798878134,0.0003852369260633334,71.85409737588718,71.79988629992877,71.84853054612307,1.0000774800781838,7.74800781838211e-05,327.8103779262607,334.99389860734806,115.1596037320603,115.25905840234307,2.846574382879703,2.9064431312457955,63805.90470197551,344822493821.1797,351496428521.7253,102554708.55084676,35079523.14302027,29843.243922317983,21860.473912886406,3450.401332950458,8.42343229355767,2.9090432520810685,0.9818610822953879
21,10020.0,167.0,2.783333333333333,25.762193373967506,25.61539710280256,0.0003852369260633334,71.73311381517152,71.81292515704995,71.72758386503745,1.000077096562244,7.709656224418048e-05,327.8788915243743,312.62774787241017,115.18580836041778,114.78393242033997,2.8465216001127263,2.72361942373227,63217.80522940785,344826304562.8354,341929081561.109,102576880.20123206,35087915.24487779,29855.801314058677,21875.00647273213,3452.020658675043,8.42869255606795,2.910929073249606,0.9825229019147359
21,10080.0,168.0,2.8,25.739079158403737,25.788610403780424,0.0003852369260633334,71.61305071962468,71.54888257378394,71.60755760972378,1.0000767113148983,7.671131489828768e-05,327.9468503818948,338.2363405817295,115.21181117010211,116.96126647904322,2.8464690126058727,2.891866262771135,62628.85527871002,344830080022.4318,346975343858.3459,102598872.48007593,35096242.76679476,29868.260083417008,21889.42846619121,3453.627962529753,8.433912678966932,2.9128008038659425,0.9831798793903468
21,10140.0,169.0,2.816666666666667,25.715964942839967,25.73068081363317,0.0003852369260633334,71.49390714583757,71.5408860900171,71.48845060629573,1.000076327567538,7.632756753800447e-05,328.0142555810897,331.31620200838637,115.23761247538283,121.17094134636028,2.846416621579698,2.7342875967377176,62044.361238106045,344833820287.67847,354565715445.18274,102620685.73377582,35104505.80803879,29880.620364353257,21903.74000658606,3455.2232549810415,8.439092693113055,2.9146584519816336,0.983832016529812
21,10200.0,170.0,2.8333333333333335,25.692850727276195,25.798302571065648,0.0003852369260633334,71.37568180803018,71.63563748633896,71.37026170808485,1.000075943394568,7.594339456810178e-05,328.0811084829237,324.45553226109377,115.26321269002278,120.74335743971875,2.8463644282172824,2.687150159983571,61461.19035573188,344837525458.1148,337345700810.45984,102642320.39915296,35112704.49988773,29892.882343139856,21917.941248364725,3456.8065527987374,8.444232651652971,2.916502033447994,0.9844793178171918
21,10260.0,171.0,2.85,25.669736511712422,25.587528765236055,0.0003852369260633334,71.25837348306877,71.16229029792967,71.25298979574927,1.0000755573532412,7.555735324126814e-05,328.1474103973658,324.9884456290656,115.28861220957967,115.18590796105669,2.846312433710595,2.8214253929303683,60877.042790364976,344841195631.11566,362913681385.97687,102663776.89654815,35120838.96778976,29905.046197291696,21932.03233845018,3458.377871701976,8.449332604299203,2.918331562918011,0.985121787326291
21,10320.0,172.0,2.8666666666666667,25.64662229614865,25.751665390297063,0.0003852369260633334,71.14198129394012,70.96108370742306,71.13663377737187,1.0000751724714019,7.517247140180193e-05,328.21316237184766,334.5683134613899,115.31381133070268,115.79391931109589,2.846260639417959,2.8893426826889526,60296.831918677206,344844830895.88324,315656848333.2902,102685055.56125684,35128909.305424415,29917.112055983605,21946.013382189354,3459.9372212585886,8.454392580535481,2.9201470478392615,0.9857594266120178
21,10380.0,173.0,2.8833333333333333,25.623508080584873,25.634850064243633,0.0003852369260633334,71.02650407780084,71.10043720033062,71.02119258857041,1.0000747873843965,7.478738439654178e-05,328.2783656696297,332.5101344242864,115.33881043163552,114.78097357955735,2.846209046556877,2.8969098627989585,59718.36908255156,344848431348.17633,345004016079.1193,102706156.79858571,35136915.63271959,29929.080089361458,21959.884519263145,3461.4846162663816,8.459412627447518,2.9219485019351357,0.9863922394248767
21,10440.0,174.0,2.9,25.60039386502108,25.645087436037723,0.0003852369260633334,70.91194067914498,70.44572475296003,70.90666519260398,1.0000744004322677,7.440043226776171e-05,328.34302154843175,323.8095708547063,115.3636098885274,113.38474376668964,2.846157656350216,2.855847798368758,59139.035404276,344851997083.58496,342480420432.7087,102727081.01209925,35144858.06895259,29940.950467205657,21973.645888471056,3463.020071475592,8.46439279221286,2.923735938961216,0.9870202295261858
21,10500.0,175.0,2.9166666666666665,25.57727964945728,25.602986942901534,0.0003852369260633334,70.79829022049564,71.15884819049327,70.79305058048483,1.0000740134796826,7.40134796826803e-05,328.40713105769635,338.39211531345086,115.38820999972037,116.07600347257716,2.846106470136699,2.9152633204966922,58561.83781395448,344855528190.44635,370161589281.8574,102747828.53787449,35152736.70842196,29952.72332112743,21987.29759521572,3464.543596824591,8.469333106101024,2.925509367022099,0.9876433987079998
21,10560.0,176.0,2.933333333333333,25.554165433893484,25.624587701352254,0.0003852369260633334,70.6855517295868,70.46928876549838,70.68034777108745,1.0000736266679984,7.362666799836519e-05,328.4706953177885,328.1965348637453,115.41261109000273,117.27978390582548,2.8460554892189016,2.798406715408718,57987.014438907514,344859024759.6156,341356862901.22675,102768399.73504052,35160551.653945416,29964.39879659155,22000.83975628585,3466.055203994855,8.47423360647658,2.9272687963863753,0.9882617495157058
21,10620.0,177.0,2.95,25.531051218329686,25.606769300325613,0.0003852369260633334,70.57372421325198,71.1146864901573,70.5685558112672,1.0000732394467389,7.323944673883101e-05,328.53371546471135,338.5528857150311,115.43681348999397,113.5727330545836,2.8460047148926937,2.9809345659782704,57413.714481191266,344862486882.5033,342431590827.13275,102788794.96784994,35168303.01023597,29975.97704261764,22014.272490980726,3467.5549051153685,8.479094332444648,2.9290142379407937,0.9888752847097975
21,10680.0,178.0,2.966666666666667,25.50793700276492,25.29819218020872,0.0003852369260633334,70.46280703998019,70.59196217620888,70.45767377597183,1.0000728559961358,7.285599613586636e-05,328.5961928710634,322.20622602536844,115.46081749061064,115.81605779575868,2.8459541514833386,2.7820514025229413,56848.48545499611,344865914703.99133,345511736501.83386,102809014.67988671,35175990.86954338,29987.458248939103,22027.595875157516,3469.0427091285537,8.483915339045497,2.930745704904255,0.9894840066969148
21,10740.0,179.0,2.9833333333333334,25.484822787199647,25.4991837562507,0.0003852369260633334,70.35279917135233,70.25067908177395,70.34770076836945,1.0000724743371452,7.247433714526622e-05,328.6581284695839,321.9860187062439,115.48462340648595,115.51860411938392,2.8459037989219054,2.7873087729962873,56288.186007222605,344869308287.2017,349953409473.5686,102829059.16839705,35183615.33136123,29998.84252984821,22040.810033551254,3470.5186276752156,8.488696651876761,2.93246320492037,0.9900879176518498
21,10800.0,180.0,3.0,25.461708571634226,25.386528863266363,0.0003852369260633334,70.24369962907363,70.12437433143533,70.23863591996793,1.0000720929306126,7.209293061255017e-05,328.7195232034233,326.78605879376954,115.50823154216259,113.49081831528714,2.84585365748098,2.879405256255445,55730.41228443071,344872667700.54846,327018817552.64795,102848928.73432972,35191176.49199096,30010.13000174221,22053.91508367482,3471.9826717563174,8.493438297483998,2.93416674560818,0.990687019614116
21,10860.0,181.0,3.0166666666666666,25.438594356068663,25.43397389599984,0.0003852369260633334,70.13550757139018,70.37504423833514,70.1304783907329,1.0000717117688724,7.17117688725047e-05,328.78037809981595,325.87996335902176,115.53164218656144,114.96210738083484,2.845803728548225,2.834672839455522,55175.16158545673,344875993031.98206,334616698668.6697,102868623.70688845,35198674.442835234,30021.320795823587,22066.9111266398,3473.4348511851576,8.498140308342508,2.9358563354714518,0.9912813145032351
21,10920.0,182.0,3.033333333333333,25.415480140502954,25.348705979147994,0.0003852369260633334,70.02822218437542,69.85406196517759,70.0232273692182,1.0000713308332803,7.133083328024102e-05,328.8406941652697,328.4234219111829,115.55485562085074,117.0666970965766,2.84575401352441,2.805438523991526,54622.414483040826,344879284368.725,411530612544.2357,102888144.40860474,35206109.272826456,30032.41504003614,22079.798260215146,3474.87517536368,8.502802715772908,2.937531982603666,0.9918708040954984
21,10980.0,183.0,3.05,25.39236592493711,25.409719554430847,0.0003852369260633334,69.92184268193013,70.36641399206944,69.916882072694,1.0000709500922964,7.095009229642409e-05,328.9004723855649,317.77449245862806,115.57787211844621,116.58953072434558,2.84570451382339,2.7255834248955613,54072.13230745969,344882541797.27216,355996082660.32336,102907491.15533757,35213481.06842674,30043.412859058197,22092.576578827193,3476.3036532817187,8.50742554993619,2.9391936946862502,0.9924554900233815
21,11040.0,184.0,3.066666666666667,25.36925170937113,25.34477258118297,0.0003852369260633334,69.81636830578248,69.68470941601731,69.81144174727827,1.0000705694995105,7.056949951046359e-05,328.9597137257554,333.4433178371189,115.60069194501109,114.00824814598374,2.845655230872103,2.9247297740261384,53524.25462209815,344885765403.3916,342160426364.9937,102926664.25627296,35220789.913627684,30054.314374296453,22105.246173559644,3477.7202935161686,8.5120088398288,2.9408414789868864,0.9930353737749453
21,11100.0,185.0,3.0833333333333335,25.346137493805028,25.26961179369477,0.0003852369260633334,69.71179832548796,69.55770622676867,69.7069056680703,1.0000701889916181,7.018899161804744e-05,329.0184191301674,331.11539268968374,115.62331535845607,115.31183205311709,2.8456061661105516,2.871478033036187,52978.696719655476,344888955272.12274,353338275115.5051,102945664.01392293,35228035.889950015,30065.119703879565,22117.80713215358,3479.1251042302365,8.516552613277822,2.942475342357807,0.9936104566932495
21,11160.0,186.0,3.1,25.32302327823881,25.294442792895726,0.0003852369260633334,69.60813203842949,69.9694994640302,69.60327313928637,1.0000698084863537,6.980848635368944e-05,329.07658952240064,324.5471262646002,115.64574260893924,120.59125437868299,2.845557320991802,2.6912990327262953,52435.34714339347,344892111487.77795,355784582293.52075,102964490.72412597,35235219.0764436,30075.82896265202,22130.25953900745,3480.5180931726836,8.521056896936328,2.944095291234155,0.9941807399758023
21,11220.0,187.0,3.1166666666666667,25.29990906267249,25.219182556687443,0.0003852369260633334,69.5053687698173,69.6899226894763,69.50054349439941,1.0000694278803486,6.942788034851799e-05,329.1342258053275,327.6405505807141,115.66797393886631,114.85579096240934,2.845508696981966,2.8526254343409305,51894.065192642156,344895234133.9421,367447748298.26117,102983144.67604566,35242339.54968721,30086.44226216815,22142.603475177082,3481.899267677086,8.525521716278622,2.9457013316323355,0.994746224673982
21,11280.0,188.0,3.1333333333333333,25.276794847106075,25.251646328754454,0.0003852369260633334,69.40350787268898,69.61902173728492,69.39871609627784,1.000069047046987,6.904704698702532e-05,329.1913288610933,329.79028623299524,115.69000958289028,118.54962897823783,2.8454602955601995,2.7818753131107217,51354.67852794992,344898323293.47217,314321947474.1441,103001626.15217097,35249397.383788206,30096.95971068596,22154.83901837568,3483.2686346610844,8.529947095595746,2.9472934691484207,0.9953069116924957
21,11340.0,189.0,3.15,25.25368063153958,25.21138423179293,0.0003852369260633334,69.30254872790948,69.87799442309687,69.29779033733293,1.0000686658341253,6.866583412532592e-05,329.2478995511166,329.01508544448507,115.71184976791177,114.5770777780388,2.845412118218689,2.8715611518899116,50816.98067495042,344901379048.49774,331177112526.01514,103019935.42831534,35256392.65038258,30107.38141316147,22166.966242973816,3484.6262006256875,8.534333057990924,2.948871708956575,0.9958628017888358
21,11400.0,190.0,3.1666666666666665,25.230566415973023,25.313968382349692,0.0003852369260633334,69.20249074417116,68.96753475379016,69.19776563966369,1.0000682840618305,6.828406183050595e-05,329.3039387160885,330.6164009285955,115.7334947130788,118.35595429993437,2.845364166462646,2.793407419881526,50280.72867233039,344904401480.42065,311900146127.1765,103038072.77361637,35263325.41863452,30117.707471242764,22178.985219999442,3485.9719716545405,8.538679625375128,2.9504360558074874,0.9964138955727457
21,11460.0,191.0,3.183333333333333,25.207452200406415,25.21996880198158,0.0003852369260633334,69.10333335799368,69.19863902583074,69.09864145520152,1.0000679015201073,6.790152010734173e-05,329.35944717597346,336.20627386078024,115.75494462978685,118.0523486895172,2.8453164418103007,2.8479422696198733,49745.64081749263,344907390669.91547,344961071033.4485,103056038.45053543,35270195.75523642,30127.937983264324,22190.89601713788,3487.3059534132626,8.542986818462733,2.9519865140268635,0.996960193505702
21,11520.0,192.0,3.2,25.184337984839775,25.26647322044638,0.0003852369260633334,69.0050760337241,68.94393511704138,69.00041726587033,1.0000675179663887,6.751796638878342e-05,329.4144257300088,323.2241795601912,115.77619972167889,113.15179400793413,2.8452689457928937,2.856553732922051,49211.39418975732,344910346696.9284,365056713002.1131,103073832.7148573,35277003.724408604,30138.0730442415,22202.69869873182,3488.628151148744,8.547254656767283,2.9535230875139273,0.9975016959003995
21,11580.0,193.0,3.216666666666667,25.161223769273125,25.10729500464378,0.0003852369260633334,68.90771826353681,68.93981177325303,68.90309258373408,1.0000671331231918,6.713312319192821e-05,329.4688751567047,330.1578687816637,115.79726018464537,113.6581407902156,2.84522167995467,2.9048325662044063,48677.62255251885,344913269640.67914,339313896063.8899,103091455.81568968,35283749.387899294,30148.11274586508,22214.393325781344,3489.9385696884874,8.551483158597211,2.9550457797399465,0.9980384029202476
21,11640.0,194.0,3.2333333333333334,25.13810955370648,25.122118341365443,0.0003852369260633334,68.8112595674336,68.70357042260459,68.80666695115626,1.0000667466755888,6.674667558880151e-05,329.5227962138444,330.75240396758227,115.8181262068242,115.00476300554044,2.8451746458528726,2.8759887444978958,48143.91412771012,344916159579.6588,313419035211.21246,103108907.99546264,35290432.8049842,30158.057176495662,22225.979955943894,3491.237213439952,8.555672341051697,2.956554593746781,0.998570314578878
21,11700.0,195.0,3.25,25.11499533813987,24.88466426926677,0.0003852369260633334,68.71569949324358,68.51002204468438,68.7111399409605,1.0000663582686444,6.635826864446199e-05,329.576189638484,338.9493251894614,115.83879796860074,115.71373467893393,2.8451278450577404,2.9292056481447935,47609.80948092031,344919016591.6316,363506806879.27704,103126189.48992848,35297054.03246657,30167.906421158543,22237.458643534286,3492.5240863899126,8.55982222001671,2.9580495321454734,0.999097430739659
21,11760.0,196.0,3.2666666666666666,25.091881122573312,25.180411962324037,0.0003852369260633334,68.62103761662324,68.46443511996002,68.61651115659116,1.0000659675048438,6.596750484372611e-05,329.6290561469527,316.91129539923656,115.85927564260787,114.80138167471922,2.8450812791524984,2.7605181294523096,47074.79956107048,344921840753.6337,352072415384.17145,103143300.52816099,35303613.12467693,30177.660561538418,22248.829439524714,3493.7991921038238,8.563932810160857,2.9595305971148615,0.9996197511152214
21,11820.0,197.0,3.283333333333333,25.068766907006836,25.071426885464327,0.0003852369260633334,68.52727354105645,68.46533799833263,68.5227802322832,1.0000655739413669,6.557394136690167e-05,329.6813964348525,330.8124999720626,115.87955939372587,109.83189542017597,2.845034949733358,3.0119893561564886,46538.323711164754,344924632141.974,356259853692.62317,103160241.3325556,35310110.13347292,30187.31967597438,22260.092391544753,3495.062533725213,8.568004124931669,2.9609977904002154,1.0001372752669944
21,11880.0,198.0,3.3,25.045652691440463,25.146173226670857,0.0003852369260633334,68.4344068978544,68.69527378131318,68.42994683322581,1.0000651770874447,6.517708744474794e-05,329.73321117705865,330.1278328699017,115.89964937908253,114.02929184947881,2.8449888584095113,2.8951142948925592,45999.76800006688,344927390832.2336,337204630962.1593,103177012.11882837,35316545.10823917,30196.883839454786,22271.247543881334,3496.314113975065,8.572036176551602,2.962451113311892,1.0006500026047447
21,11940.0,199.0,3.316666666666667,25.02253847587422,24.95073892019444,0.0003852369260633334,68.34243734615569,68.41017971343122,68.33801065573559,1.0000647764015609,6.477640156082397e-05,329.78450102771905,316.4614785909038,115.91954574805317,114.56727285631624,2.844943006803127,2.7622327973870147,45458.46356534902,344930116899.2658,351779129652.6506,103193613.09601602,35322918.09588712,30206.353123612236,22282.294937478775,3497.5539351512534,8.5760289760143,2.9638905667240127,1.0011579323861401
21,12000.0,200.0,3.3333333333333335,24.999424260308142,25.16049046966852,0.0003852369260633334,68.25136457292624,68.58021752461919,68.24697142743351,1.0000643712885837,6.437128858382692e-05,329.83526662025474,336.38097650286795,115.93924864226041,115.50371865234402,2.844897396549353,2.9122956423190574,44913.685114155145,344932810417.1969,349807117320.046,103210044.46647526,35329229.140854806,30215.727596719044,22293.234609938772,3498.781999127922,8.579982533080955,2.9653161510732087,1.0016610637162988
21,12060.0,201.0,3.35,24.97631004474226,25.023719010070888,0.0003852369260633334,68.16118829295932,67.99226108271803,68.15682890741807,1.0000639610969455,6.396109694556412e-05,329.8855085673597,336.0955194950092,115.95875819557452,113.46918706613037,2.844852029296305,2.9619981264088127,44364.649773624966,344935471459.4251,371004041331.61957,103226306.42588289,35335478.28510686,30225.007323682257,22304.066595520384,3499.9983073549565,8.583896856276642,2.9667278663573464,1.0021593955473744
21,12120.0,202.0,3.3666666666666667,24.953195829176597,24.85884332168204,0.0003852369260633334,68.07190824887563,67.38308238999771,68.0675828864485,1.0000635451156588,6.354511565865486e-05,329.93522746100075,330.6380063155468,115.97807453411315,113.51852201239632,2.8448069067050725,2.912634876266632,43810.51603577092,344938100098.62115,350676795284.55536,103242399.16323477,35341665.56813422,30234.192366039002,22314.790925140045,3501.2028608574174,8.587771952886786,2.9681257121342837,1.002652926678129
21,12180.0,203.0,3.3833333333333333,24.930081613611197,24.90497855679872,0.0003852369260633334,67.98352421112317,68.07589456497928,67.97923318712913,1.000063122571304,6.312257130395255e-05,329.98442387241795,326.97497094027347,115.99719777624144,117.51401071629148,2.8447620304497163,2.78243393232211,43250.38302050672,344940696406.72833,341189125163.83716,103258322.86084609,35347791.02695406,30243.28278195211,22325.407626371572,3502.395660234988,8.59160782895367,2.969509687520689,1.0031416557535286
21,12240.0,204.0,3.4,24.90696739804609,25.099444552610336,0.0003852369260633334,67.89603597797732,67.9344037402936,67.89177966409186,1.0000626926250353,6.269262503534563e-05,330.03309835212406,339.0314057081984,116.01612803257197,116.30553300591527,2.8447174022172677,2.91500668064481,42683.29016526756,344943260454.9621,344610689821.5328,103274077.69435069,35353854.696109556,30252.2786262055,22335.91672344615,3503.5767056614577,8.595404489273072,2.9708797911908444,1.0036255812643446
21,12300.0,205.0,3.4166666666666665,24.883853182481307,24.972346998265337,0.0003852369260633334,67.80944337554081,67.96694800756872,67.80522220419175,1.000062254369381,6.225436938097366e-05,330.08125142990485,328.41485618826823,116.03486540596485,116.839295486373,2.8446730237077245,2.8108253719021388,42108.2170888159,344945792313.81055,342610800671.4183,103289663.83270061,35359856.60766987,30261.17995019986,22346.318237252337,3504.7459968842104,8.59916193739086,2.9722360213755064,1.0041047015467603
21,12360.0,206.0,3.433333333333333,24.860738966916898,24.85855050482523,0.0003852369260633334,67.72374625774376,68.0215562351661,67.7195607266953,1.0000618068251408,6.180682514083952e-05,330.12888361481924,328.68181304553485,116.05340999152757,117.64792527228133,2.8446288966340596,2.7937748352539336,41524.08409913614,344948292053.0339,352539531885.4373,103305081.4381661,35365796.79122985,30269.986801948347,22356.612185336067,3505.9035332237,8.602880175599804,2.973578375860746,1.004579014781988
21,12420.0,207.0,3.45,24.83762475135289,24.765443816550313,0.0003852369260633334,67.63894450634362,67.61749780042129,67.63479518347876,1.0000613489381258,6.134893812579292e-05,330.1759953951989,339.90178425220665,116.07176187661523,117.07162614779794,2.844585022722214,2.903366045527506,40929.75306058679,344950759741.66504,348908080484.8092,103320330.66633499,35371675.27391014,30278.69922607251,22366.798581900646,3507.049313572984,8.606559204936378,2.9749068519869146,1.00504851899591
21,12480.0,208.0,3.466666666666667,24.814510535789328,24.814095620377852,0.0003852369260633334,67.55503809542361,67.53199464208701,67.55092555922896,1.0000608805306606,6.088053066050495e-05,330.22258721554635,324.41903862769396,116.08992112545147,110.79714395187756,2.8445414038889254,2.9280451377753804,40325.2936957803,344953195450.3196,349798492367.0483,103335411.65875956,35377492.07543705,30287.317259188058,22376.877430059205,3508.1833353735447,8.610199023123954,2.9762214457353773,1.0055132116777292
21,12540.0,209.0,3.4833333333333334,24.791396320225772,24.70281483503211,0.0003852369260633334,67.47203066074341,68.05804473426801,67.4679518716417,1.0000604552085628,6.045520856289969e-05,330.2686581576818,326.9700293645986,116.10788693929743,117.4958459335713,2.8444980514575215,2.7828220373804347,39781.5409197196,344955599360.1558,333533028812.17816,103350324.12251702,35383246.93948942,30295.84066895213,22386.848293083855,3509.3055389620813,8.613799508942577,2.9775221012557758,1.0059730689467488
21,12600.0,210.0,3.5,24.768282104662017,24.58276749932082,0.0003852369260633334,67.38992229935344,66.95828643409419,67.38587417163347,1.0000600738325314,6.007383253140256e-05,330.3142073155528,333.30254437499804,116.12565971782526,115.49318937040005,2.8444549474955503,2.8859064867111615,39298.513734953536,344957970933.234,340892754236.0426,103365067.74741611,35388939.99348037,30304.269296718085,22396.711159316885,3510.41595264448,8.617360594058162,2.9788088137696933,1.0064280960061578
21,12660.0,211.0,3.5166666666666666,24.745167889098166,24.70194442935269,0.0003852369260633334,67.30870670645166,67.09340298167761,67.3046925435497,1.0000596416497907,5.964164979069808e-05,330.3592389127913,339.1340796034214,116.1432407960276,119.3724725143479,2.8444120953450307,2.840973906799655,38751.977860117215,344960310558.0109,351169610190.6705,103379643.89878012,35394571.663523026,30312.603865770063,22406.466786091874,3511.514650983261,8.620882563064956,2.9800816775426267,1.0068783232054668
21,12720.0,212.0,3.533333333333333,24.72205367353434,24.719031784289076,0.0003852369260633334,67.22838825950657,67.23222215639615,67.22440710537819,1.0000592218555702,5.922185557013276e-05,330.40375156544843,326.9884956092407,116.16062912464758,117.17189563855119,2.844369508458022,2.7906734275079605,38224.82962108844,344962618452.78375,350089413730.45135,103394052.13268839,35400141.6129662,30320.844051885804,22416.11464758678,3512.6015577424296,8.62436525475768,2.981340620373162,1.007323720235425
21,12780.0,213.0,3.55,24.698939457970503,24.813681232441816,0.0003852369260633334,67.14896630125142,67.34813449054438,67.14501800896562,1.0000588024607466,5.880246074654884e-05,330.44774556434544,334.32638758810907,116.17782502450488,115.11747733722406,2.8443271811522166,2.9042191969577003,37701.38737031302,344964894489.68146,354695550902.212,103408292.53600696,35405649.94360577,30328.9898846836,22425.654822752564,3513.6766901108376,8.627808670518991,2.982585648039298,1.007764290958241
21,12840.0,214.0,3.566666666666667,24.675825242406535,24.666507163503358,0.0003852369260633334,67.07044657554488,66.91458388762136,67.06652544023346,1.0000584663553937,5.846635539379181e-05,330.49121342846536,338.4325675238095,116.19482850088194,118.91404246831428,2.844285048589377,2.8460269325549836,37287.30477300662,344967136482.59106,325712487674.77716,103422362.63454646,35411096.654887185,30337.04012171013,22435.08662163623,3514.7400752005487,8.63121232448032,2.9838166628371745,1.0082000276014191
21,12900.0,215.0,3.5833333333333335,24.652711026842578,24.59948865399489,0.0003852369260633334,66.9928226859328,67.01446215505167,66.98892961941335,1.0000581150727674,5.811507276734184e-05,330.5341646167864,330.86316986810937,116.21163960167728,118.03520391519875,2.844243190696845,2.8030888996965246,36855.89641514702,344969347123.73126,354329887254.3606,103436265.54721005,35416481.763114825,30344.99625518979,22444.410812580627,3515.791671398284,8.634576765441086,2.9850337654915933,1.0086309322454892
21,12960.0,216.0,3.6,24.629596811278645,24.546918006895872,0.0003852369260633334,66.91609348559659,66.86373177807299,66.91223080126092,1.0000577276275118,5.7727627511704394e-05,330.57660116478127,320.98131637358426,116.228258381285,113.91271501513648,2.844201623329241,2.8177830396802754,36381.04171111106,344971526952.2152,320184938498.33527,103450001.94159383,35421805.28530596,30352.85858145864,22453.62753334173,3516.831469130718,8.637902090657953,2.9862369710847343,1.0090570033340789
21,13020.0,217.0,3.6166666666666667,24.606482595714766,24.747055030007893,0.0003852369260633334,66.8402578277177,67.14700054358254,66.83642927529915,1.0000572824200824,5.7282420082379816e-05,330.6185251079228,326.0382129262469,116.2446848940993,118.1265216964468,2.844160362335029,2.76007629991914,35836.58224641429,344973676507.1555,346805242727.56696,103463572.48536542,35427067.23850602,30360.627397448217,22462.73692167553,3517.85945888094,8.641188397858052,2.9874262948531323,1.0094782393590802
21,13080.0,218.0,3.6333333333333333,24.583368380150954,24.474111603878146,0.0003852369260633334,66.76531456547758,67.04432273047888,66.76152536604464,1.000056757232735,5.6757232735e-05,330.6599384816835,334.83944639183267,116.26091919451424,112.81488755116098,2.8441194235567826,2.9680430806615363,35196.56716362358,344975796327.6652,345253540803.6626,103476977.84626304,35432267.63978823,30368.303000680608,22471.73911533801,3518.8756311885327,8.6444357852357,2.9886017521870265,1.0098946388606251
21,13140.0,219.0,3.65,24.56025416458715,24.527395202342234,0.0003852369260633334,66.69126976900668,66.73324992282609,66.68751943325263,1.0000562374457158,5.623744571579705e-05,330.7008354798401,325.16344869671593,116.27696072386891,117.75318652846585,2.8440787703866692,2.761398296581217,34568.530219778106,344977885053.49854,345657395105.3307,103490216.11137164,35437406.30857661,30375.884385788515,22480.633385184363,3519.8799649412585,8.647643845480566,2.9897632412728177,1.0103061814348209
21,13200.0,220.0,3.6666666666666665,24.537139949023278,24.49610509258297,0.0003852369260633334,66.61813051065776,66.31405146138547,66.61441187215628,1.0000558233330743,5.582333307421045e-05,330.74120920718764,327.736121465757,116.29280883836698,111.7182035352996,2.8440383589571576,2.93359641575513,34074.6150571065,344979941060.64496,359748974500.8521,103503285.00931846,35442483.03682002,30383.370366345443,22489.418881682734,3520.8724374539934,8.650812101010395,2.9909106440382747,1.0107128440706596
21,13260.0,221.0,3.683333333333333,24.514025733459423,24.604109134103126,0.0003852369260633334,66.5458897259038,67.19188922528306,66.54220311371773,1.0000554026168893,5.540261688919917e-05,330.78106812918367,332.1814607045418,116.30846409509165,117.27088299217725,2.8439982481304473,2.8325996379399694,33575.88968229913,344981966445.6414,337630224787.48425,103516187.32401365,35447498.00370503,30390.762309725375,22498.09645342495,3521.853049032915,8.653941065753433,2.9920440724320967,1.0111146410058378
21,13320.0,222.0,3.7,24.490911517895594,24.56072604377131,0.0003852369260633334,66.47454757586536,66.2146855869703,66.47089362487266,1.0000549706915831,5.497069158300497e-05,330.82041286013776,328.8988215231727,116.32392643733209,115.08462644346238,2.843958444253192,2.8578866846715694,33066.99782455188,344983961403.3767,313298630822.6076,103528923.25561312,35452451.19053429,30398.0602788868,22506.666081057196,3522.8217883188818,8.657030747557798,2.993163521066413,1.011511567512715
21,13380.0,223.0,3.716666666666667,24.4677973023318,24.474693628749407,0.0003852369260633334,66.40410422166296,66.03194284264254,66.40048390879225,1.00005452238685,5.452238685009427e-05,330.8592440143596,326.7425572178098,116.33919580837748,117.24468736157029,2.8439189536716283,2.786843178746088,32542.08181993717,344985926128.7402,338141320020.1621,103541493.0043171,35457342.57862878,30405.264337263987,22515.12774522565,3523.7786440092177,8.660081154654318,2.994268984687225,1.0119036189091528
21,13440.0,224.0,3.7333333333333334,24.44468308676804,24.316640032945195,0.0003852369260633334,66.33455982441717,66.31341002380961,66.3309745051367,1.000054051961504,5.4051961504010025e-05,330.89756220615885,323.3887174900234,116.35427215151702,114.35643810667932,2.8438797827316784,2.8279012781802875,31994.817321063216,344987860816.6211,331305530846.016,103553896.77037013,35462172.14932772,30412.37454876572,22523.481426576498,3524.7236048578134,8.663092295655698,2.995360458174355,1.0122907905585814
21,13500.0,225.0,3.75,24.421568871204276,24.532149790762272,0.0003852369260633334,66.26591725038752,66.44815538162395,66.26236599031971,1.0000535939219002,5.3593921900219053e-05,330.9353640942287,327.14831772120823,116.36915534588776,110.15273034460672,2.8438409053548503,2.9699519630402516,31466.377747827955,344989764563.02277,337729215517.81177,103566133.44590333,35466939.86213971,30419.390332419352,22531.72678081429,3525.656671529601,8.666063933503178,2.9964378873152446,1.0126730740961205
21,13560.0,226.0,3.7666666666666666,24.39845465564049,24.372889607268245,0.0003852369260633334,66.19817762626987,66.03284480386924,66.19465897777945,1.0000531560785229,5.315607852280369e-05,330.9726488809566,328.3379738355011,116.3838453118804,116.23873663525424,2.843802316326896,2.824686359640964,30965.518122119454,344991637170.5973,347870364728.29315,103578202.76425336,35471645.69061986,30426.311522494434,22539.863672600197,3526.5778371297447,8.668995989576349,2.9975012496515134,1.0130504636275786
21,13620.0,227.0,3.783333333333333,24.37534044007671,24.431319805566584,0.0003852369260633334,66.13134001868517,66.14938403156835,66.12785411824622,1.0000527145555445,5.2714555544366156e-05,331.0094187810954,337.0719204906745,116.39834201874004,115.43471788496898,2.843764035125201,2.9200220407396635,30464.092542257727,344993479278.8429,342068401490.62335,103590105.45501827,35476289.62498094,30433.138445207558,22547.89221405181,3527.4870857923797,8.67188857302288,2.9985505603480576,1.0134229561786328
21,13680.0,228.0,3.8,24.352226224512936,24.24302868060291,0.0003852369260633334,66.06540493524491,65.78267190365975,66.06195210001954,1.0000522666242158,5.2266624215807994e-05,331.0456739022947,326.38259841277534,116.41264540153885,118.8194919645054,2.8437260639548927,2.746877578893155,29959.0868586877,344995290941.89667,328263951606.73145,103601841.55100311,35480871.64381549,30439.871083480124,22555.812344194786,3528.3844080231283,8.674741662305735,2.99958580848236,1.0137905468105122
21,13740.0,229.0,3.816666666666667,24.329112008949163,24.41171419456959,0.0003852369260633334,66.00037288356063,66.09212421161072,65.9969536492485,1.0000518089718247,5.180897182475099e-05,331.0814143522044,326.569992630424,116.42675539534906,119.1295863591824,2.843688405023011,2.741300483036994,29446.928292523262,344997072213.8957,336583553995.56256,103613411.08504766,35485391.72573096,30446.509420672635,22563.62400205476,3529.269794385562,8.677555236245066,3.000606983261094,1.0141532306300964
21,13800.0,230.0,3.8333333333333335,24.305997793385394,24.18779442340479,0.0003852369260633334,65.93624437124382,66.22290345639306,65.93285953021932,1.0000513376948705,5.13376948704485e-05,331.1166402384743,337.92800989660077,116.44067193524283,116.75444785530699,2.8436510605385474,2.8943480621431457,28923.511726313332,344998823148.9769,385669488892.27844,103624814.09002607,35489849.84934954,30453.053440584466,22571.32712665738,3530.1432355012885,8.680329274018302,3.0016140740202335,1.0145110027899853
21,13860.0,231.0,3.85,24.282883577821625,24.24682919813893,0.0003852369260633334,65.87302201451166,65.88680252474981,65.86967054563945,1.000050880304159,5.088030415893105e-05,331.1513501285792,329.5670580825697,116.45439445734638,111.01146581693784,2.843614031670309,2.9687659347372137,28419.981246930867,345000543673.4843,326687262346.8964,103636050.0959031,35494245.832995385,30459.502844454757,22578.921403742323,3531.004691574196,8.683063636571784,3.002607030200939,1.0148638452907106
21,13920.0,232.0,3.8666666666666667,24.259769362257853,24.20960860681327,0.0003852369260633334,65.81070611416412,64.98241343075743,65.80738753693723,1.0000504286426053,5.042864260535373e-05,331.1855442812291,330.73100769540235,116.46792294566836,116.10234523070308,2.8435773207334116,2.8486160812532932,27926.910942099516,345002233854.08887,331522031967.7348,103647119.18494293,35498579.67104065,30465.857644632895,22586.406797177464,3531.8541563208564,8.685758315359912,3.003585845299166,1.0152117546624706
21,13980.0,233.0,3.8833333333333333,24.236655146694076,24.105962699607044,0.0003852369260633334,65.7492968369749,65.30163371309197,65.74601138455672,1.0000499718895335,4.997188953358514e-05,331.21922305302945,334.3163326764376,116.48125741593128,117.2970337056606,2.8435409301112866,2.8501686881132438,27432.266983864116,345003893765.5842,369309670577.4599,103658021.47141299,35502851.368062586,30472.117871911665,22593.783286929924,3532.6916254553635,8.688413309746391,3.0045505154895746,1.0155547283220245
21,14040.0,234.0,3.9,24.213540931130293,24.340744364772366,0.0003852369260633334,65.68879489613651,65.57204400069297,65.68554300826312,1.0000495069040227,4.950690402270877e-05,331.2523864014691,330.74995434398795,116.49439775456197,110.52027670701584,2.843504861919397,2.9926631039912324,26932.791238296737,345005523449.6482,373571637553.92334,103668756.93928342,35507060.887109935,30478.283484184656,22601.05078733093,3533.5170868525274,8.691028588720393,3.0055010267042874,1.0158927603119015
21,14100.0,235.0,3.9166666666666665,24.19042671556651,24.126988626536345,0.0003852369260633334,65.62920100484148,65.06928552253085,65.62598336745039,1.0000490299303109,4.9029930310872976e-05,331.2850342840366,337.20028256222844,116.50734384798731,118.61618286170574,2.843469118275325,2.8427848074943474,26424.690716228262,345007122947.9585,341630771068.0318,103679325.57255733,35511208.19124582,30484.35443977457,22608.209212711714,3534.3305284445023,8.693604121621416,3.006437365002671,1.0162258447197996
21,14160.0,236.0,3.933333333333333,24.167312500002716,24.192473271082775,0.0003852369260633334,65.57051587628226,65.72558969949112,65.56733346145536,1.0000485365906906,4.853659069063899e-05,331.31716665822046,331.5163217855141,116.52009558263416,116.79412870867438,2.8434337012988093,2.8384673566291365,25903.669360382075,345008692302.19275,328578045265.98346,103689727.35527088,35515293.24354753,30490.330697433186,22615.258477403513,3535.131938220902,8.696139878139547,3.0073595165715474,1.0165539756786917
21,14220.0,237.0,3.95,24.144198284438918,24.097917577242296,0.0003852369260633334,65.51274242490021,65.45159846423563,65.50959432987405,1.0000480554803974,4.805548039742343e-05,331.3487823441674,338.60386658301564,116.53265221876374,118.54002942692064,2.843398618630381,2.8564516831992464,25400.475542167038,345010231596.102,312295751631.0942,103699961.89564323,35519315.806262836,30496.211988379408,22622.19823132328,3535.9212630105467,8.698635728299713,3.0082674268645384,1.0168771313350657
21,14280.0,238.0,3.966666666666667,24.121084068875117,24.20229012699762,0.0003852369260633334,65.45588472968146,64.85574305286741,65.45276705288512,1.0000476324674528,4.763246745270297e-05,331.3798798445326,320.96947309518913,116.54501294611724,114.57024058742516,2.843363876906006,2.801508240268264,24962.797620446803,345011740907.2573,327557477709.4729,103710028.71722585,35523275.619420506,30501.9979948022,22629.027984502707,3536.6984453527584,8.701091521297936,3.0091610351316476,1.0171952879652366
21,14340.0,239.0,3.9833333333333334,24.097969853311316,24.07827466286327,0.0003852369260633334,65.3999403192315,64.82719926360899,65.39685275157912,1.0000472127865865,4.721278658645717e-05,331.4104615325693,328.7091884219959,116.55717819608604,116.25585978311818,2.8433294856798272,2.827463398707139,24532.13334653554,345013220603.2714,357299498430.74054,103719928.58433013,35527172.821068265,30507.689100297153,22635.748033806005,3537.4635038533024,8.703507401047851,3.0100403799445825,1.0175084546572473
21,14400.0,240.0,4.0,24.074855637747515,24.281968014156295,0.0003852369260633334,65.34490522883726,65.8551187798292,65.34185258829181,1.0000467179981058,4.6717998105781496e-05,331.4405289852926,325.64268115007343,116.56914889136233,117.3714123044076,2.8432954356918363,2.7744633446644205,24027.651052773184,345014670612.0552,359760443332.7375,103729662.01633243,35531007.70575001,30513.28559687201,22642.358855474984,3538.2164953557694,8.705883486013938,3.0109055116281898,1.0178166517242961
21,14460.0,241.0,4.016666666666667,24.051741422183717,24.186236685568527,0.0003852369260633334,65.29077945849873,65.15118157319648,65.28776776694097,1.0000461294919518,4.6129491951850335e-05,331.47008220270254,340.99542352125593,116.58092503194615,115.36314323438549,2.8432617266664444,2.9558437292961846,23432.83834444945,345016090933.6086,303671813853.0834,103739229.01158321,35534780.272725515,30518.787458973202,22648.860449509644,3538.9574160493758,8.70821975489206,3.0117564221477933,1.0181198762003016
21,14520.0,242.0,4.033333333333333,24.028627206619916,23.945722163830645,0.0003852369260633334,65.23757829436173,65.11523007003801,65.23459953337269,1.0000456622867366,4.56622867365628e-05,331.4991153425304,334.3455317704683,116.59250322857832,115.44939490349076,2.8432283908737257,2.8960353759321347,22967.05915774671,345017481851.73944,341700584352.45874,103748627.66513726,35538489.43687634,30524.193497824912,22655.25097973631,3539.686038890278,8.710515673668247,3.012592889361488,1.0184180395750644
21,14580.0,243.0,4.05,24.005512991056115,23.935989855814608,0.0003852369260633334,65.18529434219052,65.13095048972431,65.18234917570969,1.0000451834970367,4.51834970367298e-05,331.5276312308068,334.9630673661644,116.60388512071603,120.13841705955983,2.843195412293403,2.7881428402715107,22494.178262224064,345018843229.16394,353774473474.8093,103757858.8960858,35542135.722031526,30529.50425137145,22661.53133435147,3540.402468146395,8.712771469710987,3.013415009034217,1.0187111803402278
21,14640.0,244.0,4.066666666666666,23.982398775492314,23.89518114696379,0.0003852369260633334,65.13392691320949,64.86223224978902,65.13101802470297,1.000044662107161,4.466210716100959e-05,331.5556301307771,326.49216270895187,116.61507086107527,117.7537846005806,2.8431627891883955,2.772668104183736,21984.019616224632,345020175053.09375,352694573567.34845,103766922.78863245,35545719.17635194,30534.71974765345,22667.70159609093,3541.1067102215593,8.714987145783375,3.0142227831281456,1.01899929950775
21,14700.0,245.0,4.083333333333333,23.959284559928513,23.907194741656113,0.0003852369260633334,65.08347979236058,64.49320247100815,65.08060745409907,1.0000441350868388,4.413508683884171e-05,331.5831110658554,331.23830645255515,116.6260595946223,113.81909135287802,2.8431305337623263,2.9102174557482923,21473.98962024901,345021477525.84595,350117822271.892,103775819.02528442,35549239.52585244,30539.839750929365,22673.761310307018,3541.798703290524,8.717162583822269,3.015016156184992,1.0192823730805076
21,14760.0,246.0,4.1,23.93617034436471,23.955657491513065,0.0003852369260633334,65.03395822767355,64.58921283336151,65.03111888099772,1.0000436613535901,4.3661353590166804e-05,331.61007268195146,336.9933617259149,116.63685013580594,116.23133784090906,2.843098663036954,2.8993330713199956,21020.985992661546,345022750927.9437,358077250219.71185,103784547.16644758,35552696.39091855,30544.86394394854,22679.709846605758,3542.478363056489,8.71929762814321,3.0157950543274294,1.0195603688976271
21,14820.0,247.0,4.116666666666666,23.913056128800914,24.028095375311754,0.0003852369260633334,64.98535798214768,65.11152567795172,64.98255376623186,1.000043153365839,4.31533658388377e-05,331.63651607229116,338.0885818225459,116.64744344178185,116.04556947539989,2.8430671627862063,2.9134122340984,20539.97056822717,345023995032.9063,336773578909.9539,103793107.56436773,35556090.07683235,30549.792540643466,22685.547713936197,3543.145751209995,8.721392369190411,3.016559523854186,1.019833307977411
21,14880.0,248.0,4.133333333333334,23.889941913237113,23.74076687279524,0.0003852369260633334,64.93767905578295,64.62090498475423,64.93491361473723,1.0000425878913481,4.258789134812813e-05,331.6624412368742,339.34155028339745,116.65783951254997,117.23744022559517,2.8430360327493824,2.8944810602348237,20010.243330777994,345025209840.73376,320463911676.60394,103801500.21761517,35559420.58294891,30554.625518319554,22691.274912298326,3543.8008643250514,8.723446788003763,3.017309557584465,1.0201011876576793
21,14940.0,249.0,4.15,23.866827697673312,23.948629815649618,0.0003852369260633334,64.89092874711852,64.75135930809661,64.88819997594126,1.0000420534269447,4.205342694468126e-05,331.68784509460886,344.3944435375528,116.66803682491452,115.62609060124433,2.843005283378324,2.978518444641131,19515.97917013157,345026395353.45294,331385107858.3533,103809724.12967117,35562687.4221896,30559.362264178475,22696.89056499075,3544.443600724543,8.725460610281772,3.0180450476407223,1.0203639667849
21,15000.0,250.0,4.166666666666667,23.843713482109514,23.789210523294148,0.0003852369260633334,64.84510780509088,65.17788985134881,64.84241444414961,1.000041537024251,4.153702425107896e-05,331.7127278647271,340.0209315535996,116.67803515314154,114.53370760556916,2.8429749217952596,2.9687411563114914,19044.23910085002,345027551751.0978,344202924288.59784,103817779.37172739,35565890.52157638,30564.002777747017,22702.394582051125,3545.073939761377,8.727433821362315,3.018765980112505,1.0206216374812325
21,15060.0,251.0,4.183333333333334,23.820599266545713,23.733151134605023,0.0003852369260633334,64.80021523572398,64.65855135575319,64.79755865894379,1.0000409980998541,4.0998099854032855e-05,331.73709089959664,350.81287811029193,116.68783457420214,115.1009473600644,2.842944957459503,3.0478713351755653,18557.670900646965,345028679352.6314,335029263070.7329,103825666.38245921,35569029.90450732,30568.547260361906,22707.78708287598,3545.691878230292,8.7293664898067,3.0194723674006703,1.020874199883557
21,15120.0,252.0,4.2,23.797485050981912,23.75386856672574,0.0003852369260633334,64.75625387517084,64.955576348742,64.75363430558077,1.00004045440257,4.045440256997359e-05,331.76093338706715,330.9911899555981,116.69743434664456,114.52074526321104,2.842915401221127,2.890229095129078,18072.930447866704,345029778350.5217,326959179398.6734,103833384.90125367,35572105.33222028,30572.99551420009,22713.067726786267,3546.2973618640526,8.731258515548568,3.0201641615851846,1.0211216330040451
21,15180.0,253.0,4.216666666666667,23.77437083541811,23.916974846890245,0.0003852369260633334,64.71323402338824,64.90330924356618,64.71064311540034,1.0000400383594283,4.003835942835334e-05,331.7842526010067,334.4043995313916,116.7068320673545,116.6253356204499,2.842886288006905,2.8673392256695447,17707.136630355686,345030849329.88513,376270109704.0445,103840934.03046761,35575116.03766079,30577.34691426393,22718.235276549945,3546.8902238863357,8.733109599933577,3.0208412201514134,1.0213638745605123
21,15240.0,254.0,4.233333333333333,23.75125661985431,23.755271735538628,0.0003852369260633334,64.67115108934601,65.1864543196639,64.66858686624077,1.0000396517572054,3.965175720543464e-05,331.80704973910883,335.6005717380977,116.71602881698206,116.7221779337657,2.8428576014987863,2.8752082738597897,17370.698826755077,345031892019.7513,346171344469.34735,103848314.16214336,35578062.36509734,30581.60170712597,22723.2902836421,3547.4705349120095,8.734919850595556,3.0215035974044966,1.0216009490349216
21,15300.0,255.0,4.25,23.728142404290512,23.64735853315447,0.0003852369260633334,64.63000249205095,64.46203578407942,64.62746738286023,1.0000392264975464,3.922649754629252e-05,331.8293254746944,332.71586758173197,116.72502520304889,116.80542803327357,2.8428293324200276,2.8484623804208264,17003.79798995056,345032906267.7858,381131316019.5921,103855525.51616874,35580944.507838905,30585.76002304448,22728.23305809196,3548.0383333589807,8.736689321043766,3.022151321209191,1.021832869197736
21,15360.0,256.0,4.266666666666667,23.70502818872671,23.771427798149944,0.0003852369260633334,64.58978823150306,64.65269055476521,64.58728653736237,1.0000387335383605,3.8733538360419744e-05,331.85107980776337,332.3001695967927,116.73382122555496,114.6244634369779,2.8428014805285553,2.8990335887547767,16582.633749965982,345033892073.9883,337943028047.7972,103862568.09137367,35583762.46535305,30589.82184272789,22733.063599899513,3548.593616262312,8.738417995118976,3.022784385407884,1.022059632751865
21,15420.0,257.0,4.283333333333333,23.68191397316291,23.626853852472298,0.0003852369260633334,64.55050830770233,64.42971516599377,64.54804624962925,1.0000381430301322,3.814303013226294e-05,331.8723127383159,345.42262248512844,116.74241688450034,117.76240622371334,2.8427740455866637,2.933216410582922,16084.20783026496,345034849438.35895,368441134979.1578,103869441.88661826,35586516.23712057,30593.78714733276,22737.781909064764,3549.136380722568,8.740105857034091,3.023402783982286,1.0222812374512855
21,15480.0,258.0,4.3,23.658799757599112,23.54229524905133,0.0003852369260633334,64.51216272064877,64.40260011535077,64.50974848776342,1.000037424310929,3.7424310928992114e-05,331.89302426635186,338.7131123124659,116.75081217988502,116.07805398994049,2.842747027361011,2.9179771771658003,15486.914020244943,345035778360.8977,349530911257.07086,103876146.90079214,35589205.822635464,30597.655918463766,22742.387985587717,3549.6666239058104,8.741752891374176,3.0240065110534493,1.022497681101053
21,15540.0,259.0,4.316666666666666,23.63568554203531,23.60916272173429,0.0003852369260633334,64.47475147034238,64.47258928810479,64.47239526853544,1.0000365459015,3.654590149990684e-05,331.91321439187135,332.1120658395146,116.75900711170898,111.5021489711019,2.8427204256226157,2.9785261441516107,14771.358130669558,345036678841.60474,367806012743.5623,103882683.132815,35591831.22140493,30601.428138173673,22746.881829468366,3550.1843430435993,8.743359083096632,3.024595560881834,1.0227089615573226
