batch_id,time_s,time_min,time_hr,T_celsius,T_meas_celsius,cooling_rate_degC_s,c_kg_m3,c_meas_kg_m3,cs_kg_m3,S_supersat_ratio,sigma_rel_supersat,mean_L1_um,mean_L1_meas_um,mean_L2_um,mean_L2_meas_um,aspect_ratio,aspect_ratio_meas,nucleation_rate_m3_s,mu00,mu00_meas,mu10,mu01,mu20,mu11,mu02,mu30,mu21,mu12
26,0.0,0.0,0.0,29.80731325047888,29.764405010759322,0.0015009383806818342,240.0,239.98778900220356,108.95817475627035,2.2026800700072156,1.2026800700072156,106.27993655935161,109.61265922320868,58.10536976602121,59.44661606672979,1.8290897551692695,1.8438839159518632,1804071473809.0095,345333455230.87634,330309535084.7847,36702017.71375923,20065728.108767804,3921.1441680152084,2133.2088358499886,1168.6600369668943,0.4210184171246151,0.22797259655594335,0.12425099513602636
26,60.0,1.0,0.016666666666666666,29.717919903081743,29.59945249400939,0.0014825036483050384,107.75550583348304,107.57603644524995,107.72316792742184,1.0003001945327397,0.0003001945327395942,269.72245986419136,270.8833008639072,88.8924402935855,88.6239753289527,3.0342564449055245,3.0565464916062273,949385.7787463906,462363291253.33167,482891473179.5891,103011885.67615196,32729678.523045078,21301.533651220758,18018.433360356532,2080.1199393234174,3.808811840286353,1.2396732768453402,0.3753615950899378
26,120.0,2.0,0.03333333333333333,29.629587608046535,29.61594026237979,0.0014642953338559726,106.55599159858394,106.68494452884437,106.52473768274037,1.0002933958489215,0.00029339584892159926,270.23363514965337,266.11594300272856,89.05041507955714,86.61605944981517,3.034613987012055,3.072362616044829,914121.9816995914,462419086987.60706,477764824002.0027,103221713.84379393,32794334.19389327,21386.58075889194,18162.519154338403,2088.3180478853055,3.831863361433932,1.2471108544528757,0.37763353368115604
26,180.0,3.0,0.05,29.542278061412578,29.6437138648815,0.001446310656438394,105.39155493601321,105.61483684463884,105.36129166792628,1.0002872332676247,0.000287233267624596,270.72845804283486,267.4047744742502,89.20355353851926,87.72056901595205,3.0349514935627626,3.0483702679313724,882871.4116703134,462473058052.07825,448731141499.218,103424848.99020502,32857015.69003424,21469.066478817665,18302.39142611867,2096.2807530684495,3.854263080619237,1.2543415964478983,0.37984348499499454
26,240.0,4.0,0.06666666666666667,29.456030178395707,29.432349720012255,0.0014285468693114116,104.26154704454159,104.0989083686621,104.23231186272031,1.0002804809880814,0.0002804809880815296,271.20728227767046,267.0069386326226,89.35195242561572,89.95452038974982,3.0352697945066933,2.968243702214743,848093.6719224735,462525245010.4988,450049929232.2446,103621434.44662267,32917762.04088506,21549.034569979907,18438.128109778925,2104.0116751853,3.876018984551102,1.2613679206339334,0.3819921293169486
26,300.0,5.0,0.08333333333333333,29.37084062212301,29.364360687788913,0.0014110012594699855,103.16510846512615,103.32642291564638,103.13674047348067,1.0002750522414734,0.0002750522414733064,271.6705651000346,271.6958597687315,89.49574216950673,92.84804078367377,3.035569721132488,2.9262422499765446,821407.1884906045,462575693201.65454,470506296847.9153,103811656.15968788,32976626.131383777,21626.547563339598,18569.832443642645,2111.5163396207336,3.897144551279826,1.2681940387799484,0.3840807059535032
26,360.0,6.0,0.1,29.28669871238996,29.282321632937272,0.001393671147230578,102.10106559017295,102.11307005314555,102.07346483419249,1.0002704008923895,0.0002704008923895432,272.1189088798723,275.1689557042705,89.63509613457747,90.87118156831019,3.035852256702163,3.0281212476302946,799324.8179960466,462624464598.41943,480014299702.21454,103995759.79253265,33033678.488837585,21701.693260876156,18697.645401594982,2118.8025957057916,3.9176603838716595,1.2748264248831358,0.38611113373823214
26,420.0,7.0,0.11666666666666667,29.203589592381743,29.378622861457405,0.0013765538858218941,101.06813882085451,100.77895818603967,101.04136281670438,1.000265000425605,0.0002650004256050026,272.5529784535759,265.0129626511956,89.77020520947602,90.66044360380852,3.0361184740257854,2.923137722657942,772809.7708134754,462671626988.1356,512825837203.524,104174016.80301586,33088996.89858322,21774.57115068988,18821.720689200796,2125.8793187981137,3.9375905803581546,1.2812726462797421,0.3880856557053516
26,480.0,8.0,0.13333333333333333,29.121502715795312,28.94375799698072,0.0013596468609806498,100.06540012505944,100.30090309514868,100.03940810830234,1.0002598177782995,0.0002598177782995495,272.97324617465097,262.2842728899867,89.90120521193344,90.2810980432722,3.036369151349448,2.9051958668499194,747631.5008189403,462717230703.7335,496632637717.57874,104346619.73336357,33142636.567174345,21845.249175033416,18942.16978178879,2132.7525625648077,3.9569507922996543,1.28753761255315,0.3900057229993461
26,540.0,9.0,0.15,29.04042549644253,29.22616207396977,0.0013429474905523031,99.09182356328134,98.98273993577669,99.06658830955806,1.000254730218875,0.0002547302188748759,273.3802392537151,277.1742519798975,90.02824791311967,87.04831325288829,3.036605127732091,3.184142709057039,723075.7989063624,462761330250.61255,477960799617.5404,104513783.76949444,33194659.30011469,21913.80553374192,19059.115915335715,2139.4293138632347,3.9757597428390987,1.2936272038584695,0.3918730781731301
26,600.0,10.0,0.16666666666666666,28.96034467080978,28.96966389827418,0.001326453224096691,98.1464257127755,97.69620392078534,98.12192128019751,1.0002497345369747,0.00024973453697476434,273.774462673232,267.19051926241895,90.1514789944485,88.59146068020567,3.03682719049003,3.015985030734665,699133.4996212394,462803977384.6366,497325567363.49896,104675715.07969159,33245124.442582756,21980.315585439384,19172.677218699777,2145.916321998696,3.9940356026509676,1.2995471311555118,0.3936894155606323
26,660.0,11.0,0.18333333333333332,28.881247462277052,28.98879351950791,0.0013101615424985084,97.22826977557949,96.71156569295259,97.20446753920193,1.000244867720385,0.0002448677203850065,274.1563932970936,281.8406123297445,90.27103614152854,90.69218145553718,3.037036075084663,3.107661628669941,676016.1229104757,462845221867.43445,472383182531.84937,104832608.38354784,33294088.086319104,22044.85066581078,19282.966220164762,2152.219977737468,4.011795613633044,1.3053028138182698,0.3954563427661717
26,720.0,12.0,0.2,28.80312167975875,28.698361449366995,0.001294069957582572,96.33645895114259,96.31609592752852,96.31332931474844,1.0002401498999018,0.00024014989990179376,274.52648237060146,272.18792280082323,90.38704974373479,89.69997021035209,3.0372324702370355,3.0344260110959387,653829.9288332866,462885111970.84644,464883160958.7326,104984647.96686006,33341603.352310717,22107.478416348953,19390.090643520547,2158.3463413099125,4.029056155500847,1.310899400270296,0.3971753865471177
26,780.0,13.0,0.21666666666666667,28.725954396293133,28.645850329435184,0.0012781760117338097,95.47010344868774,95.47022454670417,95.44763379572933,1.0002354134101061,0.0002354134101060544,274.8851861921792,271.3200076861534,90.4996515280178,92.52504087791903,3.037417067921831,2.9323954370811154,631665.2733588043,462923694391.8136,470105394105.47473,105132020.28068373,33387723.95665507,22168.268198971302,19494.157370542154,2164.3016270795406,4.04583430703228,1.31634225835231,0.3988481401296453
26,840.0,14.0,0.23333333333333334,28.64973389155193,28.64168937936194,0.0012624772775219168,94.62837680444484,94.3567365063741,94.60655365343565,1.0002306727194517,0.00023067271945165446,275.2329148549623,273.4648413942737,90.60896020643247,91.00812843526064,3.0375904792186663,3.004839744493868,609626.3980499608,462961014124.6449,501542888058.2265,105274892.87106732,33432498.277462944,22227.281922968104,19595.265676156916,2170.0913875621136,4.062145173915926,1.3216361375962542,0.40047601218127404
26,900.0,15.0,0.25,28.574449043845185,28.530590099260984,0.0012469713573306231,93.81049766355865,93.9691909221222,93.78929805662344,1.0002260343917109,0.00022603439171080752,275.5700487820192,271.214406921309,90.71508610035043,88.84477840513078,3.0377532627503587,3.052676947254858,588291.1276576272,462997114517.9607,443048772811.96405,105413421.16636959,33475971.262900516,22284.576914858786,19693.509416803907,2175.720768437197,4.078002703167851,1.3267854244983068,0.40206030327228603
26,960.0,16.0,0.26666666666666666,28.500088817156506,28.544578196416662,0.0012316558829915118,93.01571615700338,93.05880358465903,92.9951054640884,1.0002216320182888,0.0002216320182887966,275.8969518159733,273.7805134326819,90.81813479508708,93.99295778697223,3.037905947292129,2.9127768705096426,568340.3890512083,463032037220.5033,477535732177.8522,105547753.85050601,33518185.939862996,22340.208207991047,19788.978666840572,2181.1947119482265,4.093420338391461,1.3317943478569356,0.40360226741839256
26,1020.0,17.0,0.2833333333333333,28.426642535904925,28.361153468656504,0.001216528515422338,92.24332119858363,92.09392222179763,92.22324524409868,1.0002176886579064,0.00021768865790630437,276.2139642077437,276.12903413367695,90.91820518235554,92.36374862475145,3.0380490205865662,2.989582365864268,550866.7286476195,463065822210.1632,462934449229.31384,105678029.97604135,33559182.60263777,22394.227241655622,19881.758842026127,2186.517841370459,4.108410629594967,1.336666856522414,0.4051030754503593
26,1080.0,18.0,0.3,28.354099457373106,28.48515915597481,0.0012015869442697877,91.49261397285396,91.07925544207305,91.47301187498321,1.0002142937842424,0.00021429378424245508,276.52142001687264,274.7743146511291,91.01539448379263,91.77638860871458,3.038182953391622,2.9939543145745224,536240.245489268,463098508488.1958,498139303119.39996,105804386.10938519,33599000.88112703,22446.684880701534,19971.933884155816,2191.694736009532,4.122986089450954,1.3414068899907345,0.40656389651736813
26,1140.0,19.0,0.31666666666666665,28.28244729402272,28.300286553035615,0.001186828887556625,90.76281630958349,90.3740896797313,90.74370902823816,1.0002105631514289,0.00021056315142883953,276.81970724691683,281.83242191977763,91.1098156122243,93.3074559285697,3.0383082809112354,3.0204705413416346,520004.48635573254,463130136478.43713,447810198437.80975,105926981.04044205,33637686.89448139,22497.641996276594,20059.597267131252,2196.73089454577,4.137162230509109,1.3460193380610672,0.4079861871199171
26,1200.0,20.0,0.3333333333333333,28.21167571819413,28.222362201239992,0.0011722520913331734,90.05328799669145,90.46737117539796,90.03468462061707,1.00020662454867,0.00020662454867000361,277.10912521928617,273.1852706339046,91.20155599507082,90.37187368603368,3.0384254105737307,3.022901479092863,502860.4634721025,463160742336.9663,451881338045.92596,106045937.16790968,33675276.28098434,22547.14431353641,20144.82589330447,2201.6304453993343,4.150950334504458,1.3505077564206394,0.4093710031756559
26,1260.0,21.0,0.35,28.141773774487156,27.99037619337509,0.0011578543293330776,89.3634014523039,89.67261104117455,89.34530296709356,1.0002025678419493,0.00020256784194923764,277.3899774345501,279.9513885899234,91.29070389934294,91.4019480840598,3.0385347640697353,3.0628601956323727,485296.9252017911,463190360596.9608,489060855177.94714,106161378.65218025,33711805.057813525,22595.238809728282,20227.695147885555,2206.397616300189,4.164362175922047,1.3548758512020314,0.41071944511410097
26,1320.0,22.0,0.36666666666666664,28.072730478613416,28.08105753683812,0.001143633402633293,88.69257505644349,88.60307293128095,88.67495012559174,1.000198758847079,0.00019875884707902495,277.6625485484201,271.60666022631176,91.37734183695648,91.29489466705519,3.038636744805404,2.975047632365845,469079.12722549017,463219023364.82825,467779590243.13116,106273421.94993135,33747306.90040389,22641.96961944019,20308.274895136055,2211.0363639897696,4.177408836325508,1.3591271051870226,0.4120325455117455
26,1380.0,23.0,0.38333333333333336,28.00453506543793,28.00072180137904,0.0011295871393182516,88.04022262979448,87.53241720113142,88.02303539206724,1.0001952584076508,0.00019525840765076722,277.92711762729283,265.6459236305623,91.46155130047882,89.81450055070196,3.038731725796103,2.957717540060252,454449.032129657,463246762838.1289,494177418699.7712,106382181.26322317,33781815.06819512,22687.380187173694,20386.635546985788,2215.5506139464487,4.1901012705253855,1.3632649714486913,0.4133113311427805
26,1440.0,24.0,0.4,27.93717724746681,28.051148847422652,0.0011157133941481516,87.40575281286652,87.5695732493162,87.3889927160055,1.00019178727595,0.00019178727595003565,278.18396297098946,279.35462024271146,91.54341377848273,90.63574265861966,3.0388200689581075,3.082168381351529,440074.0901720462,463273611457.3856,429742150942.22003,106487770.51677585,33815362.828952,22731.514105076145,20462.84813760776,2219.944316692632,4.202450545013054,1.3672929422495566,0.41455684172283425
26,1500.0,25.0,0.4166666666666667,27.87064665214098,27.85193186547619,0.001102010048231323,86.78861666800836,87.37253697076184,86.77227438986759,1.0001883352517342,0.00018833525173424785,278.43334362142986,282.6166548459032,91.62300506065597,90.95863755162893,3.038902112379989,3.107089798761415,425912.0443315069,463299599377.9778,461915884200.6949,106590295.75418034,33847981.124902904,22774.41196668982,20536.978605458593,2224.2211467530606,4.2144669678854,1.3712142688854794,0.41577004469891454
26,1560.0,26.0,0.43333333333333335,27.804932958552566,27.791493287987972,0.001088475008700616,86.18829513227784,86.10341854994353,86.17235160107367,1.0001850191030874,0.00018501910308751045,278.6755039505285,276.5265140119448,91.70039667886033,90.72756111628901,3.038978172869469,3.047877740894083,412488.7239046682,463324755133.24365,441660157309.1728,106689857.02079573,33879699.16127756,22816.1121140958,20609.089300441236,2228.3845757204963,4.226160286811069,1.37503202600724,0.41695185495889886
26,1620.0,27.0,0.45,27.740026327125506,27.69175208185832,0.0010751062083937633,85.60426982033623,85.4660524986685,85.58871751630323,1.0001817097449792,0.00018170974497931278,278.9106849786745,265.0901167126237,91.7756593690134,92.18668339030394,3.039048554881256,2.8755792806893132,399218.998508351,463349107271.8645,461801600854.6902,106786553.01566637,33910545.8238356,22856.65252834861,20679.242491064855,2232.4380518575626,4.2375402024069295,1.3787492766926723,0.41810318489031406
26,1680.0,28.0,0.4666666666666667,27.675916819758157,27.612043573476292,0.0010619016055376706,85.03605632082386,84.84332185840205,85.02088118153176,1.0001784872031578,0.00017848720315772818,279.1391109496156,282.59464502890796,91.84885903572336,92.55190587344342,3.0391135380467627,3.05336386497898,386455.9542495779,463372682414.5845,434525447321.33594,106880475.56806123,33940548.0234531,22896.068545104426,20747.496364880153,2236.3847871068756,4.248615737062774,1.3823688708377526,0.4192248836460726
26,1740.0,29.0,0.48333333333333334,27.612594699855766,27.660770301899227,0.001048859183436582,84.4831828939687,84.12360002747037,84.46836954584077,1.0001753715409398,0.00017537154093984328,279.36099928950944,283.05907411524873,91.9200596329198,92.46361372017473,3.039173390499634,3.061302308299116,374276.01361474337,463395506508.7396,488126189965.25665,106971713.73106107,33969731.87887205,22934.3945343855,20813.90758732522,2240.2279081281504,4.2593956960092605,1.3858935906184602,0.4203177804630487
26,1800.0,30.0,0.5,27.550050272701817,27.484803809439253,0.0010359769501640781,83.94518587424771,84.456254567531,83.9307253569922,1.0001722911030972,0.000172291103097322,279.5765652929514,270.49306820548395,91.98932435929102,93.64983602607633,3.0392283804692806,2.8883453477715277,362364.62729320506,463417605062.6334,490363882320.07733,107060355.70696732,33998123.21121891,22971.66471775176,20878.531853958368,2243.970522005802,4.269888900076477,1.3893262213231496,0.421382705097471
26,1860.0,31.0,0.5166666666666667,27.48827405771012,27.46945818624964,0.0010232529382588535,83.42162756738884,83.86853010097967,83.4075080015988,1.0001692841103678,0.00016928411036772672,279.7860089587888,287.5667607151119,92.05671215312078,91.78199644799601,3.039278749097752,3.1331499841371198,350880.06227483635,463439002160.33093,432455451049.52716,107146483.43145019,34025746.095537394,23007.910849181964,20941.421740668146,2247.615522358038,4.280103520889213,1.3926693465080797,0.4224204280372805
26,1920.0,32.0,0.5333333333333333,27.427256665286667,27.544045830063084,0.0010106852044242357,82.9120808373545,83.0267454641557,82.89829179796983,1.0001663368337947,0.00016633683379468016,279.9895224334787,285.83698649358195,92.12228004846375,89.93530402238979,3.039324713697725,3.17825118401136,339758.7496881039,463459720870.25146,491284373118.5265,107230175.63212782,34052623.82837203,23043.1635165122,21002.628555086685,2251.1657189528323,4.290047452476127,1.3959254689679215,0.423431698042239
26,1980.0,33.0,0.55,27.36698880508622,27.401055251981667,0.0009982718292313886,82.41613405626816,82.22027444515135,82.40266548227709,1.0001634482806139,0.00016344828061385055,280.1872924540267,283.96059126401514,92.18608324082685,91.05787861626523,3.039366492250958,3.118462625959887,328991.4551822472,463479783659.9756,477325794698.54865,107311508.8329815,34078778.96203761,23077.452537939404,21062.201742003963,2254.6238380178593,4.299728415132755,1.399097032440797,0.4244172449191579
26,2040.0,34.0,0.5666666666666667,27.307461278448386,27.26360440382253,0.0009860109168261671,81.93339044414981,81.61707651745894,81.92023158729047,1.0001606301227959,0.00016063012279589198,280.3795010204273,291.2367945129516,92.24817524826325,90.39556892498094,3.039404305460297,3.221803877960526,318619.1828076535,463499212453.6914,492104306048.62366,107390557.62968278,34104233.370912895,23110.80706939727,21120.18896267884,2257.9925300669993,4.309153983461041,1.4021864298462292,0.4253777817867679
26,2100.0,35.0,0.5833333333333334,27.248664981699473,27.266523027805306,0.0009739005946395679,81.46346548042575,81.4096682986592,81.45060593727037,1.000157881491579,0.000157881491578958,280.56632294114945,285.33701005043423,92.30860767676278,89.89077243993212,3.039438357943921,3.17426363469182,308631.0089749968,463518028282.312,458903114324.06085,107467393.67781016,34129008.148482814,23143.255178074527,21176.636405768815,2261.274357655405,4.318331466647361,1.4051959737046387,0.4263139989676694
26,2160.0,36.0,0.6,27.19059089474084,27.220954640874226,0.000961939013101739,81.00598692647017,81.3147114300218,80.99341704889403,1.0001551962867372,0.00015519628673713723,280.7479276128657,282.9273256594528,92.36743052146846,90.7418883704318,3.039468847708316,3.1179351756982445,298995.9346105304,463536251485.16223,464162390162.8595,107542086.42398688,34153123.73358889,23174.82413943528,21231.588784622338,2264.47181044477,4.327267989129286,1.4081279179095887,0.4272265692769879
26,2220.0,37.0,0.6166666666666667,27.133230073958188,26.96390246878109,0.0009501243453595004,80.56059408135776,80.46470864719055,80.54830559537575,1.0001525604529007,0.00015256045290066658,280.92447955670025,277.3675238370478,92.42469231053599,95.88918195185722,3.039495967298732,2.892584107937273,289654.01644110755,463553901749.6859,469011993107.9314,107614703.32532477,34176599.969423175,23205.540523004398,21285.089426677885,2267.5873123519114,4.335970513078024,1.4109844646237129,0.42811615002402403
26,2280.0,38.0,0.6333333333333333,27.07657364513087,27.155673909230607,0.0009384547869973352,80.12693703761634,80.32535495569142,80.11492389608009,1.0001499488603627,0.0001499488603626529,281.09613895447603,284.60278615949966,92.4804402489926,94.4249897249887,3.0395199049405264,3.0140621353351564,280506.87134523364,463570998151.1509,458211569959.3504,107685310.06896248,34199456.16255726,23235.430278940767,21337.180362863037,2270.6232287675157,4.344445861304401,1.4137677713076187,0.42898338505373923
26,2340.0,39.0,0.65,27.02061353659206,26.95637982425023,0.0009269285557618065,79.70469500559767,79.64762001793908,79.69294097264607,1.0001474915194262,0.00014749151942622938,281.2630327900399,289.8168257773708,92.53471349130383,92.62133187589153,3.0395407537137107,3.1290505103696034,272033.49668357865,463587557671.14355,476881335634.95074,107753958.6993835,34221708.28497808,23264.51358529947,21387.900126468885,2273.5814862231546,4.352699219417076,1.416479505324042,0.4298287797724236
26,2400.0,40.0,0.6666666666666666,26.965341247460138,27.00190214614125,0.0009155438912893607,79.29354402193091,79.27092709698843,79.28203265511283,1.0001451951524523,0.0001451951524522574,281.42530401674304,288.5744950304889,92.5875546531629,87.51596605877442,3.0395586649952553,3.297392556195821,264237.3507023081,463603597753.98267,473960463210.09015,107820707.84281698,34243373.75954303,23292.813594789113,21437.287632014442,2276.4642202069335,4.360736670069542,1.4191215980909577,0.43065291293624774
26,2460.0,41.0,0.6833333333333333,26.91074796882157,26.84615266535452,0.0009042990548374724,78.89315950955995,78.63352347105668,78.88188233922305,1.0001429627438199,0.00014296274381993179,281.58310700002187,271.60553067365913,92.63900876466545,93.13493598004675,3.0395738334737437,2.9162583064624426,256749.11999568413,463619136082.82605,466625611580.9999,107885620.83250475,34264471.02433188,23320.35562509233,21485.38186773468,2279.273716148735,4.368564958981956,1.4216961757285382,0.43145641726634
26,2520.0,42.0,0.7,26.85682527039797,26.945186923120637,0.0008931923290190912,78.50323340446741,78.48529215216692,78.4921857298598,1.0001407487191862,0.00014074871918629117,281.73658050493526,277.8257269657399,92.68911697444274,91.81671693865479,3.0395864120986156,3.025873024313891,249400.8017606167,463634189193.7051,466937173742.75464,107948754.59562981,34285016.91417427,23347.162335987727,21532.219838316367,2282.012053513744,4.376190092996779,1.42420514220826,0.4322398624934185
26,2580.0,43.0,0.7166666666666667,26.80356478938035,26.874492757391923,0.000882222017540352,78.12346557855422,77.97898793448317,78.11264811732507,1.0001384853988422,0.0001384853988422496,281.88586030705295,290.51452974317107,92.73791951606242,94.37458339961285,3.039596550990447,3.0783132415328134,241955.79572607833,463648773140.105,474589222847.54877,108010164.84028262,34305027.89335711,23373.255969837992,21577.837595182817,2284.6812723945104,4.383617988539751,1.4266503725131336,0.43300380966401875
26,2640.0,44.0,0.7333333333333333,26.750958225359646,26.60574908786293,0.0008713864449415057,77.75356314745798,77.6582284059575,77.74298399649567,1.0001360785297717,0.00013607852977178504,282.03107964844094,289.73952157652406,92.78545583312568,91.95766459763185,3.039604398297863,3.150792517886384,234099.58646717682,463662903528.5171,465167539981.35486,108069906.24239528,34324520.10700683,23398.65842713084,21622.270319638817,2287.283379970444,4.390854492121164,1.4290337189847362,0.43374881300230106
26,2700.0,45.0,0.75,26.69899733525723,26.801911557259682,0.0008606839563410298,77.39323977837157,77.31077001795654,77.38291670326198,1.0001334025072894,0.00013340250728940324,282.17236969364814,276.78032208877977,92.83176470436484,92.57109555580458,3.0396101010496106,2.9899216426787176,225433.20644283175,463676595553.99146,469273518099.39246,108128032.63273558,34343509.432493344,23423.391342495,21665.552406015566,2289.820357010477,4.397905401094448,1.4313570177516457,0.4344754217964315
26,2760.0,46.0,0.7666666666666667,26.64767410477876,26.64696045095274,0.000850112917182886,77.04225525588372,77.24891627152459,77.03217926540684,1.000130802355236,0.00013080235523601203,282.30983841169314,286.27770121105124,92.87687835019942,93.58637427897486,3.039613770687061,3.058967754832302,217152.74841847378,463689861739.41626,495689013153.0402,108184588.31073159,34362009.05450486,23447.472402891435,21707.71270901711,2292.2938378043045,4.4047754191997335,1.4336217627875074,0.435184084277235
26,2820.0,47.0,0.7833333333333333,26.59698113707361,26.55616246078041,0.0008396717129868786,76.70039912059622,77.35414506326268,76.69051662421526,1.0001288620394797,0.00012886203947976756,282.4435661291721,292.1546935970771,92.92082212746473,95.85343816205966,3.0396154453059863,3.0479312917615995,211156.74991317617,463702712583.09485,441071800075.2178,108239606.21399117,34380029.31884898,23470.914464080328,21748.776509051644,2294.7050812788693,4.411467873710727,1.4358290333324923,0.4358751307444204
26,2880.0,48.0,0.8,26.546910873729033,26.759759581041934,0.0008293587491020807,76.36734819696385,76.53573229673596,76.35767995015846,1.0001266178701567,0.00012661787015662006,282.5736887219272,284.574971862709,92.96363612259938,91.90374634122689,3.039615278701796,3.0964458272040227,204241.08611704182,463715167000.70715,442728955416.45013,108293142.12489891,34397586.61957,23493.739895796432,21788.78262600448,2297.0561221789903,4.417988736937932,1.4379807187679123,0.4365491239296473
26,2940.0,49.0,0.8166666666666667,26.497455613911463,26.51272061761202,0.0008191724504632882,76.04289570275361,75.77653950428163,76.03342660141466,1.0001245386636142,0.0001245386636142288,282.7003002553218,285.8806008171313,93.00534742365566,92.68627540984195,3.0396133995131738,3.0843897821227464,197941.85131388338,463727237466.0571,468926897275.13806,108345234.63695055,34414692.038448185,23515.964012691853,21827.755898582287,2299.3483160360947,4.424342047704492,1.4400780836624332,0.43720643637527656
26,3000.0,50.0,0.8333333333333334,26.448607726111184,26.414916632374563,0.0008091112613504648,75.72679958982908,75.29998010288183,75.71752131493894,1.0001225380166838,0.00012253801668385156,282.82350308568846,271.25600839865547,93.04598914419527,92.9712578081054,3.0396098282902995,2.9176329845782387,191966.62107037092,463738932562.1207,487299350011.99603,108395925.78157032,34431359.1426775,23537.604065318475,21865.725401636282,2301.583411133778,4.4305325430231335,1.4421226805667393,0.4378475515793725
26,3060.0,51.0,0.85,26.4003596740814,26.457068482699256,0.000799173645151143,75.41883719391394,75.05062418612063,75.40973611549627,1.000120688373763,0.00012068837376294034,282.9433926542913,285.11069297611516,93.08559154809232,96.76327349901867,3.0396046042003144,2.946476309309716,186530.14040607322,463750261112.74854,441675428134.587,108445254.74877512,34447600.331540644,23558.676062493585,21902.717881626093,2303.76299420293,4.4365645945251195,1.4441159314460457,0.43847290854725696
26,3120.0,52.0,0.8666666666666667,26.35270400484843,26.424820135668117,0.0007893580841257418,75.11880244950245,75.59312314130737,75.10984998451785,1.000119191623821,0.00011919162382095043,283.06005626132486,281.0039497606635,93.12418319832031,90.89023879950577,3.0395977343340657,3.091684579908833,182231.58372573787,463761229821.25305,488669444748.90076,108493257.39232856,34463427.31504126,23579.194755744407,21938.758091165007,2305.8885804916517,4.442442265166591,1.446059173681868,0.4390829260872078
26,3180.0,53.0,0.8833333333333333,26.30563365019835,26.19114133083587,0.0007796630791757665,74.82642969875525,74.80929867875342,74.81765047810526,1.0001173415710582,0.00011734157105819991,283.17361029536704,294.51045759023054,93.16179443299403,96.68238978515099,3.0395894799883627,3.0461644384742237,176901.14427958298,463771861045.86633,505129273049.9621,108539981.48467866,34478852.47255029,23599.1788856771,21973.877941104613,2307.961629695398,4.448170415434969,1.4479538700397017,0.4396780112917842
26,3240.0,54.0,0.9,26.25914158045256,26.23691513945184,0.0007700871496148577,74.54148084815515,74.39834148818557,74.53293126472876,1.0001147088043005,0.00011470880430047701,283.28415871513545,276.23442397523394,93.19845308651381,94.486397546969,3.039580050241497,2.923536415259332,169315.3421273802,463782173477.66077,522165110701.3064,108585469.7019997,34493887.170658976,23618.645282238955,22008.106031266787,2309.9834987856575,4.453753439917634,1.4498013572647315,0.440258541987697
26,3300.0,55.0,0.9166666666666666,26.21322025010582,26.185727525833258,0.0007606288329426501,74.26387448301807,74.29887795455396,74.2554885987509,1.000112932854196,0.0001129328541959295,283.3917322668409,290.1806206864038,93.23417827856748,91.25380091881118,3.039569152635375,3.179929140097721,164361.8229274362,463792153518.5864,504145705074.229,108629734.692828,34508539.31031272,23637.600231526667,22041.452141193164,2311.955376913188,4.459193424892355,1.4516024821283633,0.44082484281762113
26,3360.0,56.0,0.9333333333333333,26.167863014387247,26.365175567347865,0.0007512866846214096,73.99335192544845,74.00889026556142,73.98512973785937,1.0001111329752101,0.00011113297521023809,283.49644586523544,289.69009217763653,93.26899656899923,91.70133837867202,3.039557155045711,3.1590606778429846,159399.15761822762,463801829186.29614,491474979485.6695,108672823.6185334,34522819.70149331,23656.06181627624,22073.947343303626,2313.8784577968736,4.464494915010437,1.453358544543768,0.4413772480769502
26,3420.0,57.0,0.95,26.12306310670468,26.074323805422086,0.0007420592778554141,73.72971829301727,73.44251194346174,73.72166643707943,1.00010921966807,0.00010921966807015082,283.59838498687157,290.2834612277696,93.30293029629102,92.99933256154927,3.0395442467485414,3.1213499412552532,154178.7231458986,463811216765.3695,448180761649.20435,108714771.56547302,34536737.462006405,23674.043788057897,22105.615046898965,2315.753814729069,4.469661471042581,1.4550706160709126,0.4419160560372588
26,3480.0,58.0,0.9666666666666667,26.078813402488155,26.120592360000916,0.0007329452033730436,73.47280253752868,73.3132846469457,73.46491347639633,1.000107385427397,0.0001073854273969924,283.69761853440525,277.9165255169978,93.33600642415863,93.80167279564026,3.039530288505834,2.9628099076919114,149251.71083266975,463820314112.3002,427004967653.60095,108755606.86820748,34550303.68156554,23691.558547376946,22136.475798309006,2317.582985003617,4.474696744479669,1.4567399766958111,0.44244169629876584
26,3540.0,59.0,0.9833333333333333,26.035107197747813,25.95072815722734,0.0007239430692115464,73.22242658789527,73.25492364327322,73.21469307116176,1.000105627933535,0.00010562793353504378,283.7942229082773,290.01898360062575,93.36824699681424,90.33450094438177,3.039515381690313,3.210500756285665,144602.50895413477,463829132292.74316,504335745818.01276,108795360.90176392,34563527.377768025,23708.61871089162,22166.55098745416,2319.3670857530096,4.479604110256641,1.4583676843570776,0.44295448044481933
26,3600.0,60.0,1.0,25.991937906521276,25.868720604597737,0.0007150515005044498,72.97841734141579,72.83876291520231,72.97083286271354,1.0001039384971324,0.00010393849713248362,283.8882726523025,289.20806805880534,93.39967284811304,93.7803047347207,3.0394996470058606,3.0838891905597587,140199.02956330107,463837683287.0781,415041654175.37823,108834064.27667859,34576417.06774235,23725.236499600127,22195.861407451695,2321.10715702215,4.484386807522775,1.459954741456646,0.443454698643742
26,3660.0,61.0,1.0166666666666666,25.94929889672678,25.992075452023045,0.0007062691392715804,72.7406047760159,73.30411096637428,72.73316482325656,1.0001022910631954,0.00010229106319545794,283.97983913451617,284.7516591355754,93.43030642167669,92.06874323124163,3.039483118602191,3.092815749861901,135964.67985253516,463845974348.8657,512872238951.5211,108871746.31689101,34588981.948949546,23741.424007380483,22224.4274813736,2322.8043845741113,4.48904817029085,1.4615022287350525,0.4439426829953441
26,3720.0,62.0,1.0333333333333334,25.907183579169335,25.86044577638011,0.0006975946442116654,72.50882169076664,72.29885652256594,72.50152562318792,1.0001006332972446,0.00010063329724454791,284.06899183663216,277.6670579832231,93.46017036520419,92.56940081862102,3.03946580373871,2.9995555283681634,131758.2595286162,463854011221.14197,461179147698.1076,108908435.5779596,34601231.30883843,23757.19314504543,22252.269293415557,2324.459984607497,4.493591525016175,1.4630112391054162,0.44441877481311165
26,3780.0,63.0,1.05,25.865585535851558,25.771439987720616,0.0006890266904974789,72.28291358648413,72.30669042386337,72.27575717595222,1.0000990153657539,9.901536575374157e-05,284.1557956240851,284.48112267502745,93.48928451716246,89.19219882629595,3.0394477515968226,3.189529201192378,127711.18228285537,463861801516.2272,471304847219.22534,108944158.7091344,34613173.27265927,23772.55482444042,22279.40540203808,2326.074992788367,4.49801985388498,1.464482728997993,0.4448832641154117
26,3840.0,64.0,1.0666666666666667,25.82449839367525,25.795352364774633,0.0006805639695735059,72.06272731443863,72.10488967926152,72.05570577900419,1.000097445932401,9.744593240099666e-05,284.2403143655693,274.0772912026979,93.51766893693285,92.47590025232269,3.039428993437138,2.9637699168634364,123841.56377801158,463869351854.90393,468401525446.72076,108978941.95561138,34624816.060694665,23787.519888050418,22305.854203484985,2327.650470403396,4.502336151004528,1.4659176685156607,0.44533644879327294
26,3900.0,65.0,1.0833333333333333,25.783915896586418,25.81765104670689,0.000672205188956091,71.84810974111839,71.43274581995787,71.8412223569474,1.0000958695292903,9.586952929021806e-05,284.3226133502863,279.70391233466177,93.54534248221802,93.6310040255894,3.0394096146938905,2.9873001496194416,120005.68782474597,463876671741.9513,485436716063.65424,109012812.14032444,34636167.389478594,23802.099202092242,22331.634092172106,2329.187380983276,4.50654334683469,1.467316977005658,0.44577859985054236
26,3960.0,66.0,1.1,25.74383181853333,25.686226542790834,0.0006639490720360416,71.63891874324176,71.26601822902711,71.63216185498229,1.00009432757695,9.432757695004864e-05,284.40275098932557,288.31631191095755,93.57232415538014,93.4559599537437,3.039389622481374,3.0850500284161715,116307.14645093188,463883766200.5126,415335210853.00336,109045793.27088532,34647235.05075896,23816.30278943543,22356.762139965093,2330.686745234967,4.510644242535619,1.4686815740387082,0.4462100041216792
26,4020.0,67.0,1.1166666666666667,25.70424002867827,25.683849678663297,0.000655794357883655,71.43501497030441,71.48864887862256,71.42838345220163,1.000092841497767,9.284149776701341e-05,284.48078503298274,288.7598585369735,93.59863209476566,91.87598938385815,3.0393690448911146,3.142930601057628,112794.74075813264,463890641290.42065,437226311479.59564,109077909.08124515,34658026.47758295,23830.140476658155,22381.255085663273,2332.149524749525,4.514641557798303,1.4700123407939207,0.4466309321448443
26,4080.0,68.0,1.1333333333333333,25.66513444829978,25.647153830781257,0.0006477398010561416,71.23624077600846,71.62904875776469,71.22975020642218,1.0000911216109487,9.112161094860967e-05,284.5567869411176,295.8762800306805,93.62428389157202,94.30590047214521,3.039348074167039,3.137410051220203,108770.32335853185,463897312111.9575,448295442438.36383,109109188.92574054,34668548.855101824,23843.62382730494,22405.13186575888,2333.576558657477,4.518538300373525,1.4713101634548647,0.44704162319734175
26,4140.0,69.0,1.15,25.626509115968467,25.544369947675627,0.0006397841714074118,71.0424765690986,71.02037525192564,71.03612926035758,1.0000893532461173,8.935324611718757e-05,284.63080308211255,287.71527916808964,93.64929643372082,94.41221827632617,3.0393266572328885,3.0474369146375,104698.20402166176,463903779940.31323,466600367126.6665,109139651.86991292,34678809.11554028,23856.76103356536,22428.406845567875,2334.9687883285997,4.522336834196761,1.472575850136291,0.44744234102445235
26,4200.0,70.0,1.1666666666666667,25.58835813734305,25.48302923363765,0.0006319262539002002,70.85359740715711,70.36362459532933,70.84739145949611,1.0000875959937714,8.75959937713397e-05,284.7028846207342,291.3303484308084,93.67368602611995,94.25938174108717,3.039304811186225,3.0907305251697723,100722.42038858334,463910049838.5691,497635552628.916,109169318.9444032,34688813.94181131,23869.560848179477,22451.095033188474,2336.3270841222266,4.526039595755098,1.4738101944749564,0.4478333308167741
26,4260.0,71.0,1.1833333333333333,25.55067569451952,25.626278531682324,0.0006241648484204968,70.66948107985512,70.83921067697545,70.66341128315274,1.0000858973065716,8.589730657150139e-05,284.7730819523136,293.2868934572207,93.69746836826806,93.11797198817469,3.0392825645303767,3.1496271578430206,96949.22928682838,463916127377.75,454758392456.51495,109198210.86296526,34698569.76682867,23882.03185113227,22473.21110854006,2337.652277501975,4.529648960014111,1.4750139635467727,0.44821482713814786
26,4320.0,72.0,1.2,25.513456048293303,25.52123300264226,0.0006164987695942573,70.49001006481502,70.4226920593357,70.48406674211003,1.0000843215066852,8.432150668518203e-05,284.84144335601405,288.7826363352948,93.7206585488355,96.15458744812676,3.0392599429675395,3.003316263938905,93514.37910056482,463922017843.18896,437577627896.60645,109226347.47015226,34708082.773282826,23894.18227131672,22494.76918842476,2338.945168732027,4.533167207499776,1.4761878947959817,0.4485870558016165
26,4380.0,73.0,1.2166666666666666,25.476693538159267,25.38069881239675,0.0006089268466063654,70.31507152761054,70.1865869631949,70.309239268761,1.0000829515282799,8.295152827984756e-05,284.9080149948311,290.4393923252578,93.74327104566441,92.8095439011785,3.0392369694038748,3.1294129904841586,90584.93390706493,463927726234.52966,480462052184.1237,109253747.74119186,34717358.89359222,23906.0199855103,22515.7828265274,2340.2065267750513,4.536596523729088,1.4773326958490562,0.44895023381142796
26,4440.0,74.0,1.2333333333333334,25.440382582311706,25.321800974415485,0.0006014479230218176,70.14455732176658,69.39072334727786,70.13881361113394,1.0000818906157223,8.189061572224061e-05,284.9728409155925,286.9399758217374,93.76531972576863,92.34093724506381,3.0392136639542233,3.1073972647713846,88362.97947879531,463933257265.7251,462392143180.06714,109280429.78186736,34726403.809857205,23917.552517400778,22536.265013415567,2341.4370891947883,4.539938998667669,1.4784490443372151,0.44930456930769136
26,4500.0,75.0,1.25,25.40451767764435,25.434018472301666,0.0005940608566091044,69.97836398875941,69.83540448092694,69.97267773065323,1.0000812639774637,8.126397746373121e-05,285.0359630489583,284.7528615179402,93.7868178453338,93.51476822477007,3.039190043946456,3.0450041947761064,87092.9029373377,463938615365.0377,520092879821.574,109306410.82840711,34735222.953816324,23928.78703666017,22556.22817653955,2342.6375620631834,4.543196626213614,1.4795375877273544,0.44965026151359
26,4560.0,76.0,1.2666666666666666,25.36909336217077,25.4576962198847,0.0005867645191657617,69.81635171721004,69.97925000567292,69.8107225327906,1.0000806349542763,8.063495427639095e-05,285.097438225987,285.7984221657121,93.80778303397908,92.35214667991637,3.039166143844578,3.0946592195226588,85823.82000233846,463943807155.1992,503231689162.6537,109331714.24812034,34743823.549267784,23939.733292529767,22575.689110058993,2343.8088857602297,4.54637212564241,1.4805992034877935,0.4499875783135834
26,4620.0,77.0,1.2833333333333334,25.334104155474414,25.395660898552567,0.0005795577963460639,69.65834234539106,69.8715245862971,69.65284151600626,1.000078974945818,7.897494581805913e-05,285.1573415223127,280.8519615880672,93.82823691173876,92.69464701323666,3.039142063284757,3.0298617087129305,82395.7475056816,463948843875.879,475216354872.9732,109356370.91663477,34752214.453288004,23950.404019775568,22594.66921478199,2344.9521888901127,4.549469000470751,1.481634992054631,0.45031684452481135
26,4680.0,78.0,1.3,25.299544679351776,25.35822510507939,0.0005724395874908332,69.50433701768118,69.51771086242191,69.49893124162628,1.0000777821465499,7.778214654993458e-05,285.2156773266902,284.2678542195971,93.84817862502506,91.58980389334396,3.0391178763978277,3.1037063312268485,79991.05073445197,463953728903.1798,469196585268.3599,109380382.62787554,34760395.31135161,23960.799553598627,22613.168353245645,2346.067369274995,4.552487213625682,1.4826448992177168,0.4506380282226101
26,4740.0,79.0,1.3166666666666667,25.265409656838344,25.151330383261687,0.0005654088054593396,69.35421136445581,69.37200469322798,69.34889123298692,1.000076715451023,7.671545102312148e-05,285.27249002901965,288.885627038905,93.86762627498368,95.62085273298334,3.0390934697050773,3.021157193040354,77874.17043085596,463958460903.10925,457425530287.29895,109403767.62020925,34768373.54816949,23970.928075475298,22631.201464744187,2347.1554773278876,4.55542922998232,1.4836298000150485,0.45095142607382943
26,4800.0,80.0,1.3333333333333333,25.231693888551085,25.16144058041203,0.000558464376463266,69.20784340037596,69.4641162900937,69.20262378048406,1.0000754251733064,7.542517330644105e-05,285.32782995263733,285.0398517513167,93.88659492732255,93.20201407984325,3.039068891288571,3.0583014172540515,75335.14791411102,463963046548.0707,468700117936.8748,109426546.59308851,34776155.34014745,23980.79817250122,22648.783202171195,2348.2173090218157,4.55829742862257,1.4845904522646647,0.4512572658381728
26,4860.0,81.0,1.35,25.198392363185977,25.05590366928399,0.0005516052399027115,69.0651599329566,68.49960339448738,69.0600343284406,1.000074219547758,7.421954775801983e-05,285.38172763168325,288.6273982699778,93.90509372601932,96.67157407368742,3.0390441701099054,2.9856491014615423,73001.22390945026,463967489782.93005,471303602037.72394,109448732.09964612,34783744.43269397,23990.415009018878,22665.922357416763,2349.253342020883,4.5610932268349735,1.4855273067319272,0.45155568273472024
26,4920.0,82.0,1.3666666666666667,25.165500103380346,25.009482149095067,0.0005448303482042092,68.92607103193899,68.65568427979517,68.9210307170309,1.0000731317401328,7.313174013285512e-05,285.43421763894366,291.80278274371136,93.92313478798717,94.05986412087309,3.039019281918717,3.1023092098955796,70929.24799438132,463971792539.4774,460633641831.66034,109470338.34792283,34791145.791522145,23999.784684130762,22682.629732914374,2350.2642480593167,4.563818380433354,1.4864409553861329,0.4518468668552149
26,4980.0,83.0,1.3833333333333333,25.133011863523638,25.039352055206354,0.0005381386666607348,68.79047715107426,69.30630916789812,68.78552186515391,1.0000720396645395,7.203966453958369e-05,285.4853452893628,286.890098244052,93.94072904046,93.47425433921903,3.0389943553280823,3.0691884120618376,68876.11509859252,463975964641.92053,461149381116.88983,109491383.9931342,34798363.896443024,24008.914607718296,22698.9172861714,2351.25055383157,4.566474836205302,1.4873319687716995,0.45213097122081125
26,5040.0,84.0,1.4,25.100922520829698,25.005737853675615,0.000531529173273678,68.65828478335474,68.58943925781,68.6534193884803,1.0000708689373055,7.086893730539268e-05,285.5351505205227,287.52736786558836,93.95788768578056,93.09189004253322,3.0389694527342495,3.088640350241235,66702.30220457805,463980012430.8965,454283376852.8933,109511885.4675878,34805403.339715675,24017.81150568815,22714.796249260828,2352.2128367023233,4.56906442793462,1.488200916661194,0.452408161737198
26,5100.0,85.0,1.4166666666666667,25.06922732555409,25.03173533672732,0.0005250008585967567,68.52941429728786,68.23962274357064,68.52463852284177,1.000069694266895,6.969426689490936e-05,285.5836643913178,284.3700464382128,93.97462124416029,94.15279764790822,3.0389445640789363,3.0203037354411597,64553.37575722895,463983938185.9563,459222014147.1884,109531855.53935426,34812268.433191046,24026.480820126802,22730.27618752712,2353.1516745050412,4.571588709940894,1.4890483166184305,0.4526786023398084
26,5160.0,86.0,1.4333333333333333,25.037921956355298,25.059948765263417,0.0005185527255818472,68.40380199608973,68.70063604059037,68.39909819532062,1.000068769923774,6.876992377406735e-05,285.63090776431534,287.1895486582998,93.99093945244746,94.31211471056832,3.038919596168349,3.045097117582904,62894.1321437173,463987739522.8779,443804030735.40094,109551302.76786923,34818963.166468635,24034.92651616357,22745.364752235608,2354.067645459335,4.574048914303145,1.4898746258844673,0.452942454611978
26,5220.0,87.0,1.45,25.00700099964732,25.080781619165464,0.0005121837894267089,68.28134355627465,68.18770135864703,68.27671488654862,1.0000677928007187,6.779280071870128e-05,285.6769274983629,294.7306071683587,94.0068540447317,90.92323113579222,3.0388946678550477,3.2415324828061136,61159.0834752295,463991425948.067,437894577864.9447,109570246.44498265,34825492.35165468,24043.156349253288,22760.074474735917,2354.9613296525467,4.57644710901636,1.490680460411923,0.45319988775055187
26,5280.0,88.0,1.4666666666666666,24.976459494184816,25.036652449444702,0.0005058930774245778,68.1619514794442,68.26611039452389,68.15740886164635,1.0000666489215733,6.664892157320448e-05,285.72175968624384,288.10409310888275,94.0223759279677,95.92797717905441,3.038869810151794,3.003337520305697,59149.848565269735,463995002043.56177,450768196704.4546,109588701.41902739,34831860.46069878,24051.176515417363,22774.415865346178,2355.833307476564,4.5787850217062065,1.4914663723593904,0.45345106841307814
26,5340.0,89.0,1.4833333333333334,24.94629284031552,24.921018011819783,0.0004996796288156088,68.04555203337745,68.13888304898548,68.04110365931045,1.0000653777470934,6.537774709342705e-05,285.7654336476117,285.20077988034814,94.03751458363135,91.49508975935257,3.0388450281027892,3.11711569036627,56950.01337084754,463998470643.79565,452228453962.93945,109606679.74694991,34838071.38060498,24058.9921120191,22788.397780789634,2356.6840937555426,4.581064094889818,1.4922328342092124,0.4536961434474964
26,5400.0,90.0,1.5,24.91649745984369,24.837464196818285,0.000493542494640142,67.93211037363089,67.9240228930461,67.92772845129906,1.0000645085951163,6.450859511624193e-05,285.80795956885305,274.89677950008405,94.05227546639402,95.63863484292267,3.038820253434225,2.8743277228034025,55479.01106712506,464001829646.4346,475128657956.5336,109624185.59873608,34844127.34532452,24066.605119047512,22802.024406585013,2357.514016662497,4.583284957902599,1.4929800907870456,0.45393520292668477
26,5460.0,91.0,1.5166666666666666,24.887067895523113,24.870835200011577,0.0004874807375937707,67.8215201186028,68.10959778367673,67.8172069282221,1.0000636002362242,6.360023622418614e-05,285.8493828335205,282.89044874592497,94.06667143855407,93.11054168578764,3.0387955527930224,3.0382214905436995,53959.005968435595,464005086030.7213,479201971935.8038,109641237.65448838,34850033.63031621,24074.02326663211,22815.308521303104,2358.3237495031653,4.585449744954538,1.4937088087757848,0.454168442371055
26,5520.0,92.0,1.5333333333333334,24.857999419009115,24.84697878411993,0.0004814934318841908,67.71370263663488,67.82899320469916,67.70946732656202,1.0000625512242245,6.255122422438722e-05,285.8897351718516,287.5233576228748,94.08071248892102,96.59392303822747,3.03877094048919,2.9766195282190386,52223.3307361042,464008243253.06946,438531712046.3632,109657848.96656293,34855794.33155942,24081.252062556276,22828.25957018814,2359.1138325958227,4.58756001118136,1.4944194927925514,0.45439601690471276
26,5580.0,93.0,1.55,24.829287459261025,24.830826837587644,0.00047557966308980627,67.60858451240183,67.6609658189043,67.60444013219872,1.0000613033729,6.130337289993281e-05,285.9290460678041,293.24545645494135,94.09440795249083,95.76000911075215,3.0387464280786216,3.062295619832132,50188.224317695836,464011304457.6244,462878204209.9839,109674031.66319662,34861413.27679838,24088.296629965975,22840.886371897817,2359.884771641652,4.589617204792226,1.4951126137002522,0.45461807161465195
26,5640.0,94.0,1.5666666666666667,24.80092869343206,24.92949186411048,0.0004697385280200745,67.50613372173588,67.15825723095311,67.50206191699311,1.0000603211905996,6.032119059965395e-05,285.96732718129806,286.3721444160338,94.10776197630486,96.77870916337099,3.038722005240131,2.9590407527818168,48619.09045964227,464014270310.7234,469842827945.148,109689790.53581658,34866892.16372964,24095.159001093096,22853.192773179013,2360.6367933786896,4.59162190326683,1.49578836699789,0.4548346695106784
26,5700.0,95.0,1.5833333333333333,24.77291821474078,24.960936338505917,0.0004639691345775627,67.40626571586598,67.04939200623963,67.40226498541372,1.000059356023913,5.9356023912958635e-05,286.0046127906233,277.69266194625857,94.12078529082169,89.51127739013305,3.0386976894307045,3.102320400768507,47100.3933021799,464017144622.9968,474141709905.3966,109705139.68713051,34872235.393450886,24101.845140630467,22865.18893004026,2361.3704796807415,4.593575794864815,1.4964472996000024,0.45504597840238015
26,5760.0,96.0,1.6,24.74525175948003,24.712984959488143,0.0004582706016217024,67.30891727090422,67.30860510255957,67.30498549273035,1.0000584173392963,5.8417339296347664e-05,286.0409279910571,278.31924104807155,94.13348595364567,93.94646875478014,3.038673486838815,2.9625300954583267,45645.76841852174,464019929928.4983,476788226206.1831,109720089.44011056,34877446.26973967,24108.35942297094,22876.882436942575,2362.086268938242,4.59548012048036,1.497089816972343,0.45525212394911163
26,5820.0,97.0,1.6166666666666667,24.71792511006521,24.91093479690071,0.0004526420588342154,67.21402663509163,67.3585643560334,67.21016120355775,1.0000575126061992,5.7512606199152095e-05,286.0762973237364,276.01242613095656,94.14587181861785,93.4671387738472,3.0386494043508687,2.9530424248761413,44264.891578086164,464022628746.1406,452788142487.23285,109734649.89022991,34882528.0129188,24114.706124906865,22888.280711514657,2362.784588227839,4.597336092910979,1.497716314944145,0.4554532286566264
26,5880.0,98.0,1.6333333333333333,24.69093366844875,24.596034190042456,0.00044708264658619226,67.1215175569917,66.97803095510712,67.11772999852009,1.0000564315639355,5.643156393546429e-05,286.11075419464913,283.2844515260156,94.15795192476251,93.0346021607842,3.03862550476106,3.0449364531751093,42637.160944802585,464025246860.14307,433327723140.6202,109748834.78955948,34887484.331737995,24120.890888180293,22899.39291308822,2363.4659027880753,4.599145253465391,1.4983272668611844,0.45564942822577503
26,5940.0,99.0,1.65,24.664273630317783,24.556855877971568,0.0004415915158068049,67.03134324867423,67.07722311629071,67.02763387062673,1.0000553410262798,5.534102627974179e-05,286.14431494839573,289.71347695497906,94.16973267314297,93.61731823650082,3.0386017547865833,3.094656869181941,41024.557238674155,464027784290.43823,464362181338.8583,109762650.85563326,34892317.8492523,24126.916693323044,22910.224661835065,2364.1305797586574,4.6009084901020145,1.498922983581532,0.4558408265094238
26,6000.0,100.0,1.6666666666666667,24.637940939220126,24.767984856727413,0.0004361678278536298,66.94344722710285,67.12369720420764,66.93981525314847,1.0000542573047244,5.4257304724386226e-05,286.1770019610464,276.3037390736886,94.18122123218883,94.62479300209442,3.038578160454328,2.91999306215204,39451.726517352276,464030243335.4551,459862553691.8286,109776107.29406112,34897031.50486426,24132.787445097085,22920.7827425043,2364.77900949331,4.602626911606606,1.4995038271343883,0.4560275356001551
26,6060.0,101.0,1.6833333333333333,24.611931596212592,24.589846543809703,0.0004308107543845662,66.85777490769019,66.80388651859931,66.85421806020024,1.000053203037791,5.320303779102614e-05,286.208836803119,286.62604189876475,94.19242452949238,94.33823779613594,3.0385547270152795,3.038280644145176,37950.49005395736,464032626190.9199,469569540125.3198,109789212.97919032,34901628.13922094,24138.50691075473,22931.073711803117,2365.4115696161853,4.604301588651559,1.5000701474183273,0.4562096639464568
26,6120.0,102.0,1.7,24.586241659860992,24.532149761614992,0.0004255194772313248,66.7742736042979,67.00924587191344,66.77078764693321,1.000052207821527,5.220782152700103e-05,286.2398402395784,279.7137203710066,94.2033492518087,96.08602118943672,3.038531458944732,2.911076105644357,36559.949955182856,464034934949.8563,531387884900.2628,109801976.45408261,34906110.49420503,24144.07871983775,22941.10389839679,2366.0286250003946,4.605933553681474,1.500622282163028,0.4563873163404848
26,6180.0,103.0,1.7166666666666666,24.560867246240132,24.65420101981665,0.0004202931882744723,66.69289252923669,66.58062432616462,66.68947077087877,1.000051308824592,5.130882459200045e-05,286.27003222983706,281.0205793811823,94.2140018450556,94.38184885752187,3.0385083599424734,2.977485425247484,35326.74305780533,464037171602.5852,492241164770.2668,109814405.93049455,34910481.21292639,24149.506363986104,22950.879402908642,2366.630527747473,4.607523800804348,1.5011605568927369,0.4565605939063673
26,6240.0,104.0,1.7333333333333334,24.535804528933806,24.412086611193974,0.00041513108932000995,66.61358279326622,66.20882818154391,66.6102155544112,1.0000505513880564,5.0551388056529304e-05,286.2994319277546,284.6726107305659,94.2243885143137,93.85888784899029,3.038485432932925,3.0329851253786013,34305.667378603466,464039338036.72473,446623626679.95074,109826509.28885666,34914742.83971441,24154.79319675539,22960.40609792011,2367.217617167744,4.609073285687199,1.501685284891356,0.4567295940890146
26,6300.0,105.0,1.75,24.511049739034814,24.47055951699113,0.0004100323919774678,66.53629740559522,66.59802766173613,66.53297144827712,1.0000499896103496,4.9989610349548956e-05,286.32805768163803,281.58892731314364,94.23451522382628,94.70436748754634,3.0384626800652628,2.973346792587709,33560.990303005805,464041436037.19006,493088724334.8674,109838294.07825556,34918897.82011002,24159.94243344282,22969.68962797068,2367.790219761582,4.610582925456967,1.5021967671691048,0.4568944106434354
26,6360.0,106.0,1.7666666666666666,24.48659916514494,24.530330386824946,0.0004049963175394964,66.46099127388142,66.22722998982204,66.45768919617171,1.00004968691734,4.96869173401119e-05,286.3559270342417,285.5808642011092,94.24438769699948,94.51227040760219,3.038440102713497,3.0216273820265585,33168.84646729864,464043467286.19446,465304771741.9893,109849767.51641619,34922948.50085901,24164.95715092159,22978.73540955793,2368.3486492014536,4.612053598605701,1.502695292430702,0.457055133624511
26,6420.0,107.0,1.7833333333333334,24.46244825088049,24.39481598973154,0.0004000220968629374,66.38755882208395,66.88626794602787,66.38431807687056,1.0000488179333202,4.8817933320289764e-05,286.38308526343775,285.8753845680083,94.25401905314361,92.30880627950013,3.038417758100748,3.0969459587897985,32031.090129801676,464045438253.93713,476730604226.76483,109860948.241873,34926900.26788795,24169.845170046363,22987.556124488554,2368.8936066047763,4.613487498177854,1.503181552563186,0.45721196857249113
26,6480.0,108.0,1.8,24.43859372312626,24.460762080219684,0.0003951089702513553,66.31598109945526,66.31304618594251,66.31281238904224,1.000047784286307,4.778428630701489e-05,286.40953807787633,287.59364651153754,94.26341179858157,96.64035090444922,3.038395625758435,2.975916827908548,30700.507465980667,464047348665.426,477347423827.0091,109871838.60022572,34930754.14640458,24174.607542706726,22996.154049128636,2369.4252366725696,4.614884941075196,1.5036556629547384,0.45736495548517464
26,6540.0,109.0,1.8166666666666667,24.415032124191104,24.518831044527317,0.0003902561873390107,66.2462243203232,65.8015843618148,66.24312685879434,1.0000467589873203,4.675898732038196e-05,286.43529803639814,295.8294258125861,94.27257024727682,93.98744465022997,3.0383736996358404,3.1475419606682786,29407.882662591524,464049199454.8456,463767169630.28406,109882443.75800261,34934511.90450701,24179.246491142505,23004.53324181717,2369.943778558313,4.616246568047394,1.5041178379751798,0.4575141625795407
26,6600.0,110.0,1.8333333333333333,24.391759895938495,24.370443404804497,0.00038546300697625974,66.17824567935523,65.9224054405618,66.17521690099359,1.0000457690734308,4.5769073430770316e-05,286.46038188747286,277.89097200464556,94.28149980893636,95.28189015548722,3.038351982817323,2.916514056880745,28185.901651258322,464050992309.64294,463276681743.28015,109892770.60717759,34938175.76068367,24183.764953161037,23012.698844335846,2370.4495285857056,4.617573217742379,1.5045683523058084,0.4576596751994906
26,6660.0,111.0,1.85,24.36877353298308,24.3408376556732,0.0003807286971163611,66.11200394079738,65.77773059733293,66.10903905768407,1.000044848377099,4.4848377098936504e-05,286.4848057244803,286.59424933462486,94.29020569268987,93.72621527007584,3.038330477909763,3.0577810968766004,27072.682685656127,464052728840.34717,448305619181.4923,109902825.77025944,34941747.8511467,24188.165753286434,23020.655809928383,2370.9427722940045,4.61886569696264,1.5050074703960243,0.4578015755792042
26,6720.0,112.0,1.8666666666666667,24.34606958269066,24.273144775430787,0.00037605253470367244,66.04745943847429,66.03063107085597,66.0445509687783,1.0000440379963726,4.403799637263799e-05,286.50858498571006,271.5376926830993,94.29869290708963,90.97031118676834,3.038309187042502,2.9849045159976817,26111.94199073921,464054410580.5658,521331041883.0014,109912615.6002791,34945230.229826495,24192.451602638917,23028.408903300526,2371.423784424748,4.620124780596022,1.5054354464399555,0.4579399428355768
26,6780.0,113.0,1.8833333333333333,24.323644645178202,24.2684981829948,0.0003714338055632205,65.98457407578917,66.28422186969998,65.98171134354715,1.0000433867534462,4.3386753446218645e-05,286.53173445436175,288.711146988091,94.30696626011063,97.55997296620667,3.0382881118672693,2.959319669841404,25353.6687295811,464056038986.989,451508695246.2059,109922146.18077865,34948624.86836733,24196.625098820878,23035.962700620057,2371.89282890916,4.621351211549957,1.5058525243542276,0.4580748529610319
26,6840.0,114.0,1.9,24.301495373313838,24.145752964921375,0.0003668718042916279,65.92331132572383,66.047086460793,65.92047993288217,1.0000429516418046,4.295164180447999e-05,286.5542682585451,283.8444163922601,94.31503035915044,94.743866714785,3.0382672535581032,2.9959133634131647,24855.62890881793,464057615439.38525,452404028581.2954,109931423.32579899,34951933.65612243,24200.688725806438,23043.321589516796,2372.350158856002,4.622545700688377,1.5062589377565976,0.4582063788166124
26,6900.0,115.0,1.9166666666666667,24.279618472716862,24.350411681834853,0.00036236583414937855,65.86363623083867,65.78653070753012,65.86081750229465,1.000042798262319,4.279826231910629e-05,286.5761998712797,291.4369477626363,94.32288961102931,96.67797764741921,3.0382466128112546,3.0145122483374176,24686.104740199826,464059141240.6051,480831593780.0515,109940452.57987055,34955158.40014988,24204.644853838196,23050.489769082582,2372.7960165400873,4.623708926772011,1.5066549099457394,0.4583345901254279
26,6960.0,116.0,1.9333333333333333,24.25800980592254,24.193338612486414,0.00035791520695440765,65.80546620855975,65.89683687623949,65.80268341198146,1.000042290016668,4.229001666793607e-05,286.597564169911,291.6519714203899,94.33055451914743,94.88559002319116,3.038226220876681,3.0737224835626438,24110.578838865178,464060620676.57104,443359493110.87854,109949248.29714584,34958303.41272229,24208.499578362695,23057.477159146114,2373.2309733056054,4.624842621949448,1.507040995154906,0.45845965453339144
26,7020.0,117.0,1.95,24.236666072849005,24.310568680633853,0.0003535192429769973,65.74876333387441,65.69544407911634,65.74604018285768,1.00004141923999,4.14192399899708e-05,286.61837605559913,278.95447693214487,94.33802987086084,96.96535668948826,3.0382060813433407,2.876846808550806,23134.73061346309,464062055276.14185,454844366217.98035,109957816.61023715,34961370.65753628,24212.255519317332,23064.28831526447,2373.655292013922,4.625947535870353,1.50741743852027,0.4585816480683471
26,7080.0,118.0,1.9666666666666666,24.215584482716377,24.306837954341297,0.0003491772708359639,65.69351632279816,65.12873445312334,65.69085247439737,1.0000405512837853,4.055128378527848e-05,286.6386385321183,287.38772777688143,94.34531704368341,92.76281737713053,3.038186181508087,3.098091842214068,22181.675747238267,464063444931.772,468521883848.3222,109966158.75512591,34964360.69727892,24215.913225914293,23070.92459287123,2374.069051408035,4.627023832571208,1.5077843008414291,0.4587005920832157
26,7140.0,119.0,1.9833333333333334,24.19476184828635,24.180453854921915,0.00034488862739612015,65.6396907926188,65.54799216559506,65.63708465629927,1.0000397052418335,3.970524183356008e-05,286.6583650096751,270.9526391598288,94.35242037221225,99.25346360795238,3.0381665237503426,2.7299061343600255,21271.715706659972,464064790993.4053,435300572496.9847,109974280.25090486,34967275.30981322,24219.4750582711,23077.3901220219,2374.4724897985034,4.628072188085117,1.5081418036465477,0.4588165554460635
26,7200.0,120.0,2.0,24.174195028552493,24.113545260277544,0.0003406526576669966,65.58725357219664,65.32096670429502,65.58470198473692,1.0000389052230552,3.890522305512966e-05,286.67756840391974,292.14977870856967,94.35934403629362,94.56679614365632,3.0381471101966797,3.0893483825418513,20428.72060441515,464066094756.33435,460195744906.17975,109982186.41319409,34970116.20952338,24222.943290361785,23083.68888723778,2374.8658370958674,4.629093254039869,1.5084901605593055,0.4589296045999731
26,7260.0,121.0,2.0166666666666666,24.153880928740254,24.21270910130656,0.00033646871470280744,65.53617270196456,65.49789856257586,65.5336705800943,1.000038180706927,3.818070692693332e-05,286.69626113594603,277.12466087284264,94.36609206102285,95.66030326396128,3.038127942720684,2.8969661543739385,19680.16357667272,464067357461.20044,451929215616.8056,109989882.35413319,34972885.04731165,24226.32010994239,23089.824727505893,2375.249314802222,4.630087657614759,1.5088295772842315,0.45903980355825746
26,7320.0,122.0,2.033333333333333,24.133816500306953,24.328695383530576,0.00033233615950364393,65.48641743392793,65.61479194826825,65.48395740527147,1.0000375668904864,3.756689048636739e-05,286.7144551322912,293.1586431252493,94.3726683167444,93.04377395448012,3.038109022942821,3.1507604503303095,19057.400896920106,464068580293.99475,440206801337.9557,109997372.98237437,34975583.41059542,24229.60761847932,23095.801336279066,2375.6231360032198,4.631056001499335,1.509160251592661,0.4591472138998949
26,7380.0,123.0,2.05,24.1139987409418,23.99146857583243,0.00032825436091788276,65.43795823166465,65.2591161561667,65.43553024453739,1.0000371050271648,3.7105027164737376e-05,286.7321618249363,286.8935602938716,94.37907651905186,93.90086339396456,3.0380903522302956,3.0552813885235435,18596.367636300674,464069764386.0564,481325953381.8252,110004663.00307563,34978212.82330461,24232.807831081853,23101.622261475855,2375.9875053603746,4.6319988638542675,1.509482373309364,0.4592518947651585
26,7440.0,124.0,2.066666666666667,24.094424694565866,23.981502762893832,0.00032422269554579174,65.39076677032516,65.47907225454794,65.38835768291501,1.000036842757572,3.684275757200562e-05,286.7493921513058,277.20201872634004,94.385320228788,93.29355798767068,3.0380719316969147,2.9712878863830445,18338.90605895807,464070910814.07385,484587991007.2619,110011756.9178949,34980774.745878994,24235.92267643714,23107.290905480597,2376.342619103768,4.632916798273833,1.5097961242997862,0.45935390285145683
26,7500.0,125.0,2.0833333333333335,24.075091338002103,24.03927914355394,0.00032024054764432036,65.34480704067116,65.47870909151997,65.342408818608,1.0000367023822125,3.6702382212554556e-05,286.7661595110581,288.7982481039931,94.3914042192957,89.09291729280454,3.038053749521789,3.241539921235888,18203.773511375166,464072020455.6477,483958875365.6074,110018660.24110353,34983271.13659729,24238.954561556136,23112.811593727325,2376.6887467519427,4.633810509655991,1.5101017438226014,0.45945331543723666
26,7560.0,126.0,2.1,24.055995432717207,24.037316508496744,0.0003163073090330593,65.30002371139673,65.58945421311836,65.29765291690302,1.000036307499394,3.630749939406551e-05,286.78248363415247,291.61186343369155,94.39733626505323,96.44731192491065,3.038035764366394,3.023535416525936,17818.316206915624,464073093800.3363,477419080793.42487,110025381.09050855,34985705.18590969,24241.907110808606,23118.190972619148,2377.0263380560173,4.634681084423299,1.5103996140806402,0.459550260522823
26,7620.0,127.0,2.1166666666666667,24.03713396865204,24.22142595019128,0.00031242237900135474,65.25637874601698,65.07253237555538,65.25406045156771,1.0000355272060195,3.552720601943413e-05,286.7983785201907,268.64395697211614,94.40312149824425,95.7657942766562,3.038017959242213,2.8052182828039323,17064.53935081511,464074131606.4177,444480616860.62256,110031925.22750217,34988078.999557674,24244.782856303165,23123.433611103203,2377.355685090146,4.635529269458029,1.510689991205603,0.4596448217261666
26,7680.0,128.0,2.1333333333333333,24.018504168905228,24.034215334903156,0.00030858516421656423,65.21387580297909,65.78680443257966,65.21160306629308,1.0000348517223798,3.485172237982176e-05,286.81384581341615,293.6832191451556,94.40875844703042,94.29238776614986,3.0380003988119144,3.114601571799259,16425.433114263284,464075136138.32007,447567930716.719,110038293.3399334,34990391.972866476,24247.58189295583,23128.539069726372,2377.6766774218067,4.636355029176929,1.510972826108394,0.4597369706861798
26,7740.0,129.0,2.15,24.000103057730595,24.04283772357164,0.00030479507863343875,65.17248599306234,65.16521113373464,65.1702525623191,1.000034270708727,3.427070872705241e-05,286.8288969869259,277.76127980392533,94.41425080125083,92.12994377992842,3.0379830857390644,3.014886023022179,15885.754864831764,464076108549.3585,426634142095.0902,110044490.15346766,34992645.61986731,24250.306248690307,23133.510818665323,2377.989518733307,4.637158946734601,1.5112483095822604,0.4598267666196878
26,7800.0,130.0,2.1666666666666665,23.981927875918316,23.992649633903078,0.0003010515434046178,65.13217780698633,65.09350006226168,65.12998183291454,1.000033716792328,3.371679232814227e-05,286.84354328446364,290.18877831885067,94.41960283602359,93.51614058223464,3.037966001431063,3.1030876222235597,15379.601224880129,464077049281.5681,481840030679.36304,110050520.2863698,34994841.69444381,24252.957966761474,23138.352642818598,2378.2944541139013,4.637941628706287,1.5115166524521664,0.45991427931565854
26,7860.0,131.0,2.183333333333333,23.963975893592593,24.012374897579715,0.00029735398679222425,65.09292601080516,65.06199625842396,65.09076441281094,1.0000332089815462,3.3208981546258386e-05,286.85779416319207,293.8626550617085,94.4248178372087,96.17868791327798,3.037949140211673,3.055382241507364,14922.863767484772,464077959027.704,477828790245.7078,110056387.62453485,34996981.54457,24255.538736249757,23143.06757329081,2378.5916681982126,4.638703567325088,1.5117780203784568,0.459999561827515
26,7920.0,132.0,2.2,23.946244385123975,23.830305606382066,0.0002937018440805443,65.05470521209561,64.86840656696506,65.0525744100174,1.0000327550769135,3.275507691337121e-05,286.8716597806876,289.45789273595864,94.42989891153088,96.9870761809002,3.0379325095905356,2.984499627518021,14520.596381626881,464078838988.7649,442922387883.2237,110062096.34973663,34999066.44466165,24258.050335794847,23147.65866022289,2378.881330153933,4.639445268987391,1.5120325760806592,0.4600826636216473
26,7980.0,133.0,2.216666666666667,23.928730648088695,23.95220885330748,0.00029009455748978054,65.01748267711464,64.60191929599043,65.01538653537557,1.0000322407025595,3.22407025594342e-05,286.8851531115151,287.04474242960015,94.43485007913497,95.30074166818392,3.037916117525571,3.011988547046427,14070.841805113823,464079690664.1925,499511630500.5934,110067651.80822596,35001098.043830276,24260.495046707787,23152.129835595977,2379.163659884699,4.640167385704849,1.5122805300589635,0.46016364902035223
26,8040.0,134.0,2.2333333333333334,23.911432068043347,23.816872443799983,0.00028653157609086417,64.9812327289654,65.03657020279095,64.97917622412479,1.000031648675162,3.164867516197137e-05,286.89828417211515,289.050333948392,94.4396745273605,92.72968016485589,3.0378999674442624,3.1171285551132604,13561.378225832716,464080515109.6575,501948936775.1123,110073058.12183458,35003077.64952719,24262.87463479281,23156.484183722016,2379.438832864772,4.64087042420919,1.5125220474903527,0.4602425690822649
26,8100.0,135.0,2.25,23.894345970726445,23.925517964905104,0.00028301235572131305,64.94593956736122,65.45320276734053,64.9439193107443,1.0000311077101345,3.110771013448585e-05,286.9110600280547,287.8481801331972,94.44437399242885,93.62163763447928,3.037884078209412,3.074590312733298,13104.134678820446,464081313593.40405,462716639316.3562,110078318.20591551,35005005.97398488,24265.190300514834,23160.723602533326,2379.706937363607,4.641554713989173,1.5127572259877686,0.4603194505597137
26,8160.0,136.0,2.2666666666666666,23.877469702442138,23.780681665087986,0.00027953635890212394,64.91157525957762,64.60768621302067,64.90959219114536,1.0000305512385044,3.05512385043661e-05,286.923491626909,285.3725933380855,94.4489519355138,94.09598887756033,3.037868454303332,3.032781702410485,12641.752920304822,464082087297.82275,450021839564.3682,110083436.5676114,35006884.43706213,24267.443974325157,23164.851447312136,2379.968163813038,4.642220808935992,1.5129862456986443,0.4603943489884097
26,8220.0,137.0,2.283333333333333,23.860801929034068,23.856284213419745,0.0002761030547556848,64.87813454499401,65.47862437890763,64.87617439630844,1.000030213690986,3.0213690986080823e-05,286.9355752648606,282.1156038287544,94.45341094763282,94.87752379884277,3.0378529730804997,2.973471403268172,12366.093480580721,464082831881.8927,449518046854.93085,110088411.65464121,35008714.10271849,24269.635333411177,23168.86834996482,2380.222706323707,4.642868723428013,1.5132091822102156,0.4604673125661005
26,8280.0,138.0,2.3,23.844339270180676,23.946591481696462,0.00027271191892469575,64.84558254425014,65.23058039514454,64.84364179173969,1.0000299297272148,2.992972721493586e-05,286.94732814931683,291.1528707363595,94.45775419264776,94.30509527706553,3.037837714880286,3.0873503693619218,12136.787968126326,464083551581.7527,440776298900.07495,110093250.56929812,35010496.268300846,24271.76721282833,23172.778500204327,2380.4707077713656,4.643499206251114,1.513426236104653,0.4605383880552347
26,8340.0,139.0,2.316666666666667,23.8280790157965,23.902629218774983,0.00026936243349208564,64.81389407981656,64.93219309115074,64.81197211493587,1.0000296544730545,2.9654473054538237e-05,286.9587606380634,285.2403104858558,94.4619846467812,92.33081226969284,3.0378226935531734,3.0893295907836893,11916.535264994585,464084247824.0311,482592120809.2958,110097957.57908165,35012232.15473926,24273.84141396724,23176.584922358506,2380.7123278931904,4.644112766045055,1.5136375671615472,0.4606076227337601
26,8400.0,140.0,2.3333333333333335,23.812018561484756,23.76831063420913,0.0002660540869019123,64.78304550403317,65.13918787943925,64.78114379504487,1.0000293559032287,2.935590322881572e-05,286.9698820087777,284.6189422879321,94.46610525666712,96.8570113726245,3.0378079124684167,2.9385476410474536,11679.652066623443,464084921592.3286,476484691917.55365,110102536.50450662,35013922.97092694,24275.85957560863,23180.290456987146,2380.947729133758,4.644709873810452,1.5138433288071935,0.46067506398827085
26,8460.0,141.0,2.35,23.79615530284866,23.89405703460426,0.0002627863738812343,64.75301316923985,64.77088721040965,64.75113573126904,1.0000289946724426,2.899467244245149e-05,286.98070153913727,286.03013629652656,94.47011896893953,93.92953285401833,3.0377933749982104,3.045156593518501,11395.752468012028,464085573870.2455,521713356033.9646,110106991.166127,35015569.925773844,24277.823336991773,23183.897944650005,2381.177073993261,4.645291000817487,1.5140436745620063,0.46074075923685776
26,8520.0,142.0,2.3666666666666667,23.78048663549143,23.796154851149804,0.0002595587953629419,64.7237734277765,64.87905862412188,64.72192728483603,1.0000285242269182,2.8524226918344517e-05,286.9912285068195,285.9094951129863,94.47402873023239,91.4122827670028,3.0377790845176498,3.1276923238174663,11030.625703247204,464086205641.3823,470043311667.083,110111325.38453364,35017174.22820583,24279.73433779602,23187.410225906864,2381.4005250254377,4.645856618595232,1.514238758036866,0.4608047559279256
26,8580.0,143.0,2.3833333333333333,23.765009955016282,23.795949403801874,0.0002563708584095371,64.69530263198297,64.80642262312226,64.69349827109845,1.0000278909153584,2.789091535843714e-05,287.00147218950184,289.96039816682145,94.47783748717966,93.56338624710821,3.037765044404695,3.0990797767944542,10547.801970889112,464086817889.33936,469857020545.474,110115542.9803533,35018737.087164015,24281.594218123646,23190.8301413175,2381.618244835605,4.646407198921619,1.5144287329297113,0.46086710153906507
26,8640.0,144.0,2.4,23.749722657026435,23.90204521157539,0.0002532220761378476,64.66757713419919,64.80700102545522,64.66582895175532,1.0000270340993413,2.7034099341405506e-05,287.01144186486175,278.028957716914,94.48154818641535,93.11773246984299,3.037751258040123,2.98577886662947,9911.117081368311,464087411597.7175,472527995479.39185,110119647.77424675,35020259.71160428,24283.404618482324,23194.160531441677,2381.83039607871,4.646943213813387,1.5146137530220969,0.4609278435759445
26,8700.0,145.0,2.4166666666666665,23.73462261087683,23.598282573635668,0.000250111967644668,64.64060286004508,64.91005680826797,64.63890086576582,1.0000263308047703,2.6330804770228848e-05,287.0211342680483,284.3615557176492,94.48516043998646,96.05189038363233,3.0377377032698556,2.9604993153378447,9403.460990004221,464087985651.2363,452645800537.97925,110123638.40966612,35021741.941526294,24285.165017083375,23197.400684493223,2382.0369661008026,4.64746453175977,1.5147937876056767,0.460986976847912
26,8760.0,146.0,2.433333333333333,23.719708090497427,23.801754946101603,0.00024704005793331214,64.61436812036646,65.15359790674525,64.61269663911348,1.0000258692383994,2.586923839938097e-05,287.03055295008903,286.68069363776493,94.48867602722831,95.07576543171758,3.037724360402478,3.015286727758779,9077.90725526244,464088539748.76917,499521040845.45416,110127516.34479415,35023184.50712095,24286.876097991015,23200.552004574736,2382.238061767168,4.647971367712639,1.5149689189302276,0.46104453104691556
26,8820.0,147.0,2.45,23.704969914760653,23.533974615486503,0.00024400587784106884,64.58880470653747,64.68270165254636,64.58718642399349,1.0000250557832535,2.5055783253407326e-05,287.03972469596505,285.2604990048359,94.49210340988873,94.22302201799336,3.037711240809631,3.027503182294036,8517.102992416283,464089076784.3628,442750531504.6195,110131292.61465162,35024590.880633324,24288.54260673684,23203.622684914557,2382.434151105226,4.648465089623741,1.5151395919822734,0.4611006434078724
26,8880.0,148.0,2.466666666666667,23.690400751799956,23.75488229282753,0.00024100896396754808,64.56387141648831,64.47418243244128,64.5623445955744,1.0000236487835668,2.3648783566854733e-05,287.04866541638836,292.0999602715242,94.49544780609598,94.5472341198368,3.0376983450611323,3.0894606594339193,7588.389210165283,464089598226.82605,494230314769.31757,110134973.77031803,35025963.20292583,24290.167381345047,23206.617674710247,2382.6255256017503,4.648946521962699,1.5153060785389476,0.46115539903076064
26,8940.0,149.0,2.4833333333333334,23.67600972652126,23.863434354331545,0.00023804885860390735,64.53961794203855,64.9812921960834,64.53817384121896,1.0000223759169748,2.2375916974905406e-05,287.05735589212907,290.4366298148732,94.49870292996232,92.85501701843391,3.0376856717798715,3.1278506982257586,6794.354234964914,464090102288.3004,467191361213.89136,110138551.89759678,35027298.89475833,24291.746985141683,23209.531004974488,2382.811833011843,4.649414663748367,1.5154680487851886,0.4612086946823859
26,9000.0,150.0,2.5,23.66179683892457,23.69049024286722,0.00023512510966294733,64.51604428318818,64.77290809926875,64.51466107515989,1.0000214402122747,2.1440212274777154e-05,287.06579612318734,283.07304420576367,94.50186878148774,92.40856950223395,3.0376732209069446,3.0632769853549187,6238.750913030232,464090588968.78577,457180910094.7155,110142026.99619782,35028597.9560014,24293.28141382801,23212.36267570726,2382.9930727563797,4.649869512406301,1.5156255017908569,0.46126053003962975
26,9060.0,151.0,2.5166666666666666,23.647762089009884,23.7109687637052,0.00023223727061006622,64.49315043993722,64.09668143212602,64.49179335132692,1.0000210428108722,2.1042810872268077e-05,287.0739861095629,279.98597090284085,94.50494536067228,93.11165177355892,3.0376609923847138,3.006991773529561,6010.331649579304,464091058268.2821,432299060182.4035,110145399.06583995,35029860.38652961,24294.770663227944,23215.112686908582,2383.1692442720323,4.65031106543497,1.5157784366517282,0.46131090478823467
26,9120.0,152.0,2.533333333333333,23.633905476777198,23.56591104591994,0.0002293849003950616,64.47093641228568,64.73880782494639,64.46955786362084,1.0000213829396467,2.138293964667894e-05,287.081925851256,279.0683242687013,94.50793266751592,96.66646509355554,3.0376489861568126,2.8869197192492138,6206.913150915202,464091510186.7897,493997408560.9791,110148668.10625154,35031086.18622154,24296.21472928868,23217.781038578436,2383.3403470112225,4.650739320406007,1.5159268524895486,0.46135981862279873
26,9180.0,153.0,2.55,23.620227002226517,23.79533243210008,0.0002265675633847708,64.44940220023355,64.5857577495653,64.44794194620546,1.0000226578845497,2.265788454979518e-05,287.0896153482666,283.6282337419331,94.51083070201865,95.12177640904169,3.037637202168139,2.9817381933898908,6969.922506379842,464091944724.30774,452571650982.0532,110151834.11716962,35032275.35495959,24297.61360808008,23220.36773071683,2383.5063804421434,4.651154274963943,1.516070748451991,0.46140727124678316
26,9240.0,154.0,2.566666666666667,23.606718000908174,23.553483626974295,0.00022378482929653757,64.42836997985869,64.37501616315086,64.42691969438721,1.000022510551154,2.251055115404017e-05,287.09711946052613,280.49966985211415,94.51366300902892,96.59745013925459,3.0376255698935264,2.9037999393125458,6880.321565997532,464092365949.7068,467012255574.78625,110154923.79921055,35033437.55716738,24298.97905660153,23222.894123554648,2383.6686884065384,4.651559404031975,1.5162113131161936,0.4614536495471846
26,9300.0,155.0,2.5833333333333335,23.59337238693943,23.415164877041267,0.00022103627313249668,64.4078786242216,64.01983927977847,64.40647008667072,1.0000218695039331,2.1869503933026195e-05,287.10442676847333,288.9237792259586,94.51642359010602,93.81705564488863,3.0376141612549064,3.0796508933255975,6494.719100476998,464092774920.69324,424271735416.0231,110157932.45209229,35034570.32730709,24300.308839638164,23225.3555476552,2383.826906647975,4.65195399565674,1.5163482697311021,0.46149885234001653
26,9360.0,156.0,2.6,23.58019031217023,23.71215291515826,0.00021832147511466544,64.38796879298492,63.9136973672345,64.38658213727308,1.000021536408143,2.1536408142990425e-05,287.11152084251773,279.4315074149197,94.51910760629846,95.86464793217596,3.0376029578953143,2.914854573008153,6299.031389179962,464093169439.1161,443584768134.86053,110160853.31193638,35035671.68353471,24301.600081407072,23227.747118974923,2383.980772873013,4.652337231520171,1.516481358647205,0.4615428019187515
26,9420.0,157.0,2.6166666666666667,23.567169980085097,23.337077614658686,0.00021564002062083218,64.36861690209169,63.297648984377894,64.36724209235877,1.0000213588416753,2.1358841675242558e-05,287.1184109201566,291.8482910746818,94.52171797149956,94.25869359627268,3.037591963856701,3.0962479951687185,6196.209308987646,464093550520.5614,502716594340.59875,110163690.18292445,35036742.81979214,24302.854415002235,23230.071670433572,2384.130447578201,4.652709581318092,1.5166107325140166,0.46158554527860174
26,9480.0,158.0,2.6333333333333333,23.554308921371355,23.498640345335986,0.0002129915001212325,64.34978404509081,64.46558349453511,64.34843550493872,1.0000209568444285,2.095684442849192e-05,287.12511075735927,285.42067837305206,94.52425998299375,95.79394377633068,3.0375811543937727,2.979527380556342,5965.745968876308,464093918706.77954,438600880650.7904,110166448.73252243,35037785.91077614,24304.07436427851,23232.33387547872,2384.276236647379,4.653071799942293,1.5167366547848955,0.46162716993655284
26,9540.0,159.0,2.65,23.54160704948146,23.485118817773827,0.00021037550911600313,64.33148146135554,64.85025647845248,64.33015167060935,1.0000206713447994,2.067134479943841e-05,287.1316166042446,280.1283418803507,94.52673204077273,93.91803155042253,3.0375705412136176,2.9826896630596007,5804.8571356416805,464094273998.06165,460282528489.5412,110169127.41191366,35038800.29924469,24305.25922290323,23234.53238403551,2384.4180455336727,4.653423671072325,1.5168590471012129,0.4616676489619591
26,9600.0,160.0,2.6666666666666665,23.52905964537011,23.668791898723526,0.00020779164807340397,64.31367528630953,64.6366443216404,64.31237349310214,1.0000202417223418,2.0241722341797073e-05,287.1379411536815,299.9931943784253,94.52913853166959,89.23566097048466,3.037560117587269,3.3618083971793538,5566.586700894841,464094617369.6649,448802114653.7305,110171731.43884832,35039787.78518751,24306.411271586825,23236.671263920914,2384.556122103556,4.653765863892907,1.51697813390056,0.4617070540596653
26,9660.0,161.0,2.683333333333333,23.516668466802788,23.601751641164412,0.00020523952236879884,64.29637837288537,64.72589936469541,64.29509336780562,1.0000199860520056,1.998605200555605e-05,287.14407952550954,285.0524780347634,94.5314778119131,92.48497693813516,3.0375498846726257,3.0821489875641106,5427.338487529252,464094948407.16907,518563552007.3534,110174258.80860654,35040747.69373168,24307.52963451913,23238.74897123913,2384.690373452121,4.654098121562338,1.5170938297577887,0.46174535816145834
26,9720.0,162.0,2.7,23.50442783263499,23.552405822128392,0.00020271874222438583,64.2795535050307,64.1115835770798,64.27829351320274,1.0000196021356371,1.960213563706333e-05,287.15004473623685,287.4750217176258,94.53375501775037,96.92542713408601,3.0375398150884774,2.9659402100950736,5221.285359798978,464095267524.0951,483200048907.80475,110176714.895944,35041682.127720356,24308.61671547324,23240.769976386837,2384.8210961415207,4.654421166366529,1.5172063884401927,0.461782646007761
26,9780.0,163.0,2.716666666666667,23.492339183902573,23.50575841191999,0.00020022892264966782,64.26321002213493,64.16022523573584,64.2619662916931,1.0000193540676328,1.9354067632836087e-05,287.1558336663415,285.4355332023854,94.53596881005043,96.87973037798788,3.037529918832471,2.946287444119884,5090.399201849625,464095574721.8583,460681010461.8726,110179098.41052535,35042590.539354905,24309.67192545951,23242.73315751546,2384.9482115231613,4.654734817630612,1.5173157446518992,0.4618188952153397
26,9840.0,164.0,2.7333333333333334,23.480397501203853,23.45314166833959,0.00019776968338265413,64.24731406835959,64.3980927751718,64.2460955255282,1.000018966799794,1.896679979403812e-05,287.1614595818708,282.8206229720005,94.53812337480537,101.31822462615368,3.037520201700979,2.7914091864080577,4889.124874405908,464095871396.3346,451722312429.6175,110181414.81019825,35043474.64761756,24310.6976148745,23244.64258139238,2385.071951957283,4.655039753484832,1.5174221192285566,0.4618541740079456
26,9900.0,165.0,2.75,23.46860410539766,23.6023666466427,0.00019534064883178424,64.2318748469518,64.53649847336776,64.2306737897284,1.0000186991222813,1.869912228119353e-05,287.1669188802161,285.1465152595143,94.54021757294834,94.08696659737934,3.0375106621542813,3.0306696620343225,4752.477853437336,464096157170.2201,464439567215.6455,110183662.61242265,35044333.98457353,24311.693142753822,23246.497142522443,2385.1922538249237,4.65533578818231,1.5175254515821228,0.4618884636258711
26,9960.0,166.0,2.7666666666666666,23.456954681860136,23.37198978450488,0.0001929414480185652,64.21686602269669,64.49421567822205,64.21568645314495,1.0000183688693043,1.83688693042079e-05,287.1722219142834,296.2413960187483,94.5422546496745,95.29449611344936,3.0375013054046316,3.10869366123799,4586.444966590764,464096433149.50793,438429858038.03125,110185846.07441315,35045169.881845385,24312.66034048304,23248.300004294826,2385.3092967038983,4.6556234494123245,1.5176259131646113,0.4619218168519157
26,10020.0,167.0,2.783333333333333,23.445448572261085,23.411907857019614,0.0001905717145209129,64.20228313658671,64.29155203019239,64.20112393076367,1.0000180558493694,1.8055849369452293e-05,287.1773701067138,286.650913986497,94.54423526270044,92.87723838521724,3.0374921253396705,3.0863419172476347,4431.797479407663,464096699285.11804,452922791690.8909,110187965.78562778,35045982.60960725,24313.599479515105,23250.051702326058,2385.42311963687,4.655902821279049,1.5177235350608536,0.46195424461480616
26,10080.0,168.0,2.8,23.434084992436862,23.53517515107061,0.00018823108641719008,64.18811980221015,64.3516129821754,64.18697662858074,1.000017810055707,1.781005570694856e-05,287.1823647690657,298.07420894985773,94.546160591988,96.92994776295254,3.0374830978953793,3.0751508262318934,4312.2744557829365,464096954987.234,457155928789.9484,110190022.30178523,35046772.65319076,24314.510867445148,23251.75300375267,2385.5337980579034,4.656174014967416,1.5178183671374095,0.46198576723829676
26,10140.0,169.0,2.816666666666667,23.422861272687175,23.59270986364071,0.00018591920623093082,64.17436102047772,64.3971009453793,64.17323281825294,1.0000175805733205,1.758057332053318e-05,287.187212768959,275.939397550525,94.54803216752588,92.87498730596815,3.037474246530097,2.971084094380201,4202.161830823967,464097201580.7174,472790425715.47205,110192018.43355894,35047540.63943797,24315.395656554654,23253.40571026708,2385.641408226282,4.656437343796448,1.5179105000298039,0.4620164085842253
26,10200.0,170.0,2.8333333333333335,23.41177563414546,23.765341672645157,0.00018363572087624447,64.16099586141416,64.18209385957141,64.15988214081204,1.0000173585200745,1.7358520074523353e-05,287.19191834901716,291.9155728498058,94.54985135393036,94.67813748165167,3.037465572251043,3.0832416079834495,4096.963369649419,464097439485.8281,454819419373.4742,110193955.92626747,35048287.12833899,24316.254600198852,23255.011134779215,2385.7460260301177,4.6566930256747945,1.5180000051434055,0.46204619085341747
26,10260.0,171.0,2.85,23.400826297945148,23.51330169857411,0.00018138028160389027,64.14801339504425,64.37258951503391,64.14691446624356,1.0000171314366377,1.7131436637769157e-05,287.1964857518637,285.2357052691095,94.55161951581772,92.69820391861677,3.037457076066455,3.0770359425683,3990.739502533601,464097669122.82605,451074885254.144,110195836.52523565,35049012.67988685,24317.08845182559,23256.570590199026,2385.847727369578,4.656941278566304,1.5180869539033113,0.46207513625347074
26,10320.0,172.0,2.8666666666666667,23.390011485219674,23.33468428420622,0.00017915254394801353,64.13540269139271,63.98043094767639,64.13431988982907,1.00001688334055,1.6883340549968475e-05,287.200919220122,289.3979811197517,94.55333801780431,96.90277060683103,3.037448758985561,2.98647788197865,3876.241786858537,464097890911.97156,479625890231.0275,110197661.97579506,35049717.85407765,24317.897964971926,23258.08538943645,2385.946588156464,4.65718232048787,1.518171417753626,0.4621032669985068
26,10380.0,173.0,2.8833333333333333,23.379329417102472,23.442643790225077,0.00017695216767353686,64.12315282048431,64.53158175440976,64.12208872853714,1.0000165947798687,1.6594779868697517e-05,287.2052229964156,287.4348230414604,94.55500822450642,95.67821926264419,3.0374406220185683,3.0041824069951524,3745.1098853338503,464098105273.5238,477251640409.14,110199434.02328327,35050403.21091007,24318.683893260008,23259.55684540142,2386.042684313724,4.657416369507207,1.5182534681566517,0.4621306053089018
26,10440.0,174.0,2.9,23.368778314726974,23.377631139384235,0.00017477881672419698,64.1112528523438,63.80665472695125,64.11021151744725,1.000016242886615,1.624288661499835e-05,287.209401323368,279.65752682498976,94.55663150054035,94.81746674045202,3.037432666176637,2.949430484053202,3588.1838529095303,464098312627.7435,489659367514.03705,110201154.41304392,35051069.31038557,24319.446990393873,23260.986271003887,2386.1360917750544,4.6576436437407835,1.5183331765921793,0.46215717341105744
26,10500.0,175.0,2.9166666666666665,23.35835639922661,23.250199281204548,0.00017263215917122008,64.09969185699592,64.08757476086478,64.09867900622116,1.0000158014297713,1.5801429771405336e-05,287.2134584436027,285.3747460382007,94.55820921052239,95.65701730029468,3.0374248924718614,2.9833121927932162,3395.9943563492607,464098513394.8898,490801426450.90155,110202824.89042607,35051716.71250804,24320.188010155616,23262.37497915378,2386.22688648445,4.657864361351635,1.518410614556756,0.462182993537144
26,10560.0,176.0,2.933333333333333,23.34806194519536,23.373105593424878,0.0001705118671626273,64.08846043584809,64.08683617729666,64.08748221325533,1.0000152638636903,1.5263863690394323e-05,287.21739795863544,286.6367615029193,94.55974254388745,93.78803502039639,3.0374173007644445,3.056218860333127,3169.0444723061873,464098707902.77295,435984785656.28705,110204446.93753475,35052345.90533207,24320.907595295226,23263.724098811177,2386.3151350038243,4.658078709231567,1.518485843842794,0.46220808509612565
26,10620.0,177.0,2.95,23.337894092821543,23.30218467233096,0.00016841761687316317,64.07757439992967,64.26871520976744,64.0766132778398,1.0000149995769239,1.4999576923779025e-05,287.2212127070693,280.00994824518915,94.56122987198297,95.80641005342873,3.0374098676160353,2.9226640272716082,3060.4254548077024,464098894811.1288,474054285498.1774,110206017.61758083,35052956.21981509,24321.604534219965,23265.03173075333,2386.4007546607636,4.6582863550862434,1.5185587675490835,0.46223242219996763
26,10680.0,178.0,2.966666666666667,23.32785105900167,23.51902920789217,0.00016634908845483858,64.06700631895274,64.33550840604377,64.06606351456257,1.0000147161279849,1.4716127984814967e-05,287.2249130561056,284.8839648320692,94.56267469791426,92.80396071885019,3.03740259011985,3.069739293726114,2946.0125667107445,464099075010.84045,463356534845.20886,110207541.19610202,35053549.09395315,24322.28068314593,23266.30116990972,2386.483942558465,4.658487840567009,1.5186295665049139,0.4622560621743794
26,10740.0,179.0,2.9833333333333334,23.31792143987659,23.17537319130115,0.00016430596598808163,64.05671380981823,63.55376389705458,64.05581459776423,1.000014037945808,1.4037945807966412e-05,287.2285157472846,279.35100461826653,94.56408222613197,95.90238513070729,3.0373954781312458,2.912868165244623,2680.881902031225,464099250132.96423,484768154648.1186,110209024.58593774,35054126.66412641,24322.939038628,23267.53750734329,2386.5649887009795,4.658684037848339,1.5186985221385827,0.4622790912472814
26,10800.0,180.0,3.0,23.308108231714947,23.3290484279084,0.0001622879374334882,64.04670831356867,64.52848630844717,64.0458635665208,1.0000131897206288,1.3189720628891556e-05,287.2320162530609,282.7709452613949,94.56545105451251,92.05828179907284,3.037388528792458,3.071651346682453,2366.814308021845,464099419732.48926,453480483140.93884,110210465.91709477,35054688.35481784,24323.57878942357,23268.73936875465,2386.6438148870566,4.658874710578949,1.518765558275672,0.46230148610895005
26,10860.0,181.0,3.0166666666666666,23.298415208876712,23.264711156222315,0.0001602946945841652,64.03700419730032,63.9842637901192,64.03620807194562,1.0000124324250088,1.2432425008710436e-05,287.23540888145885,285.7002499442184,94.56677942439019,95.00958247302468,3.0373817383842994,3.007067734723863,2102.9378827433716,464099583247.2411,496759302820.2751,110211862.83846492,35055233.44418526,24324.198915941874,23269.905028366466,2386.7203230979458,4.659059561815763,1.5188305793036445,0.46232321753251604
26,10920.0,182.0,3.033333333333333,23.28884237136188,23.2986866889896,0.00015832593301865912,64.02760146101318,63.64165015279658,64.02684190067342,1.0000118631548458,1.186315484585852e-05,287.2386936324784,286.99262870806433,94.568067335765,95.09317214604707,3.0373751068913584,3.0180150922643745,1914.8564641503258,464099740677.219,463229811441.12396,110213215.35000798,35055761.93220994,24324.79941744925,23271.034486178734,2386.7945132250643,4.659238591113496,1.5188935850564134,0.46234428545837014
26,10980.0,183.0,3.05,23.279389719170457,23.279285578660037,0.00015638135205446287,64.01850010470726,63.657908524843755,64.01775890522713,1.000011578029172,1.157802917201319e-05,287.2418705061194,279.7192789818926,94.56931478863697,97.24348481111693,3.037368634298629,2.8764834942434616,1824.0028318247212,464099892022.42346,520799330636.39716,110214523.45168552,35056273.8188739,24325.3802932353,23272.12774219146,2386.8663851631563,4.659411798040836,1.5189545753730371,0.46236468982873324
26,11040.0,184.0,3.066666666666667,23.270057252302436,23.141096765446765,0.00015446065470209327,64.00970012838255,64.46517510328385,64.00895300429725,1.0000116721810033,1.1672181003233885e-05,287.24493950238207,297.0940238780703,94.57052178300607,94.36554328768716,3.0373623205915186,3.148331621133529,1853.8730129611383,464100037282.8546,456517591540.2883,110215787.14346007,35056769.10415961,24325.941542612738,23273.184796404636,2386.935938810214,4.659579182180515,1.5190135500977204,0.4623844305876328
26,11100.0,185.0,3.0833333333333335,23.260844970757827,23.315682551324905,0.00015256354761973302,64.00120153203905,63.825592989140105,64.00041818302633,1.000012239748348,1.2239748347908446e-05,287.2479006212663,291.76944717257874,94.57168831887232,93.70778168375935,3.0373561657558388,3.113609584284352,2038.6373748115648,464100176458.51196,460859687467.596,110217006.42529589,35057247.78805022,24326.483164917532,23274.20564881827,2387.003174067546,4.659740743129273,1.5190705090798238,0.46240350768093164
26,11160.0,186.0,3.1,23.251749253789995,23.303808752516158,0.00015068974106842965,63.992959683118166,63.69824901657236,63.9921452305119,1.0000127273840145,1.272738401455144e-05,287.2507681407866,285.5378128483266,94.57282093577885,92.19189230979227,3.0373501107241867,3.097211757936743,2204.4069604368224,464100309500.3119,473416579470.79675,110218187.15073198,35057712.55312139,24327.00782050313,23275.195660700658,2387.068475760373,4.659897291443812,1.519125755374299,0.462422027997464
26,11220.0,187.0,3.1166666666666667,23.24276399682441,23.312045484110154,0.0001488389488678443,63.984918664646436,64.16898087709926,63.9841230466527,1.0000124346158994,1.2434615899290425e-05,287.2535627353759,287.84803172609213,94.5739269155212,91.49031672367074,3.03734414022976,3.146213086085196,2104.2447348126907,464100438025.11084,434917976029.675,110219337.81078348,35058166.38643746,24327.519217796114,23276.16154880537,2387.132255945058,4.660049912701652,1.5191796571791318,0.46244011022803333
26,11280.0,188.0,3.1333333333333333,23.233888577536753,23.107817005232633,0.00014701088835254465,63.97712015796896,63.086256179372846,63.97634575468657,1.0000121045250907,1.210452509059524e-05,287.25627256107674,288.66299026090485,94.57499967112759,96.76986188565682,3.0373383405759826,2.9829844192811685,1994.0887708531109,464100562939.49023,433172139734.8405,110220453.55952492,35058606.585268006,24328.015076220254,23277.098306364227,2387.194118216229,4.660197889127904,1.5192319259057108,0.4624576465848662
26,11340.0,189.0,3.15,23.225115871138165,23.388995663784012,0.00014520528032883415,63.96954046326378,64.02955233518027,63.968802035969944,1.0000115435535815,1.1543553581390015e-05,287.25890238266066,284.3347934426253,94.5760436264834,97.62357219283045,3.037332620057092,2.9125628888174107,1813.6146326126388,464100682321.0751,460009933811.4165,110221536.36640102,35059034.96361928,24328.49646856186,23278.008780202683,2387.2543414266456,4.6603416021251185,1.519282740002291,0.46247471093911274
26,11400.0,190.0,3.1666666666666665,23.216450087565544,23.26722419335856,0.00014342184903211186,63.96219822227992,63.84133240575677,63.961490558452894,1.0000110639045596,1.106390455961028e-05,287.2614474735699,284.8725639106366,94.57705562919097,93.53972660340267,3.0373270299282544,3.045471418988238,1666.0930796833243,464100797046.69763,460338009411.70056,110222584.28206018,35059450.22861549,24328.96242688682,23278.890731071617,2387.3127315696893,4.6604807313215595,1.519331964279024,0.46249125085884124
26,11460.0,191.0,3.183333333333333,23.20789157308446,23.32061374507974,0.0001416603220847557,63.9550951660092,64.01092304642118,63.95440660306695,1.000010766465969,1.0766465968871337e-05,287.2639073762031,276.9333682446814,94.57803539286355,96.19620321619283,3.037321574538424,2.8788388625099586,1577.7735835884903,464100907185.1688,480944372461.014,110223597.1178894,35059852.262785956,24329.41285865131,23279.743951044078,2387.3692710657097,4.660615246396038,1.519379586207755,0.4625072615562398
26,11520.0,192.0,3.2,23.19944032769491,23.254295097891852,0.00013992043045452313,63.948231294451624,64.41386437999077,63.94754520360524,1.0000107289629994,1.072896299931303e-05,287.2662820905603,280.80312004970625,94.57898291750111,91.96554450505347,3.037316253877836,3.0533513563253707,1566.856460113417,464101012736.4883,454117929521.702,110224574.873867,35060241.06612027,24329.847763433514,23280.568440120063,2387.42395985067,4.660745147091628,1.5194256056918167,0.4625227429963106
26,11580.0,193.0,3.216666666666667,23.191096351396887,23.32715450602096,0.00013820190841346277,63.94160660760719,63.48109430418532,63.940901447520986,1.0000110283100525,1.1028310052593417e-05,287.2685716166415,286.52174200128377,94.57989820310367,98.04350985964183,3.037311067937,2.922393765905215,1655.56599238907,464101113700.656,483738219572.94775,110225517.54997215,35060616.63860865,24330.267140826196,23281.364198299576,2387.476797862627,4.6608704331602375,1.5194700226377993,0.4625376951452127
26,11640.0,194.0,3.2333333333333334,23.18284563057093,23.187760140262572,0.00013650449349733059,63.93513650434795,64.21853770927942,63.93445964268073,1.0000105868051596,1.0586805159629395e-05,287.27080714655966,282.99257217319285,94.58079231768372,96.16911063665253,3.037305991069064,2.9426556021964196,1525.713187922171,464101212112.4064,464284922309.42334,110226438.00521594,35060983.52999672,24330.676652459922,23282.141387880263,2387.5284176751084,4.660992778260088,1.5195134051151058,0.46255230152959825
26,11700.0,195.0,3.25,23.174696349037927,23.26703548997951,0.00013482792646550467,63.92887039093041,63.784468054496585,63.928221826137566,1.000010145203078,1.0145203078086687e-05,287.2729704644166,297.261794348814,94.58165879762694,95.14360265063824,3.0373010382391836,3.124348732519011,1401.1305069009209,464101306783.4739,455648179850.67584,110227328.73003328,35061339.083264425,24331.072991496287,23282.894074176667,2387.5784497939267,4.661111204685717,1.5195554212611473,0.4625664549295969
26,11760.0,196.0,3.2666666666666666,23.166649300301565,23.298163621872582,0.00013317195126139218,63.92281305778774,63.8884762565524,63.92218409253221,1.000009839545761,9.839545761125806e-06,287.27505980399775,282.33588108847727,94.58249701622093,96.63666123977323,3.037296210891218,2.921622885831603,1318.0162689931972,464101397598.6443,474515774590.56464,110228188.99628153,35061683.04077993,24331.455837010362,23283.621681761368,2387.626858347683,4.66122561745955,1.519596038830782,0.4625801449245235
26,11820.0,197.0,3.283333333333333,23.15870448436185,23.223135727688028,0.0001315363149733227,63.916964504919925,64.00967420819424,63.916341960025214,1.0000097399956822,9.739995682167486e-06,287.2770751653033,289.8272809219609,94.58330697346567,92.64866089661871,3.0372915090175034,3.1282403665322525,1291.5204988803443,464101484557.9175,433510302839.6071,110229018.80394539,35062015.402535886,24331.82518869058,23284.324210634382,2387.673643288271,4.6613360163915125,1.5196352577520722,0.46259337148818513
26,11880.0,198.0,3.3,23.15086190121878,22.979302753945554,0.0001299207677959219,63.911324732326975,63.65475962357205,63.91069099615744,1.0000099159649138,9.915964913774713e-06,287.2790165483331,285.0167344054849,94.58408866936118,94.08934722383032,3.037286932610601,3.0292136444251763,1338.6479376124128,464101567661.29346,463462247664.6566,110229818.15300962,35062336.168525115,24332.181046236146,23285.001660795693,2387.718804569211,4.661442401298093,1.519673077955546,0.46260613459527766
26,11940.0,199.0,3.316666666666667,23.143105709713815,23.25010706280517,0.00012832506299195937,63.90582490329218,64.04970629313272,63.90521575056699,1.0000095321284506,9.532128450474454e-06,287.28090782065084,277.11266009351715,94.58485160205336,92.02244491517891,3.037282429001709,3.0113594607157412,1237.0535619836062,464101647890.9823,469072070392.1285,110230596.8517507,35062649.23108043,24332.52777757385,23285.662300919998,2387.7628901562402,4.661546077892588,1.5197099611169271,0.46261858941860456
26,12000.0,200.0,3.3333333333333335,23.135444916394416,23.12799234190108,0.00012674895685466572,63.90050415517753,64.34702593142451,63.899918736228926,1.0000091614975446,9.16149754461373e-06,287.2827354122676,293.0894004352691,94.5855903713373,91.3276892515952,3.0372780281268312,3.209206351732476,1142.7562129518117,464101724688.54517,453851462968.99304,110231349.32361898,35062952.37719305,24332.862898930733,23286.301429822655,2387.805588444203,4.6616463035799285,1.5197456446629687,0.4626306477028965
26,12060.0,201.0,3.35,23.127880531014544,23.02077332637931,0.00012519220867051152,63.89536687580272,63.828495418797694,63.894796629775016,1.000008924764735,8.924764734921375e-06,287.2844978018069,282.8703655241692,94.58630437177814,94.24345346708535,3.0372737333368574,3.0014855686815642,1084.4904047060836,464101797991.37354,510451742021.92596,110232074.94339871,35063245.35875024,24333.18613162794,23286.91852043825,2387.846864464729,4.661742994974116,1.5197800991060273,0.4626422995354509
26,12120.0,202.0,3.3666666666666667,23.120412553574205,23.044149280852764,0.0001236545806824442,63.890413065167756,63.79378536839461,63.88984543190225,1.000008884561571,8.88456157104434e-06,287.2861949892687,296.7780379495867,94.5869936033758,92.30533307189945,3.0372695446260125,3.2151775858759666,1074.7693207905322,464101867799.4668,481686401770.84784,110232773.71107802,35063528.17574637,24333.497475433513,23287.513572766773,2387.886718181897,4.661836151933649,1.5198133243924703,0.4626535448967162
26,12180.0,203.0,3.3833333333333333,23.113040984073393,23.000733073543465,0.00012213583805357613,63.88564272327264,63.924989249268116,63.885061187723785,1.0000091028409153,9.102840915262354e-06,287.2878269746531,289.0130434515185,94.58765806613033,93.41676947000147,3.0372654619886847,3.093802591239553,1128.256515410098,464101934112.8259,511784272663.65796,110233445.62664637,35063800.828176305,24333.796930124212,23288.08658680823,2387.9251495610315,4.66192577432227,1.5198453204706066,0.46266438376783325
