batch_id,time_s,time_min,time_hr,T_celsius,T_meas_celsius,cooling_rate_degC_s,c_kg_m3,c_meas_kg_m3,cs_kg_m3,S_supersat_ratio,sigma_rel_supersat,mean_L1_um,mean_L1_meas_um,mean_L2_um,mean_L2_meas_um,aspect_ratio,aspect_ratio_meas,nucleation_rate_m3_s,mu00,mu00_meas,mu10,mu01,mu20,mu11,mu02,mu30,mu21,mu12
29,0.0,0.0,0.0,34.61563893620376,34.65443206554053,0.000823334096254956,240.0,239.73586664880278,219.85882801877287,1.0916095667512034,0.09160956675120345,119.36820044663543,118.954436585386,81.95744627777282,81.79307645122402,1.4564655912053295,1.4543338109592021,11439852132.62029,207276907139.78287,203170109179.0508,24742271.39942024,16987885.98153166,2968.9288934769347,2028.407222366222,1395.5479270729634,0.358034964378609,0.2434679394960435,0.16664557973591893
29,60.0,1.0,0.016666666666666666,34.566238890428366,34.441789942704034,0.000823334096254956,218.3998664815157,218.21122107333252,218.1311898125058,1.001231720549642,0.0012317205496418578,198.10150881449167,202.64640741858827,101.83505689494598,101.99641687740088,1.9453174069402748,1.9867992780782497,4713391.879817073,218849985821.48514,220512469044.85815,43468060.871874675,21926654.682244025,8653.81758150226,4623.01785521719,2191.1060251743493,1.7271405738395467,0.8695852207736613,0.4365134827525905
29,120.0,2.0,0.03333333333333333,34.516838844653066,34.524267813293484,0.000823334096254956,216.6782977778208,216.5287029709129,216.41940246545337,1.0011962666443863,0.001196266644386266,202.99500288720748,205.46198577549285,103.42334582557395,104.99572636239445,1.962758033660636,1.9568604636948508,4644830.794158403,219130621717.7095,237641888888.1015,44597245.910871275,22282077.59054371,9096.344632743696,4829.812894700059,2259.4764956534764,1.8597159950347864,0.9275678235737552,0.46118023281494314
29,180.0,3.0,0.05,34.467438798877765,34.3630418300739,0.000823334096254956,214.9732159064514,214.86094614581947,214.72332562793457,1.0011637779816704,0.0011637779816703814,207.72922583089996,195.60174773652466,104.95585043470629,108.86371721512882,1.9792057800544398,1.7967579349691896,4582381.292298881,219407470306.73413,232067202898.7289,45692895.436470196,22625627.143795453,9535.460704266228,5034.627533903591,2326.3970902149626,1.994322517349448,0.9859709703638074,0.4858315943719347
29,240.0,4.0,0.06666666666666667,34.41803875310247,34.42127506871998,0.000823334096254956,213.28422498015135,213.36268234134755,213.04282021944795,1.001133127886942,0.0011331278869418878,212.31521551585033,216.5940175121958,106.43683077882528,102.46483625592194,1.9947532631541736,2.1138375410196177,4519248.988077721,219680598622.97742,224738050806.78778,46757266.877374895,22958196.83648628,9971.156421773805,5237.509326852546,2391.9517616215053,2.1308052307639285,1.044747428985195,0.5104586229437748
29,300.0,5.0,0.08333333333333333,34.36863870732717,34.3319202608066,0.000823334096254956,211.61121778913952,212.07701271240305,211.37774841818515,1.0011045125265148,0.0011045125265147417,216.75610275172428,224.8169768087457,107.86738300041556,107.21582290707943,2.0094684484084424,2.0968637903715712,4458632.986219616,219950030868.10742,196590548365.40964,47790882.4569849,23279990.488051757,10402.783642816023,5438.471151598713,2456.092778721675,2.2688095651787306,1.1037580290882225,0.5350099400711399
29,360.0,6.0,0.1,34.31923866155188,34.481814945047105,0.000823334096254956,209.95397489083555,209.72527006058854,209.72797365060026,1.0010775922558228,0.001077592255822782,221.06145312305486,212.45247972674255,109.25120132153901,111.21740042129983,2.0234235454532463,1.9102449699593471,4399285.174924689,220215808508.0959,235767490421.80206,48795699.1168604,23591783.961839635,10830.379142180036,5637.5393676112,2518.900293986793,2.4082012431984543,1.162964973626803,0.5594801454957494
29,420.0,7.0,0.11666666666666667,34.26983861577658,34.402757115004945,0.000823334096254956,208.31224337920113,208.4472275356287,208.09336058110043,1.0010518490233877,0.0010518490233877625,225.2420843546923,224.3471546697486,110.59243857500634,109.88735055981047,2.0366861175769078,2.0416103721386833,4338226.79854989,220477990967.2642,220396603148.67108,49773970.67205785,23894458.588039715,11254.207350930243,5834.744353993713,2580.4881084978024,2.548932521592884,1.2223680661734238,0.5838797001931233
29,480.0,8.0,0.13333333333333333,34.220438570001285,34.24043047012661,0.000823334096254956,206.685980094338,206.8680853168008,206.47377510180044,1.0010277576047268,0.0010277576047269174,229.29983325605843,235.70200619178036,111.89169801321307,109.35530244888896,2.0493015775753163,2.1553779369952726,4280444.688773985,220736591038.77722,241598594976.5672,50725967.727958545,24188118.148154415,11673.720176841089,6030.091295118415,2640.811762277058,2.69068876425821,1.281846126351222,0.6081643582763301
29,540.0,9.0,0.15,34.171038524225985,34.21762858423898,0.000823334096254956,205.07492409963382,205.16250548152206,204.86908432237874,1.0010047381132976,0.001004738113297626,233.24499762094086,230.58306309801674,113.15290863853897,111.18141624899864,2.0613256912911515,2.073935293121376,4222132.274360441,220991675292.07794,232516430533.2556,51653855.73392112,24473601.10421072,12089.284483061214,6223.61153472252,2699.9919828850666,2.8334705799184103,1.341419003027202,0.6323522698310169
29,600.0,10.0,0.16666666666666666,34.121638478450684,34.01481032021755,0.000823334096254956,203.47895197120602,203.91006964960857,203.27915656001414,1.000982862259825,0.0009828622598248827,237.08081074317244,230.7918491194608,114.37719014347856,116.39627928059352,2.072797997972938,1.9828112251174013,4164733.727558696,221243282495.30096,217807936194.12656,52558240.13035354,24751130.37934203,12500.61306304502,6415.319898497632,2758.0221625462605,2.9770597951682247,1.4010075381576794,0.656416890622853
29,660.0,11.0,0.18333333333333332,34.07223843267539,34.064366548651236,0.000823334096254956,201.8978989713356,201.81462645925723,201.70386132942642,1.000961992698753,0.0009619926987529033,240.81360691888207,244.0645713822446,115.56693024780084,114.20372806517351,2.0837587915723375,2.1370981098179427,4107858.796407722,221491455624.09903,228968127060.998,53440424.007096976,25021209.592066046,12907.791582885322,6605.236174758342,2814.962822367286,3.121372864479329,1.4605926548699144,0.6803581677165966
29,720.0,12.0,0.2,34.022838386900084,34.115488812852526,0.000823334096254956,200.33162466476753,200.50233737664897,200.1430693329635,1.000942102728975,0.0009421027289750381,244.44766568688183,239.83660444959375,116.72364548368911,115.98223554360754,2.0942428988909603,2.067873612932895,4051966.6225778805,221736244041.9097,217865443552.7912,54301264.468332544,25284153.352434274,13310.740824312887,6793.377232604356,2870.837394202535,3.26627271190885,1.5201300767722592,0.704164106488897
29,780.0,13.0,0.21666666666666667,33.97343834112479,33.88544390466616,0.000823334096254956,198.77997128968278,199.21916671383767,198.5966524508296,1.0009230711423929,0.0009230711423928463,247.9884580803158,242.0457940890398,117.84937342109698,118.68815524837966,2.104283212386785,2.039342456561976,3996635.7395810103,221977692866.4374,215536648599.95782,55141890.853975736,25540392.353356868,13709.556335407993,6979.762022404326,2925.7001740545643,3.411690882842618,1.5796058154740176,0.7278359024643625
29,840.0,14.0,0.23333333333333334,33.92403829534949,34.163252239619894,0.000823334096254956,197.24280197581862,197.3335443355404,197.064483731346,1.000904872563012,0.0009048725630120059,251.43960479717978,244.29583130343022,118.94538216950208,116.50136379788009,2.1139080829457337,2.0969353777459863,3942200.3566329996,222215849394.46848,226311230746.1964,55963028.60010226,25790189.718413558,14104.174320898339,7164.406985030651,2979.571441772156,3.5575051264469915,1.6389810255621762,0.7513632202830292
29,900.0,15.0,0.25,33.87463824957419,33.73488140856451,0.000823334096254956,195.71997029957396,195.59891230191508,195.54643738133547,1.0008874256190108,0.0008874256190108244,254.80558692503334,254.16866219190547,120.013304206042,121.44176263219417,2.1231445014427437,2.0929263268493226,3888454.823945949,222450760264.60544,222550462886.10004,56765601.57844195,26033890.27463636,14494.664085491479,7347.329708903884,3032.4938581363303,3.7036472300515837,1.6982402783378638,0.774745724830722
29,960.0,16.0,0.26666666666666666,33.82523820379889,33.868021275645994,0.000823334096254956,194.21133834995507,193.951292854469,194.04238875656102,1.0008706839494024,0.000870683949402441,258.0899053187628,262.5010854980404,121.05437801543223,122.3468127267932,2.1320162851595588,2.14554903105011,3835445.6545808082,222682471493.0542,248101403088.59464,57550321.24383907,26271753.305910766,14881.020329796804,7528.546759909155,3084.493676828405,3.8500253139524214,1.757357063196144,0.7979778532728293
29,1020.0,17.0,0.2833333333333333,33.775838158023596,33.60358415554732,0.000823334096254956,192.71677164178496,192.80228250793576,192.55221435228094,1.0008546112547059,0.0008546112547059793,261.29569185448906,262.91943024702516,122.0696947510183,121.14823628978404,2.1405451401139786,2.170229120117997,3783264.5580384694,222911029067.5698,218026025367.83823,58317822.20592509,26504006.77043135,15263.225757820643,7708.074292422083,3135.59262966983,3.9965463400098735,1.8163038133940204,0.8210532679549051
29,1080.0,18.0,0.3,33.726438112248296,33.63230501915462,0.000823334096254956,191.23613459837784,191.09188636089837,191.07579179384476,1.0008391581321097,0.0008391581321096086,264.4262565686955,266.89338768160746,123.0604261042004,124.30571002515313,2.1487513487463046,2.147072629468122,3731848.9725849293,223136478564.88815,222688526789.90414,59068784.11048208,26730897.50129716,15641.312098446546,7885.928591930444,3185.8195149026074,4.1431398869145255,1.875062386256828,0.843969465759601
29,1140.0,19.0,0.31666666666666665,33.677038066473,33.74797089936356,0.000823334096254956,189.76929471772021,190.3245576839188,189.61299982741332,1.0008242836221628,0.0008242836221628056,267.48462099176066,269.492068621907,124.02763323291234,120.97948089130088,2.1566534329446525,2.22758493123345,3681175.3425093344,223358864936.67172,220311683507.5585,59803826.898677915,26952648.919553038,16015.304217698098,8062.125574592021,3235.200058168945,4.289736567832586,1.9336145811946002,0.8667236423689773
29,1200.0,20.0,0.3333333333333333,33.6276380206977,33.67335291275382,0.000823334096254956,188.31612190767396,188.78094102150985,188.16371831073417,1.0008099520901692,0.0008099520901692198,270.4735126636988,265.34043179636876,124.97226190624845,125.14383011124966,2.164268362739584,2.1202837691677483,3631236.2451989977,223578232941.7607,221256161583.77405,60523509.161752455,27169459.872897346,16385.21633279757,8236.68086709007,3283.7563041714434,4.436266104898766,1.9919413074717514,0.8893123411482664
29,1260.0,21.0,0.35,33.5782379749224,33.47582887072273,0.000823334096254956,186.87634643758554,186.14024267244648,186.72782820400937,1.0007953727893943,0.0007953727893943356,273.451132188837,268.57187451186985,125.90538501147844,126.05165837313446,2.1718779714140677,2.1306492748937202,3575211.918700061,223794585168.2668,234815523156.76355,61228257.19281478,27381489.865424715,16751.01397865552,8409.626869503094,3331.503450685462,4.582641886374653,2.050016975882964,0.9117295685241301
29,1320.0,22.0,0.36666666666666664,33.528837929147116,33.45248447283192,0.000823334096254956,185.44940221526983,185.6857845843112,185.30521156083933,1.0007781251979693,0.0007781251979692007,276.51735609647676,277.44938607320455,126.84382209707782,127.22181972523249,2.17998284445299,2.1808317682644867,3491580.5301482403,224006567736.38422,221066262971.86606,61914807.27455096,27587840.305659637,17110.75505819877,8581.031580892368,3378.222957734552,4.728008280409044,2.1075165284630235,0.9338565292565061
29,1380.0,23.0,0.38333333333333336,33.47943788337181,33.34835953665358,0.000823334096254956,184.03581983973328,184.69100194004395,183.89575151924655,1.000761672411296,0.0007616724112958852,279.4966188752754,287.66505118609206,127.75489479819205,122.22933993381285,2.1877566359925544,2.3534860888708273,3411688.444107235,224213648225.13068,212312387558.10947,62582106.72888643,27788247.52857287,17463.605949952605,8750.831265641504,3423.8346854188358,4.871935325033675,2.16428359164904,0.9556389992910757
29,1440.0,24.0,0.4,33.43003783759651,33.39699809113951,0.000823334096254956,182.63547195772367,182.18022064520662,182.49933229279355,1.000745973496011,0.0007459734960109143,282.3931710791558,278.358395252777,128.6400026859924,132.6360769992505,2.1952205004882632,2.098662758657661,3335404.96132856,224416040715.20868,213084621730.02356,63231090.15499378,27983013.199948773,17809.77754572156,8919.041221438454,3468.385031921078,5.014414515420509,2.220325988277996,0.9770845333764548
29,1500.0,25.0,0.4166666666666667,33.38063779182121,33.20749315973664,0.000823334096254956,181.24822441301797,181.37491633012885,181.11583916174968,1.0007309424282327,0.0007309424282326811,285.21100573392596,292.25235387559246,129.5004560329331,128.74524820298475,2.2023938329714787,2.270004974589944,3262175.095387318,224613946619.8528,214864474068.1241,63862636.17383084,28172419.973008182,18149.477734741802,9085.677563144844,3511.918298583134,5.155443087682645,2.275653042214418,0.9982009269878223
29,1560.0,26.0,0.43333333333333335,33.331237746045915,33.231293300019885,0.000823334096254956,179.87395550448218,180.06186058851887,179.74515846437845,1.0007165535984617,0.0007165535984617851,287.95379732855787,287.25065835372624,130.33745700258888,129.03094990097222,2.2092942731178056,2.2262151722062296,3191965.1552343657,224807550564.36816,239219932232.34116,64477553.30303855,28356727.196306977,18482.900887786243,9250.754909515508,3554.475431015689,5.295019093985264,2.330273672751971,1.0189955017325745
29,1620.0,27.0,0.45,33.28183770027062,33.182646197986024,0.000823334096254956,178.51254059463767,179.14533425370183,178.38717758825396,1.0007027579452659,0.0007027579452659187,290.6249972242069,285.43807774037765,131.1521315992575,136.05152156857,2.215938038370794,2.098014593659041,3124515.0702923597,224997026094.02814,255026791109.0128,65076601.43715667,28536177.96132562,18810.236859568464,9414.288232019355,3596.095430657823,5.433144606760301,2.3841977369823084,1.0394756601645028
29,1680.0,28.0,0.4666666666666667,33.23243765449533,33.106472077474955,0.000823334096254956,177.1638581414879,177.45213259073745,177.04178496170573,1.0006895162055025,0.0006895162055024555,293.2278654190175,295.2631719374225,131.94554086388752,129.74752143974533,2.2223400919740497,2.2756748542171,3059637.2926373193,225182536976.7826,226051468587.74402,65660498.944209754,28711001.550461143,19131.67277887997,9576.292130295602,3636.8157503789575,5.569826069158019,2.437436219765976,1.059648984982521
29,1740.0,29.0,0.48333333333333334,33.18303760872003,33.2607525206396,0.000823334096254956,175.82778885216388,175.74099232301262,175.70887004530258,1.0006767945569888,0.0006767945569887368,295.76529856171817,300.2484683719765,132.7186227454856,134.51656254696567,2.2285139224877812,2.2320557609190064,2997179.254230864,225364228696.77478,233466582473.62946,66229882.94034236,28881400.270834584,19447.368582504227,9736.780933818009,3676.668921141159,5.705063310856646,2.4899968726483994,1.079521539909021
29,1800.0,30.0,0.5,33.13363756294473,33.06430573006518,0.000823334096254956,174.5042143618982,174.3726232238025,174.3883233234362,1.0006645573296042,0.0006645573296043101,298.240236742831,300.29217873101413,133.4723319057586,136.5369483026465,2.234472362057859,2.1993473742022513,2936960.1351578715,225542249155.21957,228284273312.40994,66785402.61215208,29047580.876602028,19757.507679384616,9895.768860576649,3715.689982266461,5.8388709702015795,2.54189288676259,1.0991013275520567
29,1860.0,31.0,0.5166666666666667,33.084237517169434,32.985715009343515,0.000823334096254956,173.1930186448803,173.09381906647815,173.0800362959624,1.0006527751630738,0.0006527751630737664,300.6551578784723,296.12765278440025,134.20746398888124,134.9919722931469,2.2402268021648997,2.193668614170131,2878844.373049319,225716722637.87234,223317065287.91434,67327602.59577231,29209714.8737597,20062.22935976783,10053.269847605823,3753.9067056252957,5.971248856938895,2.593130972902398,1.118393571126851
29,1920.0,32.0,0.5333333333333333,33.034837471394134,32.9173219065233,0.000823334096254956,171.8940874076705,171.71366016600402,171.7839014699418,1.0006414217909003,0.0006414217909002788,303.0123719660465,307.73631856877915,134.9247585056946,135.9974622380427,2.245787765877362,2.2628092723534348,2822714.076323399,225887765048.60992,229591220599.52408,67856990.55418366,29367961.652647097,20361.665080019342,10209.297623847242,3791.345033922749,6.10219711948451,2.6437175522012515,1.137403204722207
29,1980.0,33.0,0.55,32.985437425618834,33.06698062173037,0.000823334096254956,170.60730702276106,170.2075055874229,170.4998123514366,1.0006304679743747,0.0006304679743746855,305.31444215772535,307.10945727307313,135.62504590917374,139.17390568222226,2.2511656317682673,2.2066597597275206,2768416.622170036,226055506097.1939,228291967337.32938,68374134.21110585,29522501.680416767,20655.993588864254,10363.865838250778,3828.037158703455,6.23174050947731,2.6936685253859736,1.1561387490141806
29,2040.0,34.0,0.5666666666666667,32.93603737984354,33.03666369724999,0.000823334096254956,169.33256648327537,169.46845910072113,169.22766343738766,1.000619893011325,0.0006198930113250826,307.5633625349391,296.89988822639646,136.3089602212307,132.69717891994603,2.256369368791024,2.2374242666116597,2715866.7348681875,226220046057.31757,226497648558.83093,68879471.54194109,29673471.538074933,20945.330315435152,10516.987824975786,3864.005468269999,6.359879239566376,2.7429895425236506,1.1746045103126108
29,2100.0,35.0,0.5833333333333334,32.88663733406824,33.043125380343945,0.000823334096254956,168.06975646076228,168.2101793411744,167.96735020757123,1.000609679518457,0.000609679518456991,309.76095443815,316.25503401640725,136.97707755256465,137.25996626204102,2.2614072366909705,2.304058806284779,2665000.9657251616,226381476610.12546,209826689608.4113,69373401.99275467,29820995.13870567,21229.778188709453,10668.67671656895,3899.270052377099,6.486610849456507,2.7916848587397416,1.1928041139744145
29,2160.0,36.0,0.6,32.83723728829294,33.123245500675814,0.000823334096254956,166.8187677958299,166.72308623480615,166.71876911662565,1.0005998045675006,0.0005998045675007064,311.90924393635845,318.01153686723063,137.63004689455127,134.7403910952042,2.2662874203286116,2.3601797076760125,2615700.8860574653,226539900640.37384,235282522366.4658,69856373.52450249,29965213.27651449,21509.478101250905,10818.945625269536,3933.8559840705548,6.611952809465567,2.839766374391898,1.2107440653689456
29,2220.0,37.0,0.6166666666666667,32.78783724251765,32.706422951355,0.000823334096254956,165.5794925536357,165.71508993107972,165.48181758615706,1.0005902459188774,0.0005902459188773725,314.0101864430534,316.1501152023498,138.26849461482274,141.23136512945885,2.2710176119136736,2.238526229018269,2567848.575940381,226695417789.94046,227115612189.85565,70328819.03825831,30106262.029895756,21784.571441939308,10967.807516223795,3967.7879488895696,6.735925776154395,2.8872469388543154,1.2284311143222197
29,2280.0,38.0,0.6333333333333333,32.738437196742346,32.66335971104471,0.000823334096254956,164.35182584288773,164.31014146979263,164.2563939969079,1.0005809931878917,0.0005809931878916219,316.0652242728429,318.76803154084826,138.89287124466148,140.0452682372304,2.2756043664479377,2.2761785210826937,2521424.081980816,226848101258.66556,224287612255.96786,70791054.0404619,30244238.03918394,22055.138083096044,11115.274988986313,4001.081450801233,6.858524969236955,2.9341289957013794,1.2458678209798701
29,2340.0,39.0,0.65,32.689037150967046,32.63960360805523,0.000823334096254956,163.13566311938132,163.2106559953936,163.042397681008,1.000572031813196,0.0005720318131961958,318.0759240964569,304.03992947325196,139.50367185719105,140.69467481246411,2.280054136654331,2.160991024560918,2476366.0108598983,226998031121.49155,247536344906.59006,71243423.73303458,30379248.33187168,22321.282739914386,11261.360601419516,4033.7551860422454,6.979759150713953,2.9804201300857565,1.263058661677221
29,2400.0,40.0,0.6666666666666666,32.63963710519175,32.64646647074248,0.000823334096254956,161.93089941419748,161.58794556275527,161.83972891429946,1.0005633381896377,0.0005633381896376343,320.04411512146595,324.88859781179184,140.10148293700385,142.15257512289378,2.284373501352393,2.285492172976248,2432530.4728194894,227145301285.19836,230438142490.64447,71686334.93704246,30511420.94423,22583.154528960702,11406.07696240256,4065.8337576186973,7.099659921266175,3.0261367144905753,1.2800114360756352
29,2460.0,41.0,0.6833333333333333,32.59023705941645,32.62962328789334,0.000823334096254956,160.73743345101772,160.37089853802698,160.64828890872522,1.0005549050220084,0.0005549050220083609,321.97103199902773,323.9744813281699,140.68668843696068,139.35787089236925,2.288567849425907,2.3247662959660613,2389910.846905133,227289975388.54385,218062110898.32953,72120058.03840332,30640838.341644064,22840.82694552643,11549.436237258988,4097.330807602914,7.218226124789622,3.0712819279814454,1.2967287146611746
29,2520.0,42.0,0.7,32.54083701364115,32.660028843547686,0.000823334096254956,159.5551644685432,160.07070961176342,159.46797980479607,1.000546722068304,0.0005467220683039952,323.8579762945922,333.91386241477664,141.25969663193786,145.75419548373026,2.2926424452009626,2.29093825605898,2348471.042130187,227432120836.79272,229721297847.95242,72544879.67217532,30767588.744682908,23094.388973679605,11691.450529448119,4128.261896613336,7.3354655875260395,3.115862307056198,1.3132142983121753
29,2580.0,43.0,0.7166666666666667,32.49143696786585,32.57143600626881,0.000823334096254956,158.38399132637323,158.48358343690558,158.2987046641265,1.0005387704367368,0.000538770436736695,325.7064707304381,317.33994369191487,141.82099156452077,142.06346433050402,2.296602690034497,2.233789983845799,2308097.3601413,227571816068.97556,235358832413.3656,72961138.30918723,30891777.77800768,23343.967081971987,11832.131987967034,4158.647499400302,7.451405603670699,3.1598918356473513,1.329474787182576
29,2640.0,44.0,0.7333333333333333,32.44203692209056,32.602706462412335,0.000823334096254956,157.22381572109347,157.27194471760478,157.14036746204758,1.0005310427892824,0.0005310427892823215,327.517649962365,329.5349092993991,142.37092685464236,138.2780285396289,2.300453169745488,2.3831328286905546,2268772.406648381,227709120475.97498,213644775697.77255,73369083.52413027,31013481.75676403,23589.63861447625,11971.492421033672,4188.501045943652,7.5660522308121125,3.2033759644723148,1.3455134093779502
29,2700.0,45.0,0.75,32.39263687631526,32.46649130614509,0.000823334096254956,156.07454012237878,155.68168449756828,155.99287308027533,1.0005235305978462,0.0005235305978460999,329.292651543575,331.726536873561,142.9098580204957,141.67157625467053,2.304198297477483,2.341517936366045,2230465.5291842474,227844093705.338,234696286234.1453,73768966.2028001,31132777.62829236,23831.486400461556,12109.543544002405,4217.836508778106,7.679415662485453,3.2463216026590693,1.3613338918203335
29,2760.0,46.0,0.7666666666666667,32.343236830539965,32.47189385858062,0.000823334096254956,154.93606709889275,154.94067446652184,154.85612729966869,1.0005162198010376,0.0005162198010374451,331.0327252504046,316.7175605599897,143.43817866068338,144.75241700644625,2.3078425028910465,2.1879949717584704,2193096.3516075183,227976800670.4722,234937067377.0326,74161063.74882084,31249751.161881637,24069.61439024044,12246.297060337063,4246.6705143292775,7.791517709712869,3.2887400270055736,1.3769415725152623
29,2820.0,47.0,0.7833333333333333,32.293836784764665,32.07993808671056,0.000823334096254956,153.8083009075456,154.04916461443506,153.73003679304531,1.0005091009937481,0.0005091009937481926,332.73895879873066,321.81273575639966,143.95622881692225,147.04286550398484,2.311389799061038,2.188564094241475,2156622.0053498135,228107298574.1544,244813180861.86017,74545616.73807177,31364476.181392845,24304.108029511513,12381.764470709093,4275.016967361779,7.902372913954769,3.3306395174581946,1.3923405774651383
29,2880.0,48.0,0.8,32.244436738989364,32.33710222842985,0.000823334096254956,152.69114751394417,152.9104267070062,152.61450911807464,1.0005021697891794,0.0005021697891793737,334.4122743231875,321.1248609668132,144.46429379818136,147.8770384944136,2.3148437965603192,2.171566757329566,2121039.8721116013,228235636742.16147,233879836337.38348,74922828.02621982,31477014.27111362,24535.033024763226,12515.957070541095,4302.886916351115,8.011987693516975,3.372025050064577,1.4075337130801127
29,2940.0,49.0,0.8166666666666667,32.19503669321407,32.16775207659542,0.000823334096254956,151.58451366634958,151.98077592259233,151.50945271022465,1.000495420944253,0.000495420944252831,336.0535878098184,325.1435931887632,144.96265742758814,142.0801232986292,2.318207970060732,2.288452358007633,2086337.7213956013,228361864157.05768,231132595890.50256,75292899.52773029,31587426.82951867,24762.45801309918,12648.886061243149,4330.291645948132,8.120371076807018,3.412902490246049,1.4225240771592298
29,3000.0,50.0,0.8333333333333334,32.14563664743877,32.071171385782336,0.000823334096254956,150.48830682164905,150.64479309237845,150.41477687580488,1.0004888478869658,0.0004888478869658141,337.66380798379527,338.0489626905122,145.45160160385424,147.89995754276754,2.321485664375439,2.2856596330851557,2052490.0447608773,228486029460.81607,231804823785.186,75656031.93990475,31695774.964711163,24986.45424285083,12780.562559105074,4357.242637317835,8.227534528030725,3.4532785261928662,1.4373150339500647
29,3060.0,51.0,0.85,32.09623660166347,32.08210420035277,0.000823334096254956,149.40243310651738,149.23583105847013,149.3303917850457,1.0004824290662506,0.0004824290662505411,339.2441228234168,329.02680025675284,145.93150167815546,145.77004094930106,2.3246805447915047,2.2571633932049773,2019344.1698886738,228608194750.5287,213840787278.13846,76012490.98778027,31802141.1425848,25207.137734360225,12910.997840201971,4383.757233934347,8.333512517559974,3.493168638614918,1.4519132496199794
29,3120.0,52.0,0.8666666666666667,32.04683655588818,31.995266268413356,0.000823334096254956,148.32680327730918,148.526820561709,148.25620846527383,1.0004761676611464,0.00047616766114646754,340.79516202805564,340.5058354537833,146.40254765032313,147.36458594608115,2.3277952979481737,2.3106354438397436,1986953.6575377146,228728395251.05804,231840571264.65295,76362413.75467983,31906565.899962015,25424.545832872114,13040.202624491245,4409.8420658704545,8.438302376929853,3.5325737943638185,1.4663198148690113
29,3180.0,53.0,0.8833333333333333,31.997436510112877,32.02498416035568,0.000823334096254956,147.26132780633122,147.36163180289668,147.1921387941438,1.000470059153663,0.0004700591536630019,342.31768753474273,339.01776851363627,146.86497403306606,148.17530263321865,2.330832724334063,2.28795057265929,1955305.5820353508,228846672563.5594,230733044609.51215,76705968.26740293,32009099.991809003,25638.73818536994,13168.187666050158,4435.50664431501,8.541913206818851,3.5714994265204636,1.4805374854590028
29,3240.0,54.0,0.9,31.94803646433758,32.10102107441058,0.000823334096254956,146.20591820991126,145.97763791845978,146.13809549292836,1.0004641001838304,0.00046410018383047033,343.812406887229,340.2574882185762,147.31899772489578,150.87493394663673,2.3337954520249045,2.255228746870057,1924395.078477996,228963065679.16095,240029696280.83585,77043310.3314777,32109790.28616315,25849.7691579518,13294.963593548053,4460.759661992039,8.644352427785147,3.6099502244560693,1.4945686985024944
29,3300.0,55.0,0.9166666666666666,31.898636418562283,31.888262581761506,0.000823334096254956,145.16048540400152,145.07331404944392,145.09399211989682,1.0004582773079242,0.0004582773079242923,345.2802708981556,336.6270891278245,147.76491699322986,150.6508405129079,2.3366863929817336,2.234485303777525,1894132.4193778296,229077625308.15332,232732020977.68176,77374652.41638902,32208702.25485425,26057.732245376228,13420.541107771443,4485.614928966228,8.745647711631275,3.647938604217259,1.508418788228627
29,3360.0,56.0,0.9333333333333333,31.849236372786983,31.821197859379957,0.000823334096254956,144.12494224823234,144.18976242738032,144.05974306374202,1.0004525843452425,0.0004525843452426288,346.7220131345247,348.7167867403702,148.20295833717208,147.42985410787793,2.3395080437308673,2.3653064628633884,1864487.3725457275,229190391711.23383,215235502791.55276,77700157.07772306,32305885.177793566,26262.69132717429,13544.930676032005,4510.082188728592,8.845813096423088,3.6854716179357414,1.5220910152129186
29,3420.0,57.0,0.95,31.799836327011686,31.79894746436183,0.000823334096254956,143.09920324750897,143.03186330243338,143.03526353708497,1.0004470206076659,0.00044702060766586393,348.13820393346924,350.83422299964593,148.6332944496486,152.79645667476774,2.3422625813586166,2.296088735528783,1835473.8164719357,229301397299.77667,226928641408.3583,78019949.3907965,32401376.200615447,26464.688123577376,13668.14256801079,4534.168140633026,8.944852413704773,3.7225523011171777,1.535587086937709
29,3480.0,58.0,0.9666666666666667,31.75043628123639,31.61416507206922,0.000823334096254956,142.0831833732919,142.2205315483188,142.02046957004356,1.0004415828467417,0.00044158284674167145,349.52946376939786,348.59648556604355,149.05611516946158,146.57218363660368,2.3449521904687947,2.3783263434917403,1807083.2041422029,229410676907.1362,231394233118.1876,78334166.32903984,32495216.45661792,26663.774037492258,13790.186997346174,4557.880695754676,9.04277501803345,3.7591857475292434,1.5489094640256704
29,3540.0,59.0,0.9833333333333333,31.701036235461093,31.67931075633836,0.000823334096254956,141.07679828492138,140.7449631633066,141.0152780038569,1.000436266778574,0.0004362667785741057,350.8964256586475,357.6192064674057,149.47161484278104,150.9674907344951,2.347579010421018,2.368849112663247,1779297.4407592039,229518265947.91293,212784821436.23737,78642948.05189581,32587448.19251988,26860.00450418819,13911.074095048338,4581.228216136685,9.139593005449864,3.7953780316523495,1.5620609498190223
29,3600.0,60.0,1.0,31.651636189685792,31.86027038560527,0.000823334096254956,140.07996335820218,140.2608336662619,140.0196064845994,1.000431060157346,0.00043106015734606346,352.2399197090238,339.13302355918114,149.88005320986633,151.34327105034578,2.3501454140519114,2.240819966461312,1752032.8254960561,229624209192.87775,239622027282.1874,78946480.65821555,32678128.62310946,27053.4671476784,14030.814026185779,4604.223222884192,9.235335413985942,3.8311416546836057,1.57504674261006
29,3660.0,61.0,1.0166666666666666,31.602236143910496,31.704672950538924,0.000823334096254956,139.0925967431012,139.29205593851685,139.03337345693606,1.0004259645342166,0.0004259645342166233,353.5603922180902,359.1254832996861,150.28156375354277,147.36048235221938,2.3526531358025964,2.4370542058983515,1725317.4751480995,229728533148.37567,219555786856.5334,79244861.61568022,32767286.324444722,27244.19320083918,14149.416622594304,4626.870732024702,9.330003661038743,3.866478447397936,1.58786799058392
29,3720.0,62.0,1.0333333333333334,31.5528360981352,31.72485338280097,0.000823334096254956,138.11461679886142,138.42850805471448,138.05649815795792,1.000420977220768,0.00042097722076801184,354.85839295050533,361.7890232420082,150.67631446210217,150.31094042276507,2.355104013642162,2.406937394074172,1699143.904211692,229831269225.28912,237712285572.73593,79538212.59405154,32854957.795872692,27432.23137711362,14266.891690971455,4649.178000700854,9.423608542405614,3.901393781102956,1.6005271549657762
29,3780.0,63.0,1.05,31.503436052359902,31.434073238805652,0.000823334096254956,137.14594279277838,137.3602662545698,137.0889006110732,1.00041609628096,0.00041609628096016434,356.1344423843685,346.0702456696658,151.06446403111872,157.13089799093905,2.357499791023031,2.2024328129889637,1673509.8360917005,229932447426.89478,234684215612.77026,79826648.70909788,32941177.493916053,27617.62760727677,14383.248928939389,4671.151860287474,9.516160040645014,3.9358926577386435,1.6130265362655267
29,3840.0,64.0,1.0666666666666667,31.4540360065846,31.373713512925274,0.000823334096254956,136.18649379772685,136.11861682157698,136.1305016199772,1.000411312505892,0.00041131250589207774,357.3891642837532,342.0389773723388,151.44620498062793,150.67517922063877,2.3598423237443833,2.2700419481265692,1648353.853351578,230032102481.34085,234563696556.35498,80110309.21691845,33025987.64199506,27800.445429365856,14498.498057474106,4692.801356849448,9.60767769146906,3.9699836624121687,1.6253697540744714
29,3900.0,65.0,1.0833333333333333,31.404635960809305,31.39721820468123,0.000823334096254956,135.23619048927597,134.94144441370668,135.1812227626659,1.000406622498944,0.00040662249894409056,358.62306959543275,362.0751495884202,151.821693370858,149.2842035312714,2.362133247449801,2.4254083220035683,1623660.984982243,230130263845.24387,212264100659.49927,80389307.4672318,33109422.23619003,27980.732649865335,14612.648605035774,4714.133439273795,9.698173628450814,4.003672500336538,1.637559328162972
29,3960.0,66.0,1.1,31.355235915034008,31.41058767033236,0.000823334096254956,134.29495474107745,134.12943317682635,134.2409863855417,1.0004020259161441,0.00040202591614416804,359.8366051035076,344.86668319345614,152.1910646263996,149.015696874305,2.364374058272335,2.3142976909630653,1599439.9779836251,230226957954.33136,220733367259.1164,80663742.142772,33191510.636552617,28158.528597775723,14725.709956170733,4735.1539079974555,9.78765617129821,4.03696337397976,1.6495971974865449
29,4020.0,67.0,1.1166666666666667,31.30583586925871,31.403167363317852,0.000823334096254956,133.3627089911684,132.84499359637218,133.3097155975529,1.0003975208661873,0.0003975208661872031,361.03022963152694,372.85491638090184,152.5544583197747,149.37909620866787,2.3665662322025285,2.496031411651201,1575686.4465049654,230322211748.36377,247147186141.85986,80933714.900484,33272283.20515773,28333.875830735808,14837.691427631278,4755.8689316572045,9.87613577384473,4.069861251409476,1.6614855696231325
29,4080.0,68.0,1.1333333333333333,31.256480346068766,31.370464087529697,0.000823334096254956,132.44014511308382,132.34604431323444,132.3881615958272,1.0003926598619544,0.0003926598619544135,362.20339631309463,356.3962292087715,152.91172196876744,149.23466273120056,2.3687091587855864,2.3881598462865665,1548868.4275644035,230415956136.5404,219057136886.5055,81199099.98776501,33351705.40738476,28506.672113381464,14948.509911485282,4776.268589551293,9.963550607797556,4.1023446422294825,1.673217303641414
29,4140.0,69.0,1.15,31.207734010438706,31.201567615810678,0.0008034273645629838,131.5369450437376,132.20587267554666,131.48661852882844,1.0003827500887335,0.00038275008873336317,363.34404375612525,357.53703511145306,153.25936537482727,150.67011118902641,2.3707787309929977,2.3729791681304153,1482356.7125933059,230507010930.98892,228366876369.7019,81457166.3935838,33429000.556716077,28675.140019219878,15057.002412307651,4796.15797309725,10.048995051632374,4.134084048016249,1.6846767747523559
29,4200.0,70.0,1.1666666666666667,31.159530273537396,31.128276184989407,0.0008034273645629838,130.65274148803837,130.31075255605225,130.6034799727601,1.0003771837878175,0.0003771837878174069,364.4530460272834,360.296123814544,153.5976482162876,157.0757736696614,2.372777514887995,2.293772714895332,1449709.137847194,230595443854.04138,226917480038.92545,81708107.72221394,33504225.101091474,28839.370638813038,15163.21304962888,4815.549037628834,10.13249829126315,4.165091822362966,1.6958689884811635
29,4260.0,71.0,1.1833333333333333,31.111411858545285,31.10616454153965,0.0008034273645629838,129.7788651791252,129.72438342400855,129.73013633319133,1.000375617010135,0.00037561701013500527,365.5422580287335,374.16254964222037,153.9300170969575,157.37821727672844,2.3747301853314653,2.3774735545790673,1447642.9803613916,230682364761.04132,223936582299.14096,81954605.5312725,33578145.21316477,29001.0671384759,15268.183176825656,4834.631854019173,10.214906881054002,4.195678457919404,1.7069039271948676
29,4320.0,72.0,1.2,31.063196823069962,31.016605292281103,0.0008034273645629838,128.9109885227435,129.1425001462803,128.86322033746512,1.00037068905428,0.00037068905428012255,366.6175884541762,375.823349855517,154.25819246658125,157.48800360975474,2.376649062146899,2.386361762428479,1419533.7654390146,230768324187.84833,231144221475.20865,82197996.11045536,33651143.260021925,29161.076216175676,15372.432625039673,4853.501146679651,10.296640833897525,4.225998112619381,1.7178362441509418
29,4380.0,73.0,1.2166666666666666,31.01495941212809,31.00608044139591,0.0008034273645629838,128.05100299491986,128.2001719966956,128.00402981851337,1.0003669663874886,0.0003669663874885915,367.67673565757246,356.2911203578192,154.58150865146467,157.50895566171258,2.378529869873208,2.2620372210646735,1400513.9504372817,230853096010.1927,223056140639.1447,82437756.38716578,33723070.50137286,29319.04392049065,15475.734189943416,4872.11858383439,10.377513392751943,4.255983342822772,1.7286424517432817
29,4440.0,74.0,1.2333333333333334,30.966732235589124,31.113812714747162,0.0008034273645629838,127.1992741540398,127.51763311303198,127.153081885019,1.0003632807662701,0.00036328076627008656,368.7194357410552,362.3678367703194,154.89989353021556,158.4196645839633,2.380372428526756,2.2873917687047145,1381596.8654067663,230936644360.15845,248132497115.05194,82673824.83509836,33793910.333328575,29474.91468800557,15578.0439606197,4890.479021723149,10.457488593178944,4.285621840342061,1.7393185360256804
29,4500.0,75.0,1.25,30.918523754264946,30.914715350358147,0.0008034273645629838,126.35587130747145,126.72801127462695,126.31045247699596,1.0003595809339987,0.00035958093399875586,369.74584712785503,371.11098929989225,155.21339776695967,153.38458091931338,2.3821773922055263,2.41948041371324,1362401.368779898,231018972080.4895,232895854015.19907,82906235.81379455,33863673.56141022,29628.695764626624,15679.35361185914,4908.584274451181,10.536562551285904,4.31491300074035,1.7498646087113385
29,4560.0,76.0,1.2666666666666666,30.870321793924894,30.84358654146538,0.0008034273645629838,125.52051604873954,125.64123388362661,125.47585712913917,1.0003559164338236,0.0003559164338236237,370.75660448927766,368.39760845858336,155.52221036256307,158.8784848716672,2.383946341972293,2.3187381775207223,1343316.4561335116,231100126337.42654,217518871771.38177,83135131.85980374,33932401.88554847,29780.465843806745,15779.69658588099,4926.4440259770745,10.614768215811235,4.343869615666151,1.7602854869806364
29,4620.0,77.0,1.2833333333333334,30.82212120550093,30.832288177083434,0.0008034273645629838,124.69305395778179,124.67056520320932,124.64913999746616,1.000352300547894,0.00035230054789397937,371.75212553918755,370.4903471898837,155.826455880074,151.35882841333603,2.3856804253142525,2.4477617267103553,1324450.985496238,231180137439.8703,230169910264.7356,83360606.19696504,34000122.60387127,29930.271809785125,15879.091431641682,4944.064284544274,10.692122558986254,4.372498568904856,1.7705838674456316
29,4680.0,78.0,1.3,30.773918717063147,30.834991895259197,0.0008034273645629838,123.87336393584907,124.05860250100639,123.83018098470583,1.000348727190737,0.00034872719073688815,372.7327871083205,354.73442434611354,156.12624730765629,156.5033904732789,2.3873806841320397,2.2666245330108694,1305766.388404515,231259031187.61157,238042793251.00058,83582742.91223666,34066860.47724073,30078.155449156584,15977.552695537504,4961.45049682623,10.768640313906696,4.400805914041576,1.7807621519160142
29,4740.0,79.0,1.3166666666666667,30.725715407050174,30.800330912044764,0.0008034273645629838,123.0614044008268,123.23032551761182,123.01893559541602,1.0003452216945727,0.0003452216945726855,373.6988311297988,380.11876611093663,156.42165813127784,153.2786123483212,2.389047882462477,2.479920455223902,1287457.9471449372,231336821748.29224,249836117229.99243,83801595.44224052,34132631.44152839,30224.138913918803,16075.085372417056,4978.605890977303,10.844326365804028,4.428794087250221,1.7908214560898703
29,4800.0,80.0,1.3333333333333333,30.677514120138262,30.592964227109455,0.0008034273645629838,122.25715916902658,122.62000758611477,122.21538856947303,1.0003417785603144,0.00034177856031443894,374.6504534187719,379.5378438738448,156.7127484944763,150.08356081875385,2.3906826790928073,2.5288435442452486,1269488.2389250023,231413519128.61212,208682413182.11618,84017206.77355094,34197448.46084396,30368.23797684016,16171.691406266933,4995.532976996847,10.919182527320835,4.456464392553825,1.8007624927452976
29,4860.0,81.0,1.35,30.62931066121884,30.694208466136196,0.0008034273645629838,121.46049335374776,121.67447636403628,121.4194077819676,1.0003383773033545,0.0003383773033544634,375.58804869458555,375.3298102676176,156.99963645514072,155.62930478996614,2.392286104445228,2.411691106467091,1251710.3779359052,231489151023.78824,218327656605.11774,84229665.32478926,34261337.513769165,30510.499123635513,16267.386999693817,5012.237647927139,10.993226757898027,4.483823991944739,1.8105880295255061
29,4920.0,82.0,1.3666666666666667,30.581104364949304,30.66165204827988,0.0008034273645629838,120.67133344531644,121.33990255613726,120.63092181785696,1.000335002227045,0.00033500222704503033,376.51191680026795,379.79975568462214,157.28241229875363,152.19300070050338,2.393858990953762,2.4955139456907096,1234014.2780560572,231563736542.03003,244378191425.2657,84439038.00900167,34324318.39126846,30650.95523601232,16362.180982688571,5028.724261398249,11.06647026530441,4.510877565173926,1.8202999517212264
29,4980.0,83.0,1.3833333333333333,30.53289955938121,30.471527867078585,0.0008034273645629838,119.88969994354522,119.57813427340785,119.8499407867825,1.0003317411464847,0.00033174114648467257,377.42225400033385,369.09237545724733,157.56113516876795,161.8755752783872,2.3954019726759825,2.2800992356165954,1217050.0438575763,231637284468.49823,238007483380.05927,84645368.403985,34386403.99411201,30789.624388851913,16456.07089281124,5044.995471311097,11.138916854355681,4.537627059895563,1.8298991698052913
29,5040.0,84.0,1.4,30.484693804267042,30.511809200684688,0.0008034273645629838,119.11548592303278,119.21394090860878,119.07636463912603,1.0003285394547046,0.0003285394547046629,378.31939695485516,393.21442688115894,157.83590642011893,156.63792225493643,2.396915920689589,2.510339905053017,1200417.3118811043,231709817580.7361,250987950327.0771,84848731.90050274,34447616.62075403,30926.546120419596,16549.069573953875,5061.0563535902165,11.210581648258444,4.564078552225896,1.8393880505280533
29,5100.0,85.0,1.4166666666666667,30.436486947085985,30.433344318090743,0.0008034273645629838,118.34862752888343,118.54292738532176,118.31013161705798,1.0003253813625197,0.00032538136251975593,379.2036348693424,376.80053454014666,158.10681314000132,160.89883335463594,2.398401607991194,2.3418475242119583,1184004.0606048955,231781353926.7758,228913305293.60617,85049193.24308814,34507975.427202836,31061.753514830205,16641.184696374217,5076.911230157004,11.281476688409358,4.590236968747891,1.8487685462615189
29,5160.0,86.0,1.4333333333333333,30.38828039083358,30.13245934380039,0.0008034273645629838,117.58908926310036,117.26756348742568,117.55120502265319,1.0003222786226638,0.0003222786226637925,380.0750804144134,388.18178062245545,158.3738891358229,154.96531890149438,2.399859487497068,2.5049590668038952,1167899.2322376948,231851901016.29785,248510921709.96017,85246776.4764322,34567487.47603503,31195.251971903428,16732.420524095905,5092.561167118401,11.351599492378956,4.6161018694260925,1.8580406754794465
29,5220.0,87.0,1.45,30.340073872896177,30.45596883001014,0.0008034273645629838,116.83680526380718,116.67276376078925,116.79952206195243,1.0003192068015054,0.0003192068015053417,380.9340352899675,380.10945916441295,158.63722526569518,159.12531889906793,2.401290331773997,2.388742795893554,1151929.1569511676,231921477643.19415,241739458012.34412,85441549.36125477,34626172.822308436,31327.077546040688,16822.78496845545,5108.010798222298,11.420964061890796,4.641678868951658,1.8672066250146937
29,5280.0,88.0,1.4666666666666666,30.291867488085316,30.252341810646378,0.0008034273645629838,116.09171618495094,116.41842515623713,116.0550261877936,1.00031614311213,0.00031614311213001015,381.78076063187075,386.6041339334053,158.89690014514662,157.86565551657208,2.4026948309446423,2.4489438989649095,1135934.6449108508,231990100179.86316,245839194292.62436,85633570.36110723,34684048.75974233,31457.260339502427,16912.28515810785,5123.264042148158,11.489581446546875,4.6669724759673095,1.8762681774844716
29,5340.0,89.0,1.4833333333333334,30.243661164306257,30.284718187029675,0.0008034273645629838,115.35376897463765,115.28092349091877,115.31765884784392,1.0003131361419795,0.0003131361419795698,382.6154178958516,396.61864871016854,159.15296199904682,161.84822274790534,2.404073496905091,2.45055918425463,1120269.7566937956,232057779801.82364,227757756578.9648,85822874.9141427,34741125.670608,31585.814738910456,17000.92746565299,5138.322938275009,11.557454442616079,4.691984134958394,1.8852260037885011
29,5400.0,90.0,1.5,30.19545495869194,30.18963149128425,0.0008034273645629838,114.62290807054279,114.33005415357381,114.58736406836019,1.000310191289167,0.0003101912891669223,383.4382156959769,379.27375675382586,159.4054734447146,155.79463161062432,2.4054269116986244,2.4344468922506923,1104974.605377567,232124530106.981,239652936780.45917,86009509.43878493,34797417.23787466,31712.763191199574,17088.718565243962,5153.19046680426,11.624590329115788,4.7167169315413435,1.8940813616281247
29,5460.0,91.0,1.5166666666666666,30.14724904001243,30.25043456364461,0.0008034273645629838,113.89907574163247,114.07469092092589,113.86408809315544,1.000307275534042,0.000307275534041983,384.24940338543536,384.13336782638856,159.65450953281103,159.89002444869794,2.4067557158882957,2.4024848901667473,1089815.898794217,232190366785.8908,228044388180.0657,86193529.85352284,34852940.0005926,31838.135218957083,17175.665391539496,5167.870429985405,11.691000369893352,4.7411754060619185,1.9028360273235565
29,5520.0,92.0,1.5333333333333334,30.099042972951196,30.08135912844422,0.0008034273645629838,113.1822170338499,112.84082161846634,113.1477687162483,1.0003044542370783,0.0003044542370781582,385.04908312311494,390.9764155130362,159.90010002816794,161.28092128324798,2.408060301746433,2.424195077769849,1075259.007302013,232255298442.86694,228781625486.34598,86374957.99789855,34907700.17582599,31961.936601814836,17261.774545627493,5182.363774310214,11.756683148306958,4.765359393413711,1.9114900689673628
29,5580.0,93.0,1.55,30.050836454372245,29.98426089828349,0.0008034273645629838,112.47227663737169,112.22072552383574,112.43834649355495,1.0003017666559042,0.00030176665590410167,385.83738721607017,388.3640746548856,160.14228398629294,158.89085012364683,2.4093411034970322,2.4442192508421074,1061577.7360916764,232319335113.6306,229124765259.7755,86553822.7450138,34961706.114976615,32084.17835562178,17347.05267133058,5196.672061863704,11.821640184888835,4.789269804581879,1.9200439400752423
29,5640.0,94.0,1.5666666666666667,30.002630022545915,29.907817642248624,0.0008034273645629838,111.7691969777127,112.12018456385613,111.73577492701384,1.0002991168291506,0.0002991168291506588,386.61463988204815,382.5069650641326,160.38115960327107,159.6162492066933,2.410598856115035,2.3964161980075693,1048093.9829216531,232382495945.64832,233707105592.23068,86730197.54008402,35014979.69348528,32204.903482039357,17431.506684502834,5210.800669607585,11.885890505328387,4.812914009935374,1.9285004257786618
29,5700.0,95.0,1.5833333333333333,29.954423721485096,29.90460603183474,0.0008034273645629838,111.07292181069153,111.1572081435307,111.0400006825235,1.0002964798988263,0.0002964798988263039,387.38105260694726,387.5614261736364,160.61679033493112,163.63225048509779,2.411834104013341,2.368490471925228,1034636.5291550488,232444794733.98077,221009098861.25113,86904129.73520656,35067534.871002205,32324.136852131756,17515.143341202074,5224.752786679966,11.94944347992045,4.836295792044348,1.936861006648726
29,5760.0,96.0,1.6,29.906217595202662,29.959205974948773,0.0008034273645629838,110.38339489212673,110.60842889303512,110.35097096683978,1.0002938254643603,0.0002938254643603657,388.13683687666605,393.9785036753021,160.84923963710187,161.9353602906867,2.4130473837013864,2.432936839539429,1020998.313585726,232506245273.68875,232784291167.48224,87075666.73369735,35119385.62345753,32441.90370960536,17597.969397486133,5238.531632142422,12.012308833495599,4.859419050054527,1.9451271999138193
29,5820.0,97.0,1.6166666666666667,29.858011687711496,30.02009733188969,0.0008034273645629838,109.70055997783692,109.99690196421997,109.66863352448574,1.0002911174537799,0.0002911174537799578,388.8822041771027,381.04839856999183,161.0785709656121,159.12378955120192,2.4142392240375865,2.394666439535619,1006936.6468096803,232566861359.83307,228614195360.31137,87244855.98893836,35170545.942698315,32558.2296619204,17679.991609412835,5252.1404542725895,12.07449663812542,4.882287797240716,1.9533005586727352
29,5880.0,98.0,1.6333333333333333,29.809806043024484,29.814130320493575,0.0008034273645629838,109.02436082364066,109.78824781746818,108.99293663472307,1.0002883139943546,0.00028831399435462425,389.61736599415576,387.93728097513275,161.30484777629061,160.09161685521312,2.415410146473128,2.4232204571085276,992173.8214231028,232626656787.47446,213880571288.51758,87411745.00324728,35221029.83613231,32673.140671595967,17761.21673304001,5265.582529872376,12.136017305933823,4.904906158599136,1.9613826711213898
29,5940.0,99.0,1.65,29.761600704620946,29.826672595901467,0.0008034273645629838,108.35474125236789,108.577537171414,108.32382910119095,1.0002853679696648,0.000285367969664903,390.34253356289776,390.0894394777752,161.52813344876614,164.37005916509648,2.416560664874565,2.3732390281977196,976403.0051040072,232685645336.05392,227203805868.3402,87576381.26890148,35270851.30907336,32786.663006862036,17841.651516376085,5278.861158827066,12.196881559821163,4.927278360335052,1.9693751568799727
29,6000.0,100.0,1.6666666666666667,29.713395285950913,29.667750565077807,0.0008034273645629838,107.69169800416388,108.07553536603534,107.66125437493423,1.0002827723808942,0.0002827723808941557,391.05771615670477,395.1345491060207,161.7484299908837,161.07438306935072,2.417690954890537,2.4531185007605782,963001.5869736283,232743828264.9646,261111652679.51248,87738765.71753857,35320010.439776435,32898.79031825135,17921.296350995184,5291.975823886056,12.257082510290463,4.949402155015685,1.9772773155288172
29,6060.0,101.0,1.6833333333333333,29.665189694157007,29.74703024801051,0.0008034273645629838,107.03514788167651,107.31225378595263,107.00516064122549,1.000280241067546,0.00028024106754593296,391.76306603453565,385.43574781454413,161.96578218998883,163.4255241100864,2.418801432854443,2.358479496476374,949999.894014802,232801218020.65442,245102770190.452,87898932.06023805,35368516.955364846,33009.539157192135,18000.16123057325,5304.928602842385,12.316625665405649,4.971279807890922,1.985090041141467
29,6120.0,102.0,1.7,29.616984032337033,29.63617334985308,0.0008034273645629838,106.38503624407205,106.67341474382005,106.35549930634187,1.0002777189512797,0.0002777189512796921,392.4587609964067,398.42082185934566,162.18024318983922,166.53615932372037,2.41989254225631,2.3923982844162848,937024.8112844732,232857826671.76544,245799017513.52045,88056920.14446664,35416382.55798338,33118.9310135156,18078.252718573778,5317.722200243406,12.37551943643947,4.992914664795768,1.992814625397548
29,6180.0,103.0,1.7166666666666666,29.568778305205697,29.455179009612486,0.0008034273645629838,105.74131551577261,105.95463832448785,105.7122209557558,1.000275224186511,0.0002752241865109696,393.1449493955085,397.8780396998946,162.39185720717768,158.41645669003992,2.4209646724708533,2.511595373442728,924201.8684758542,232913664498.24457,242311862636.1837,88212763.05549425,35463616.93228136,33226.98282526061,18155.57652978092,5330.358780999619,12.433769863460665,5.014309192383477,2.0004520420138654
29,6240.0,104.0,1.7333333333333334,29.52057236472507,29.567321267157247,0.0008034273645629838,105.10393178259216,105.35847030567385,105.07527470159528,1.0002727290609352,0.00027272906093524853,393.821738217475,388.8687355241823,162.6006556661223,163.6764132794195,2.4220181438021555,2.3758385691182435,911347.6226972648,232968740138.6037,229105182812.21356,88366484.2649075,35510226.83518582,33333.70475047145,18232.13914037317,5342.839686343331,12.491379328283923,5.035464497072994,2.008002768968587
29,6300.0,105.0,1.75,29.47236641936791,29.485894144592617,0.0008034273645629838,104.47284409078702,104.96089530026157,104.44461490826001,1.0002702789660511,0.00027027896605113583,394.4893311151531,409.1081167135932,162.80669985683764,160.40625025036715,2.423053421401227,2.5504499735829764,898768.2295523452,233023066165.19763,230047084685.34012,88518129.81452632,35556225.89198145,33439.12357407913,18307.94546971913,5355.168240614799,12.548359515379076,5.056385108710748,2.015468518065954
29,6360.0,106.0,1.7666666666666666,29.424160525021374,29.60283690753092,0.0008034273645629838,103.84800603700222,103.81295218157804,103.82019439644718,1.00026788276324,0.00026788276324008907,395.14789033414627,389.65812395432675,163.0100382780214,164.99546272040132,2.4240709008374237,2.3616293292539514,886522.0813473136,233076653459.834,251018385969.3447,88667736.1308037,35601624.80295401,33543.2593314944,18383.001091795384,5367.34694876525,12.604718485214832,5.0770742090543495,2.0228505097109593
29,6420.0,107.0,1.7833333333333334,29.37595473757264,29.39689704484361,0.0008034273645629838,103.22937121788274,103.46904650341612,103.20196648694385,1.0002655446584185,0.00026554465841854483,395.797578120058,390.7483033756542,163.21071942837136,162.2682317633298,2.425070972705089,2.408039448815621,874635.6747882223,233129512904.3208,231028700278.8797,88815339.67497677,35646434.27942416,33646.13230500587,18457.311580578506,5379.378335499601,12.660464537949238,5.0975350583452,2.030149988853516
29,6480.0,108.0,1.8,29.327749112908872,29.294836662472207,0.0008034273645629838,102.6168932300736,102.85464618551828,102.5898849982226,1.000263264081556,0.0002632640815560631,396.4385567184916,401.8408326271785,163.4087918065853,166.40238467537753,2.426054022770856,2.4148742424040432,863103.598151031,233181655380.46564,229750678415.8399,88960976.94231904,35690665.04351208,33747.76301818842,18530.882510045067,5391.264944834858,12.715606208643106,5.117770993718479,2.0373682244823597
29,6540.0,109.0,1.8166666666666667,29.279543260564584,29.268038719903466,0.0008034273645629838,102.01051726566583,101.64126531687477,101.98389866114591,1.0002610079127132,0.00026100791271330197,397.0707869119052,393.54392085434694,163.6042420503987,160.41476817724217,2.4270201184000264,2.4532898393714007,851708.0591689304,233233082479.4225,234392397510.9601,89104637.57547471,35734313.64769247,33848.13807990988,18603.72046372768,5403.005292553184,12.770133272500466,5.1377784464174,2.0445039984034845
29,6600.0,110.0,1.8333333333333333,29.23133744853629,29.19486569468025,0.0008034273645629838,101.41020091519682,101.25690214708631,101.38396507649348,1.0002587770036766,0.00025877700367655035,397.69452668234857,402.4375234907064,163.79714805519464,166.31284523927434,2.427969787046217,2.4197621230742543,840455.8194528373,233283809497.9713,224746688182.08966,89246380.40213205,35777397.568864524,33947.294588071716,18675.830535856094,5414.603872863152,12.824063617001968,5.157564178009428,2.0515598058518014
29,6660.0,111.0,1.85,29.183131696942876,29.06024580220059,0.0008034273645629838,100.81589710181619,101.01414440853175,100.79003918928281,1.0002565522619236,0.0002565522619236361,398.30992213126046,393.84780640415454,163.98755336246862,166.08372864280275,2.428903376897509,2.3713810475149275,829224.5258634104,233333846573.4173,219779852427.10843,89386238.24892196,35819926.420773335,34045.25094131756,18747.218381307222,5426.062953980275,12.877404847479308,5.177131159556648,2.058536774847161
29,6720.0,112.0,1.8666666666666667,29.134926024536263,29.152014286089788,0.0008034273645629838,100.22755872293438,100.37307414440811,100.2020764327806,1.0002543090029763,0.0002543090029762957,398.91711874309425,407.1115084940672,164.17550132426558,159.62373814469817,2.429821231093346,2.55044464705508,817858.162293825,233383203814.61267,228126513065.29028,89524243.82852647,35861909.7831212,34142.025640386644,18817.889658049782,5437.384808205285,12.93016471322295,5.196482406774548,2.065436046304404
29,6780.0,113.0,1.8833333333333333,29.086720450068373,29.13769228792627,0.0008034273645629838,99.64513867596185,99.35259106666551,99.62003274327058,1.0002520169086468,0.00025201690864689035,399.51626200230316,399.57101148198893,164.36103529263045,162.07646389625654,2.4307236888049495,2.4653240938039604,806167.8786348584,233431891330.4096,252579123744.1146,89660429.88262321,35903357.24479219,34237.63738797058,18887.850024052485,5448.571723946352,12.982351161498585,5.215621000043093,2.072258781289169
29,6840.0,114.0,1.9,29.038514836382124,29.048847685303535,0.0008034273645629838,99.06860782255751,99.28175161691217,99.04386270357614,1.0002498400032662,0.0002498400032663326,400.10733789087345,418.11179720493277,164.54415019271983,164.73487832372186,2.431610831635484,2.5380890887192558,795205.7785979715,233479910384.18497,221908406137.91544,89794792.18249425,35944267.339668676,34332.07824400414,18957.10297941637,5459.62288328943,13.033957398392367,5.234544622815454,2.07900421231231
29,6900.0,115.0,1.9166666666666667,28.990309197224857,29.13838220755885,0.0008034273645629838,98.49791963677275,99.01207341237937,98.47352324617206,1.000247745686317,0.0002477456863170963,400.69048677333114,409.4841163047089,164.72488782210647,165.09707789316423,2.432482984635899,2.4802626523147167,784757.3718150309,233527270800.85678,218551950072.47995,89927362.32523035,35984649.314974666,34425.366335407314,19025.65411284397,5470.5404967608265,13.084991165329226,5.253256269244031,2.085673465474475
29,6960.0,116.0,1.9333333333333333,28.942103577955116,28.84889014545102,0.0008034273645629838,97.93302395033217,98.3010537856038,97.90897216925534,1.0002456545150453,0.0002456545150454334,401.2658813539964,399.85796517605104,164.90329979711774,167.26454235351855,2.433340520460646,2.3905722010761816,774317.12832777,233573984198.8004,232837644533.54333,90058179.43830684,36024514.670321725,34517.52543213991,19093.50945055455,5481.327424003493,13.135463431084252,5.2717601056234376,2.0922680821720503
29,7020.0,117.0,1.95,28.893897978127217,28.80995783046338,0.0008034273645629838,97.37387587264513,97.30761662624562,97.35016722283659,1.0002435398981315,0.0002435398981315643,401.8336474772424,395.2612130395291,165.07942350683146,165.49873538445982,2.43418373375052,2.3883035246240545,763720.828306603,233620059597.6948,229533393916.59143,90187271.80545858,36063871.66310308,34608.5715990443,19160.67438481125,5491.985621800953,13.185380954515866,5.290058752114499,2.098789049472475
29,7080.0,118.0,1.9666666666666666,28.845692397295476,28.80107716898114,0.0008034273645629838,96.82043051312095,97.0159029958116,96.7970666566045,1.000241369468347,0.00024136946834700266,402.39391098744215,418.0790400311257,165.25329634032536,155.95221129121148,2.435012915922388,2.6808150815536793,752771.6999842928,233665506017.21875,233378716996.94006,90314667.73468623,36102728.558381245,34698.52106724656,19227.154307877216,5502.517060155153,13.234750658293141,5.308154882284626,2.10523737103889
29,7140.0,119.0,1.9833333333333334,28.797486823848757,28.62639782764252,0.0008034273645629838,96.27265264771438,96.61322346817924,96.24962909145722,1.000239206701101,0.00023920670110095412,402.94674080751145,413.78825190935544,165.42493847869164,164.48561830719134,2.435828264548002,2.515650037783665,741872.041190749,233710329148.00128,232368400193.80032,90440382.3671045,36141089.70120917,34787.38064011399,19292.953450868998,5512.922615358024,13.283574269120983,5.326049269159786,2.1116133725452917
29,7200.0,120.0,2.0,28.74928124159235,28.79699708382698,0.0008034273645629838,95.73051102063641,95.77794984484294,95.70781359730995,1.0002371532947347,0.0002371532947347644,403.49218249328663,406.2888332925555,165.59436303889632,168.76201831173495,2.436629937690033,2.407466071791487,731651.2356104408,233754533314.04846,237054757940.21365,90564425.4456752,36178957.82958409,34875.153292754156,19358.07556823572,5523.202717845213,13.3318514188603,5.343741917872304,2.117917105086713
29,7260.0,121.0,2.0166666666666666,28.70107565464498,28.618857352167314,0.0008034273645629838,95.19395678963369,95.09325059205618,95.1715799689637,1.0002351208278488,0.00023512082784889584,404.0303851585088,419.1140206928092,165.76161444460408,169.0457979673356,2.4374182558021107,2.4792927462994014,721558.4748256338,233798128895.94742,219007522875.37985,90686830.73131278,36216342.83320188,34961.85958264371,19422.526526914728,5533.359821989611,13.379591616380795,5.361236429344979,2.1241498960993277
29,7320.0,122.0,2.033333333333333,28.652870056774354,28.807343625302046,0.0008034273645629838,94.66295007390659,94.77092442946191,94.64088837635227,1.0002331095780355,0.00023310957803554782,404.56144514739407,406.76558759323,165.9267211666693,166.75268466499443,2.4381934525242746,2.439334565499924,711595.958597918,233841123188.0611,223754049803.05762,90807619.77732724,36253250.96731134,35047.51131768332,19486.311117392455,5543.395367438223,13.426799544262694,5.378534639491926,2.1303124434942298
29,7380.0,123.0,2.05,28.6046644411612,28.396189474082014,0.0008034273645629838,94.1374515008239,94.57932806134113,94.11569947421438,1.0002311200653136,0.00023112006531363901,405.0854558118082,395.49424913330745,166.08971077132585,167.80353449451,2.4389557542762796,2.356888669387633,701767.2504668457,233883523309.74493,253600166541.61655,90926813.46244475,36289688.28662385,35132.11992725754,19549.4340691141,5553.310745566886,13.473479726961644,5.3956383217164285,2.136405421110555
29,7440.0,124.0,2.066666666666667,28.55645881885247,28.5530793789714,0.0008034273645629838,93.61742207967376,93.2267694533523,93.59597459825922,1.0002291496136089,0.0002291496136089099,405.6025225426235,399.66851843673925,166.25061452972417,167.7108613680538,2.439705403134647,2.383080709123766,692056.4719038815,233925336937.0312,226096665487.2692,91044435.49067673,36325661.70253784,35215.69904373044,19611.900065648653,5563.107603238223,13.519637986533553,5.412549720059264,2.1424296696220226
29,7500.0,125.0,2.0833333333333335,28.508253275742113,28.325234343321508,0.0008034273645629838,93.10282281182393,93.26262161330223,93.0816763578583,1.0002271817052835,0.00022718170528352737,406.11280918442725,407.8965349881647,166.40948165153287,165.85738470162335,2.4404427269044757,2.45932091430218,682364.8755840536,233966574561.96594,210785079837.1106,91160523.20270324,36361182.24910899,35298.27250846239,19673.7137915165,5572.788783697893,13.565285973844505,5.429273207416182,2.148386789814765
29,7560.0,126.0,2.1,28.460047734334818,28.377558123120266,0.0008034273645629838,92.59361632063826,92.2625526454205,92.57276609072902,1.0002252307108206,0.00022523071082058898,406.61634397598806,394.8210664217405,166.5663197743636,161.8620674435598,2.4411678454972434,2.4392439356392868,672780.3575154976,234007240046.3374,236105273504.9755,91275082.37941226,36396251.430073604,35379.84095295322,19734.879736403665,5582.354397529839,13.610422284400578,5.4458083727307285,2.1542766685674395
29,7620.0,127.0,2.1166666666666667,28.411842191740465,28.292881332073517,0.0008034273645629838,92.08976522321466,91.36160845003366,92.06920642508186,1.0002232972231548,0.00022329722315490586,407.11321341282127,400.51753941160933,166.72115441394334,165.72004100857862,2.44188096491955,2.4168322489787233,663307.0042420944,234047340058.35968,214631634610.92218,91388132.38738695,36430874.856281534,35460.41514192448,19795.402390748844,5591.805744156576,13.655051279399746,5.462156912269034,2.1600999457506163
29,7680.0,128.0,2.1333333333333333,28.36363664484158,28.453040322466794,0.0008034273645629838,91.59123264235922,91.42932561972218,91.57096046692733,1.0002213821426413,0.00022138214264123742,407.6035012910092,403.673318458557,166.8740102712049,164.4591284285516,2.442582284854118,2.4545510019161436,653950.5784656215,234086881105.49808,232535956274.84604,91499691.98377897,36465057.95768128,35540.00548998121,19855.286184244993,5601.144078899282,13.699177169159332,5.478320463254693,2.1658572387152204
29,7740.0,129.0,2.15,28.31543109029331,28.2332675177346,0.0008034273645629838,91.0979822065863,91.10090836968524,91.07799179846077,1.0002194867028882,0.00021948670288819987,408.0872887072005,393.789148375613,167.02491123228683,172.40213468976216,2.443271998747903,2.2841315108089413,644718.6216111149,234125869534.46863,252482720820.91287,91609779.3156893,36498805.98312271,35618.62205709937,19914.53548583934,5610.370612613763,13.742804008676258,5.4943006024133725,2.1715491418361137
29,7800.0,130.0,2.1666666666666665,28.26722552452344,28.440687606522456,0.0008034273645629838,90.60997805011847,90.75181160337945,90.59026447652212,1.0002176124963347,0.0002176124963346099,408.5646540586106,398.53755018067034,167.17388036853347,171.08726045736512,2.443950293897187,2.3294402465459183,635620.5502138108,234164311531.23798,209147055171.61142,91718411.91956481,36532124.00016473,35696.27454424038,19973.154603733372,5619.486511336546,13.785935693302447,5.510098844555433,2.177176226067726
29,7860.0,131.0,2.183333333333333,28.219019943732384,28.19212072314417,0.0008034273645629838,90.12718481288657,90.38286660106556,90.10774303111255,1.0002157614997338,0.00021576149973379465,409.0356730430212,425.55771616808795,167.32093993649485,164.83450709112444,2.4446173515297427,2.581727113321178,626667.7476919587,234202213121.02405,253367727565.3195,91825606.72061223,36565016.894888595,35772.97228909088,20031.147785382847,5628.492895940886,13.828575954533639,5.525716641195961,2.1827390385114986
29,7920.0,132.0,2.2,28.170814343893195,28.25645095657942,0.0008034273645629838,89.64956764052964,89.33446191461181,89.63039246397686,1.000213936099415,0.00021393609941499462,409.5004186587809,421.1073410832074,167.4661113779268,169.48214245807674,2.445273346884174,2.484670862520946,617873.6515112006,234239580168.29526,234699200839.27942,91931380.03222796,36597489.37171615,35848.72426192346,20088.519217497793,5637.390841802449,13.87072835590884,5.541155379211306,2.18823810199489
29,7980.0,133.0,2.216666666666667,28.12260872075155,28.079852786258424,0.0008034273645629838,89.177092184395,89.12724677659534,89.15817824724935,1.0002121391163152,0.00021213911631515556,409.9589612048049,414.56490792875707,167.60941531979086,170.25220125691735,2.4459184492865305,2.4350046863897052,609253.8367259941,234276418376.7711,226950531814.9874,92035747.55544382,36629545.95323304,35923.53906157659,20145.273026042498,5646.181378474434,13.912396289018739,5.556416379531495,2.1936739146616855
29,8040.0,134.0,2.2333333333333334,28.074403069825763,28.042492910832728,0.0008034273645629838,88.70972460153816,88.91104974191599,88.6910663221641,1.0002103738307337,0.00021037383073371102,410.4113682805748,413.2154245522133,167.75087157425435,170.79810697307042,2.4465528222242803,2.4193208688042693,600826.0969222048,234312733289.4217,225694657922.0563,92138724.37838766,36661190.98001689,35997.42491154967,20201.413276235515,5654.865489371854,13.953582969620491,5.5715008958676995,2.1990469495733764
29,8100.0,135.0,2.25,28.026197402518573,27.876340893416426,0.0008034273645629838,88.24742981198379,88.13543762477721,88.22902325142495,1.0002086225130975,0.00020862251309743587,410.8577275984339,410.9003502499798,167.89050611253626,171.23553273401194,2.447176657642796,2.3996208245414246,592488.4396172209,234348531485.9619,231153823847.3142,92240330.2852407,36692430.20941723,36070.39360383096,20256.944181887684,5663.444571838375,13.994293681075854,5.58641093343119,2.204357946550297
29,8160.0,136.0,2.2666666666666666,27.977991735964444,28.158685545601873,0.0008034273645629838,87.79017259689654,87.7313189536609,87.77201611392947,1.0002068595865852,0.00020685958658514292,411.2981326086318,417.25718324867955,168.02834667040335,163.82396281659823,2.4477901542137723,2.5469850446469855,584096.7863361639,234383819828.26157,215605125864.472,92340586.41197291,36723269.80848749,36142.45802397722,20311.86997348976,5671.920148156019,14.03453437223052,5.601148736866403,2.2096077295012955
29,8220.0,137.0,2.283333333333333,27.929737999653838,27.926335499216602,0.0008910390384805603,87.3374955178895,87.25924421828552,87.31956403734948,1.0002053546732361,0.00020535467323616082,411.73307691377653,413.2964258289705,168.1645401837419,164.3905184665494,2.4483941529165656,2.514113524820284,577170.0166869675,234418644404.16406,239411758687.95312,92439604.93460952,36753742.595281705,36213.69531877583,20366.24559859571,5680.300804767672,14.074346550069485,5.615729335540889,2.2148015598476043
29,8280.0,138.0,2.3,27.87809227647873,27.88173272872306,0.0008910390384805603,86.85990648580818,86.13379505033357,86.84082465535349,1.0002197334091474,0.0002197334091474314,412.19142177036787,414.42095804242996,168.3076790508905,174.43360939174002,2.4490351485729613,2.3758091086204063,662686.8889340975,234455807032.00708,238622998913.69968,92543956.56001666,36785771.14138186,36288.74466816394,20423.61365049737,5689.096721341246,14.116296919980812,5.631075721748237,2.2202599204738567
29,8340.0,139.0,2.316666666666667,27.8242844309567,27.919658005042443,0.0008910390384805603,86.36697847731148,85.44347114238859,86.34807033348412,1.0002189758700377,0.00021897587003780647,412.6638947686204,421.5849245008476,168.4549249490677,168.6943400628113,2.449699199316311,2.4991053306463957,660033.4767171061,234494514621.0049,206551070119.065,92651531.7825011,36818720.83843616,36366.103891893115,20482.824222088566,5698.135877282741,14.15955213347973,5.646884750394178,2.2258758302114603
29,8400.0,140.0,2.3333333333333335,27.770902135086985,27.77775617418696,0.0008910390384805603,85.88347909236087,86.65239466450237,85.86524895575825,1.000212310996874,0.00021231099687392965,413.1259098374316,406.13199121220896,168.5990953373776,169.75570637369225,2.4503447602179604,2.3924497142862995,622225.9201418308,234532197208.8851,221899244712.54114,92756731.88869189,36850984.14230026,36441.85113773488,20540.90222628684,5706.998539130995,14.20195136976178,5.662384991774671,2.2313842554254752
29,8460.0,141.0,2.35,27.717446172099166,27.656425884783197,0.0008910390384805603,85.40572298518799,84.93048585185598,85.38774382876754,1.0002105589820538,0.00021055898205375522,413.58124191581175,411.05672064112036,168.74127075521127,168.57735794923929,2.450978590269026,2.4383863031291226,613708.7629455731,234569277064.14743,231722032306.0528,92860416.38512987,36882802.86213537,36516.5804484049,20598.290347268565,5715.7465269234835,14.243818768380947,5.677691385884596,2.236824274685063
29,8520.0,142.0,2.3666666666666667,27.663982211204086,27.53318371413972,0.0008910390384805603,84.93381516917198,85.06068764615931,84.91611416731418,1.000208452801113,0.00020845280111292597,414.02985826302836,408.002131760184,168.88142836345185,171.33211877314935,2.451600879239306,2.381352280481603,603147.8292330384,234605767067.09845,229976062209.1053,92962577.55322489,36914171.8102237,36590.28063315331,20654.975970814034,5724.377626849058,14.285145725448487,5.692800432858245,2.242194454659278
29,8580.0,143.0,2.3833333333333333,27.610518592212717,27.483975917844536,0.0008910390384805603,84.46776734813454,84.63113137755646,84.45039438964523,1.0002057179083044,0.00020571790830438376,414.47192594496363,421.4968956747094,169.01961596326268,170.3855701082142,2.4522119730472665,2.473782817447574,589017.2116092241,234641678807.46133,233037662740.8282,93063253.8031296,36945101.81711978,36662.97721703264,20710.957691058768,5732.8946659957,14.325945307335079,5.70771689458266,2.247496481011668
29,8640.0,144.0,2.4,27.55705531077106,27.478387921893944,0.0008910390384805603,84.0075977784749,83.73332101367319,83.99054461044075,1.0002030367598311,0.0002030367598310908,414.90736344958856,409.54999482713635,169.15581020959436,171.396337562758,2.4528117771153886,2.3894909345841575,575295.1087415791,234677005653.2709,253187333992.36636,93162425.79999253,36975587.40660845,36734.65357767684,20766.233315041907,5741.295949628268,14.366206767652056,5.722437038655308,2.252729104946768
29,8700.0,145.0,2.4166666666666665,27.503592310012213,27.588350220341013,0.0008910390384805603,83.55331509497377,83.91165858809447,83.5365251987275,1.0002009886837682,0.00020098868376825386,415.3361459442681,418.33432359058946,169.29000394421328,168.34623673555996,2.4534002969315023,2.4849639154554635,565228.7795499185,234711745528.04526,246392191533.3593,93260087.34073232,37005626.80134462,36805.30263036527,20820.801805552557,5749.580797293325,14.40592473592162,5.736959045815856,2.2578917357974957
29,8760.0,146.0,2.433333333333333,27.450129589936182,27.335358153063776,0.0008910390384805603,83.10491929763113,83.2351489544152,83.08829771652968,1.0002000471974783,0.00020004719747844851,415.7582734290025,430.4630765154253,169.42219716711946,169.77482634891734,2.45397758015672,2.535494135218536,561394.3323104176,234745898431.78452,233508332476.9938,93356237.96175481,37035219.854507074,36874.921473275375,20874.66316259071,5757.748975458673,14.445096208716867,5.751281939657117,2.262984072932504
29,8820.0,147.0,2.45,27.396667170292474,27.47685697292667,0.0008910390384805603,82.66224464495214,82.58441754360095,82.64582458209688,1.0001986798841718,0.0001986798841718816,416.1739726940781,419.51812250824486,169.55245660594764,167.74906382934108,2.454544045099252,2.500867146030932,555156.9111578804,234779484887.06744,225401750318.51166,93450929.19093397,37064381.4696769,36943.54456522715,20927.837295044643,5765.804315318599,14.483739141908991,5.76541224807103,2.268008411789854
29,8880.0,148.0,2.466666666666667,27.3432048044943,27.298349324791186,0.0008910390384805603,82.22521586371947,81.27521333985983,82.20906673696248,1.0001964397285843,0.00019643972858440035,416.58345819577363,409.7047784311308,169.6808442748018,170.43372014523604,2.4551001026439243,2.403895063030946,544069.8215855994,234812522545.02747,233613329896.55658,93544210.12453967,37093125.621890545,37011.20515849421,20980.333244742258,5773.750463667609,14.521871027629164,5.779356299950705,2.2729669693820123
29,8940.0,149.0,2.4833333333333334,27.289742458415336,27.234402403109353,0.0008910390384805603,81.79390608025449,82.12558545329931,81.77798762204672,1.0001946545601164,0.00019465456011628218,416.9866447164802,392.9479214176676,169.8073349268855,165.53753178766905,2.455645658039587,2.3737693632021304,535545.3820171338,234845003515.77075,246320188630.2267,93636060.86218035,37121446.50274913,37077.886701527925,21032.142227741057,5781.585683230442,14.55948135962987,5.79311041644866,2.277858504394411
29,9000.0,150.0,2.5,27.236280117226283,27.14568914756251,0.0008910390384805603,81.36823190153213,81.42819477496853,81.35255153709157,1.0001927458222795,0.00019274582227954342,417.38367455948656,423.1729854148297,169.9319701542695,173.9250868800312,2.45618098925454,2.4330761766801534,526370.5825741293,234876940208.10248,245883610615.05765,93726513.71098512,37149353.39531309,37143.6102569589,21083.27426122122,5789.312324577586,14.596580774985172,5.806678485334519,2.2826843923494726
29,9060.0,151.0,2.5166666666666666,27.18281777582688,27.276149637414715,0.0008910390384805603,80.94816750070439,80.97084970134905,80.9327235557098,1.0001908244813231,0.00019082448132313386,417.7745917566244,403.28584091220677,170.0547628296908,172.68456956566658,2.456706209252275,2.3353901389484,517163.648218841,234908336457.64706,238591124509.04745,93815578.40031733,37176849.08788511,37208.38066645013,21133.732447506834,5796.930979514633,14.633170822578819,5.820061142297698,2.2874448839589743
29,9120.0,152.0,2.533333333333333,27.12935543753809,27.001038432076648,0.0008910390384805603,80.53370770436403,80.18007632817267,80.51846951034562,1.0001892509148655,0.0001892509148655715,418.1594127102856,420.89892050206913,170.17571764058826,167.98137804475672,2.4572213856822973,2.505628453589215,509867.8797429882,234939193665.46344,252468272415.2436,93903258.3347508,37203934.52573113,37272.19825776722,21183.5174080282,5804.441742616039,14.669250535595582,5.833258118354769,2.29213991522776
29,9180.0,153.0,2.55,27.075893097382863,27.001398797596035,0.0008910390384805603,80.12476904514004,80.18296423042983,80.10975586127184,1.0001874076847046,0.00018740768470452512,418.5382998126843,411.58550565478623,170.29488177678505,164.2321809869938,2.4577268291673358,2.5061197091901333,501143.8142991015,234969525904.03363,224448539260.26343,93989590.53242004,37230620.28986536,37335.087753880536,21232.639168895945,5811.847335739358,14.70483274122133,5.846274065946077,2.2967711188061433
29,9240.0,154.0,2.566666666666667,27.022430755059684,27.15002417747384,0.0008910390384805603,79.72133993875252,79.98797026024104,79.70654979855937,1.0001855574006218,0.00018555740062184447,418.9112752947216,417.59304227677086,170.4122616929303,169.50417761327537,2.458222613403062,2.463615045698233,492418.33910635713,234999335113.60345,231750301605.2939,94074579.74982698,37256907.72871114,37397.05058605566,21281.099121615167,5819.147972025383,14.739917160133773,5.859108958322552,2.3013385131144517
29,9300.0,155.0,2.5833333333333335,26.968968413137222,26.903589939836774,0.0008910390384805603,79.3233911418743,79.33813354042921,79.30881922700023,1.000183736374039,0.0001837363740388061,419.2783926479913,419.2618573358892,170.527872872684,170.4850166880857,2.458708864333424,2.459229939854235,483885.22461931815,235028626082.2179,222583352631.90726,94158237.94166228,37282800.23803224,37458.093422490994,21328.900778897834,5826.344420575684,14.774506485406269,5.8717638244326,2.3058424782259284
29,9360.0,156.0,2.6,26.9155060702301,26.897927653855,0.0008910390384805603,78.93088892719621,78.03116160941488,78.91653271578018,1.0001819163985288,0.00018191639852872384,419.6397170705263,420.07109496698445,170.6417342520069,172.98590686468813,2.4591857256372847,2.4283544398537025,475395.12426583475,235057404482.08356,240907739550.76224,94240579.77869019,37308302.00275873,37518.22498487415,21376.048192072383,5833.437674559227,14.80860460829541,5.88424012076735,2.3102835420726158
29,9420.0,157.0,2.6166666666666667,26.86204372745042,26.97525161657175,0.0008910390384805603,78.54380401422382,78.62841739232213,78.52965954788003,1.0001801162315642,0.0001801162315643272,419.9953140660434,420.0720606686104,170.75386463918053,176.4983060946038,2.45965334344575,2.3800345168380828,467046.76631194033,235085676116.381,247358875329.28992,94321620.0291321,37333417.18858971,37577.454106787976,21422.544878315308,5840.428721264663,14.84221550846763,5.896539325011579,2.314662235328063
29,9480.0,158.0,2.6333333333333333,26.808581384682824,26.671690623893216,0.0008910390384805603,78.16210433486694,77.88391937393057,78.14816969364709,1.0001783105256907,0.00017831052569079641,420.3452461168538,424.3675723625899,170.86428213973866,168.5952747339445,2.46011185516866,2.5170786846326063,458708.86784667877,235113446466.83685,219800498862.1109,94401372.75970736,37358149.7990123,37635.789178740175,21468.39468964947,5847.318510939114,14.875342946569623,5.908662840769566,2.3189790651431617
29,9540.0,159.0,2.65,26.75511904197486,26.7408234045368,0.0008910390384805603,77.78576235652541,77.84901339412698,77.77203382252223,1.0001765227592545,0.00017652275925439918,420.6895707269845,408.42420530770283,170.9730032577587,174.13815063584846,2.4605613910446045,2.345403369774984,450503.4564023629,235140720705.36194,230942917376.58307,94479850.90568455,37382503.47977768,37693.2378006496,21513.600933294096,5854.107894949251,14.907990256459534,5.920611911311495,2.323234479751028
29,9600.0,160.0,2.6666666666666665,26.701656699469332,26.868273841255835,0.0008910390384805603,77.41474825232369,77.63009364783103,77.4012233040996,1.0001747381713975,0.00017473817139750103,421.0283488770218,432.32918475961736,171.08004557326444,171.8978825244419,2.461002085112947,2.5150349638434033,442355.0739753449,235167504241.25018,227612676426.51114,94557068.21251541,37406482.12335855,37749.80822670531,21558.167192057066,5860.797798464748,14.94016117369759,5.932387923596362,2.327428977358055
29,9660.0,161.0,2.683333333333333,26.64819435707865,26.73911315274794,0.0008910390384805603,77.04903468906407,76.83689806726528,77.03571020764933,1.0001729649973865,0.00017296499738661037,421.3616341490726,428.5401099582443,171.1854244718208,172.77173149003258,2.4614340587065215,2.480383256348665,434306.1310927608,235193801948.45422,214559807146.6099,94633036.72299695,37430089.12494661,37805.50750175365,21602.09674920537,5867.389010505872,14.97185876742097,5.943992022844748,2.3315629709701398
29,9720.0,162.0,2.7,26.59473201475732,26.637337100725702,0.0008910390384805603,76.68859401614527,76.40738839796047,76.67546730605685,1.0001711983056591,0.0001711983056592571,421.68948143115097,418.05611117936536,171.28915572144157,172.19203868567084,2.4618574343195556,2.427848083862395,426332.06968339306,235219618796.96973,233767703331.24158,94707768.79178068,37453327.96997601,37860.342950051876,21645.392926132557,5873.882348889597,15.003086291518102,5.955425418360395,2.3356368950503503
29,9780.0,163.0,2.716666666666667,26.541269672505504,26.44168917146048,0.0008910390384805603,76.3333991260139,76.92721070411183,76.32046807800843,1.0001694309315852,0.0001694309315851261,422.0119448729013,418.39389140158653,171.39125486199987,172.841164263318,2.4622723324634923,2.420684292337772,418398.08425021643,235244959704.04498,248500997671.83627,94781276.61297524,37476202.095182106,37914.321824816114,21688.058979001187,5880.278621109877,15.03384698363515,5.96668931119737,2.3396511802410687
29,9840.0,164.0,2.7333333333333334,26.487807330231135,26.37595761601571,0.0008910390384805603,75.98342545126657,75.75936234421357,75.9706867094831,1.0001676796977257,0.00016767969772577207,422.32907196767883,427.4010272721017,171.49173545037056,169.35219606629937,2.4626788623869293,2.523740684796194,410587.99888077535,235269829105.06143,232548787596.39816,94853570.84983987,37498714.48830685,37967.45028976403,21730.097858850717,5886.57851150048,15.064143479832953,5.977784683985373,2.3436061801085835
29,9900.0,165.0,2.75,26.434344987932445,26.43841418833636,0.0008910390384805603,75.63864695432744,76.13703006180403,75.62609809757645,1.0001659328864858,0.00016593288648589287,422.64091244638433,412.30998790598704,171.5906117320542,168.74181194571707,2.4630771356323127,2.4434370068197677,402844.22794561274,235294231591.4359,220295549993.55237,94924662.68855283,37520868.29549449,38019.73494106645,21771.51269331788,5892.782752433155,15.09397868674454,5.988712615522662,2.347502281405566
29,9960.0,166.0,2.7666666666666666,26.38088264562196,26.30652945399301,0.0008910390384805603,75.2990392873337,74.94169667735223,75.28667785281307,1.0001641915259536,0.00016419152595356399,422.9475144198404,414.87383170840167,171.68789742892133,168.80335398683556,2.4634672609636934,2.457734529023377,395172.46156816493,235318171649.44482,225381011844.25076,94994562.95336825,37542666.54789242,38071.182147603424,21812.306407070882,5898.892046378462,15.12335540214605,5.9994741420616595,2.351339854631032
29,10020.0,167.0,2.783333333333333,26.327420303308255,26.259855002975844,0.0008910390384805603,74.964578811049,74.58551712534693,74.95240230208043,1.000162456553687,0.00016245655368710282,423.24892469387714,434.87014957993813,171.78360586215737,172.7541481890947,2.4638493444682994,2.5172776117881366,387577.7562613188,235341653677.66028,211574791273.11783,95063282.17540424,37564112.188170426,38121.79810107015,21852.481839657634,5904.907073565075,15.152276343030653,6.0100702684978184,2.3551192584098946
29,10080.0,168.0,2.8,26.273957960996245,26.139564081623718,0.0008910390384805603,74.635242426688,74.85198175892785,74.62324849192066,1.00016072651633,0.00016072651632997338,423.5451890031281,433.05206160119434,171.8777500238892,168.4977652151907,2.464223489918036,2.5700759950622363,380053.67435133836,235364682004.28998,248707141744.31018,95130830.6461711,37585208.08664839,38171.588854296715,21892.041765707003,5910.82849642361,15.180744166930822,6.020501976156879,2.358840842259323
29,10140.0,169.0,2.816666666666667,26.220495618686936,26.219190361795636,0.0008910390384805603,74.31100778342757,74.31697218476974,74.29919419204401,1.000159000262547,0.00015900026254688927,423.836351687568,422.80899449740343,171.97034248167282,170.37107217624236,2.464589798283021,2.481694744868564,372595.41094911523,235387260859.27258,244911920157.66208,95197218.34290919,37605957.0195913,38220.56026538142,21930.98887000255,5916.656953530764,15.208761439465789,6.030770211233586,2.3625049426056695
29,10200.0,170.0,2.8333333333333335,26.167033276378593,26.212182648120976,0.0008910390384805603,73.99185335384996,74.52798243579547,73.98021789910011,1.0001572779194259,0.0001572779194259688,424.12245555799086,415.7258055192295,172.06139534390354,173.16042174663272,2.4649483674724735,2.4008130802979735,365204.26707275794,235409394356.32855,238529590837.37784,95262454.89739457,37626361.66128479,38268.71797476473,21969.32573842028,5922.393057586047,15.236330620995462,6.040875880284827,2.366111881351242
29,10260.0,171.0,2.85,26.11357093407031,26.0322368478509,0.0008910390384805603,73.67775833801012,73.74455845385437,73.66629884069962,1.0001555595637468,0.00015555956374675223,424.4035421352599,438.45329636653645,172.1509203231137,174.32567818923198,2.4652992928454167,2.515138910806885,357881.264848281,235431086520.62442,246735077160.23007,95326549.65095975,37646424.59839086,38316.06744282454,22007.054869452095,5928.037398970896,15.263454086969723,6.050819857265734,2.3696619681853432
29,10320.0,172.0,2.8666666666666667,26.0601085917618,26.012000972117686,0.0008910390384805603,73.36870259902174,73.49638119142024,73.35741697966766,1.0001538442848554,0.00015384428485549836,424.679651841455,427.2577873956154,172.23892879119913,169.83255250534125,2.4656426675544605,2.5157590879532834,350622.88710530964,235452341304.51187,224759132393.01242,95389511.69859448,37666148.34248763,38362.61398117193,22044.17868194319,5933.590549129771,15.290134145258467,6.0606029897361715,2.3731555027335576
29,10380.0,173.0,2.8833333333333333,26.006646249444074,26.04570313693923,0.0008910390384805603,73.06466711465342,73.31755190396198,73.05355301850314,1.0001521362848356,0.0001521362848356576,424.95082547112435,414.5998683893636,172.32543213846466,172.94805240198,2.4659785859679344,2.3972508659751584,343448.83222760214,235473162739.39258,250290893050.2758,95451350.23338355,37685535.41367179,38408.36300004746,22080.699460846292,5939.053082156593,15.316373175815919,6.070226146069143,2.3765927896541283
29,10440.0,174.0,2.9,25.95318390711816,25.877215166449453,0.0008910390384805603,72.76563320373482,73.24024946703418,72.7546884042632,1.0001504342841907,0.00015043428419074878,425.2171007797021,435.8745243264724,172.41044092301158,171.68234285736813,2.46630713606016,2.538843057894383,336353.53572306375,235493554591.80255,242501680725.58237,95512073.7483361,37704588.142883524,38453.31943026513,22116.619450145823,5944.425523037291,15.342173302267131,6.079690103795189,2.379974102609766
29,10500.0,175.0,2.9166666666666665,25.899721564788,26.026615804306264,0.0008910390384805603,72.47158284861403,73.1057392511914,72.4608053335661,1.000148735788932,0.00014873578893197364,425.47851375209245,427.15624588898595,172.4939651844209,172.1031193329152,2.466628402316537,2.4819785227872457,329326.2503971815,235513520492.85114,237867094805.79214,95571690.33298281,37723308.74476857,38497.48793582815,22151.940814124293,5949.708366513161,15.367536511632444,6.088995590247214,2.3832996973460863
29,10560.0,176.0,2.933333333333333,25.846259222454105,25.81253652008501,0.0008910390384805603,72.18249890232082,72.08883418085651,72.17188675788314,1.0001470398643348,0.00014703986433489517,425.73509986597884,434.44888273766037,172.57601476439152,180.3374063799977,2.466942468495471,2.4090891150015326,322363.4751129597,235533064062.49316,228319273467.19525,95630207.96839654,37741699.39196,38540.87312690247,22186.665612477835,5954.902096593052,15.392464774879183,6.098143323785876,2.386569825106497
29,10620.0,177.0,2.95,25.792796880117386,25.72962375768384,0.0008910390384805603,71.8983649523916,72.05716112632976,71.88791638916747,1.0001453451949778,0.00014534519497779095,425.98689335294983,430.0919204455373,172.65659912029625,171.43735696316278,2.467249416028107,2.5087409655875197,315460.19733364385,235552188836.2361,240578438107.3831,95687634.354311,37759762.17176992,38583.47943359033,22220.795816673537,5960.007175092683,15.416959974732395,6.107133989185609,2.38978472465284
29,10680.0,178.0,2.966666666666667,25.739334537779126,25.867306598865458,0.0008910390384805603,71.61916532086956,71.60756663716748,71.60887870576235,1.000143649995547,0.0001436499955469517,426.23392719850017,427.96891170371083,172.73572732518147,180.05042585832413,2.46754932403821,2.376939180585253,308609.59620062634,235570898265.13995,241659391939.67902,95743976.90894347,37777499.08613373,38625.31110480442,22254.333309949456,5965.024041546067,15.44102390452873,6.115968237264117,2.392944622151718
29,10740.0,179.0,2.9833333333333334,25.685872195440982,25.816409605621747,0.0008910390384805603,71.34488506430448,71.64747383213128,71.33475895860403,1.000141951915844,0.00014195191584409687,426.4762331420292,419.4478744749066,172.81340806776743,170.16245224042854,2.467842269361356,2.4649848950357973,301802.7466901974,235589195715.81714,227573595920.59436,95799242.76882231,37794912.051556274,38666.37220717738,22287.27988731463,5969.9531131198255,15.46465826710587,6.124646684523472,2.3960497310644335
29,10800.0,180.0,3.0,25.632409853105006,25.45366049222934,0.0008910390384805603,71.07550997375289,71.27770721453915,71.06554317773345,1.0001402479397719,0.0001402479397717991,426.71384167684215,429.58882224997564,172.889649652448,166.15654919984306,2.468128326563476,2.5854462211615394,295028.3271510113,235607084470.4325,247408308559.19785,95853438.78862019,37812002.8990593,38706.66662400696,22319.637255549056,5974.794784530282,15.487864673727605,6.133169912802806,2.399100252040533
29,10860.0,181.0,3.0166666666666666,25.578947510773624,25.54319887073263,0.0008910390384805603,70.81102657477801,71.14859535262055,70.80121817913087,1.000138534278073,0.0001385342780730911,426.9467820501495,419.89149942690335,172.96445999929085,178.63410925161165,2.4684075679587583,2.350567319903464,288272.3333308627,235624567726.7038,231151498465.21616,95906571.54099217,37828773.37413096,38746.19805423608,22351.407033203697,5979.54942796342,15.510644643043705,6.141538468942437,2.4020963728149067
29,10920.0,182.0,3.033333333333333,25.52548516844964,25.42866261941415,0.0008910390384805603,70.55142212744975,70.5850929791237,70.54177157187172,1.000136806254833,0.00013680625483301702,427.1750822630672,427.97010611793405,173.03784664403733,171.33894720133938,2.4686800636269197,2.497798154526005,281517.80404314963,235641648597.90088,229608659077.69666,95958647.31641883,37845225.13667646,38784.970011466925,22382.590750600484,5984.217392997543,15.532999600084343,6.149752864459197,2.4050382681083926
29,10980.0,183.0,3.05,25.472022826136254,25.259946266801677,0.0008910390384805603,70.29668462634467,69.91729534354143,70.28719176561908,1.000135058187518,0.0001350581875178866,427.3987690706167,410.8377538311242,173.1098167381027,169.63763221372153,2.4689458814298613,2.421855035759528,274744.56403705216,235658330112.84637,242127246811.64578,96009672.12305486,37861359.76097085,38822.98582300925,22413.189849832324,5988.799006528727,15.55493087528883,6.157813575233041,2.407926099531873
29,11040.0,184.0,3.066666666666667,25.418560483829985,25.332443241810815,0.0008910390384805603,70.04680640116419,70.31941240541826,70.03746797843087,1.0001333346707537,0.00013333467075362664,427.6178666738324,435.2020248268819,173.18037654352304,177.80773229623784,2.469205086676579,2.4475989835009564,268135.7189852654,235674615131.54132,252729796304.3915,96059651.39775246,37877178.62564342,38860.248412379784,22443.205252256408,5993.294540625807,15.576439578473328,6.165720992142031,2.4107599966079736
29,11100.0,185.0,3.0833333333333335,25.365098141521415,25.216831547567267,0.0008910390384805603,69.80177598317995,69.41801543950025,69.79259024495772,1.0001316148059556,0.00013161480595559808,427.8324037877007,429.4965107222978,173.24953364646825,176.03275675254542,2.4694577513884246,2.43986698070095,261605.6759023897,235690506927.5432,218555737091.30267,96108591.61740723,37892683.40967223,38896.761488580094,22472.63833549776,5997.704351074399,15.597527281338555,6.17347566953998,2.413540144669811
29,11160.0,186.0,3.1,25.311635799212045,25.355073822342543,0.0008910390384805603,69.56158362108728,70.0327927994753,69.55254942507725,1.0001298902209153,0.00012989022091514226,428.0424047564405,449.16872436475995,173.31729431381615,173.09654258495763,2.469703940689309,2.594902923288044,255121.93339454834,235706008496.79047,249141381064.26932,96156498.25191939,37907875.49255246,38932.52802276348,22501.490270884267,6002.0287090001275,15.618195138326405,6.181078010043472,2.416266675272496
29,11220.0,187.0,3.1166666666666667,25.25817345689957,25.412836852945187,0.0008910390384805603,69.3262246332213,69.2237701428049,69.3173372127605,1.0001282135295173,0.00012821352951738378,428.24788776527015,427.6604107816696,173.38366270887468,176.44575868302547,2.4699437136954088,2.423750017986755,248890.26635839735,235721122579.38058,247287644915.28638,96203375.3601965,37922755.78015806,38967.54991433326,22529.761620778077,6006.2677446372745,15.638443683041366,6.188528181734821,2.4189396328512682
29,11280.0,188.0,3.1333333333333333,25.20471111458204,24.99261316223458,0.0008910390384805603,69.09569352985828,68.6421080250639,69.08694614540858,1.0001266141425804,0.000126614142580491,428.44887183326483,425.44215273685,173.44864328427175,179.0688320485659,2.470177129786269,2.375858198603006,243017.81006212754,235735851947.55875,229393542907.4397,96249227.19670229,37937325.24492099,39001.82923663205,22557.453044605463,6010.421609825144,15.65827356296549,6.195826394139658,2.42155907662382
29,11340.0,189.0,3.15,25.15124877226423,25.219954498556604,0.0008910390384805603,68.86997866404917,69.35108092890977,68.8613696135958,1.0001250200293965,0.00012502002939646954,428.64538288524585,413.77237936523767,173.5122431401537,178.74030401752478,2.47040425002753,2.3149360836080315,237221.77205593095,235750199338.50082,239619070212.7409,96294059.6071361,37951585.458039925,39035.369385710976,22584.565941399353,6014.490649993155,15.677686238306043,6.2029731713917435,2.42412518648872
29,11400.0,190.0,3.1666666666666665,25.09778642994713,25.11329864564565,0.0008910390384805603,68.6490718542275,68.60949414745295,68.64060187115362,1.0001233961073037,0.0001233961073036489,428.83744296378416,420.41719383010275,173.57446789149375,174.85613134600038,2.4706251338293743,2.404360605452222,231370.63517074438,235764167505.19342,247358250547.47873,96337877.5495637,37965537.657001704,39068.173055536055,22611.101293930486,6018.475105273403,15.696682755401426,6.209968874755355,2.426638078820303
29,11460.0,191.0,3.183333333333333,25.044324087631754,24.982441836641964,0.0008910390384805603,68.43296491882684,68.78484025013893,68.42463804573083,1.0001216940759035,0.00012169407590354836,429.02507411145007,430.2119642230042,173.63532315326492,166.0489253906942,2.4708398401905645,2.5908747268960908,225290.3046040155,235777759200.62323,238962038581.1061,96380685.9863531,37979183.080649525,39100.24296542624,22637.060084969606,6022.375217772283,15.715264186965609,6.216813873971649,2.429097872555774
29,11520.0,192.0,3.2,24.990861745319098,25.018448525709893,0.0008910390384805603,68.2216496762807,68.23949429770316,68.21347414977988,1.0001198520761876,0.00011985207618761326,429.20829837081465,421.27706647647125,173.69481454044032,177.5207050865219,2.471048427705852,2.373115103791103,218766.82209412812,235790977177.77667,229706884805.83383,96422489.88410823,37992522.96916297,39131.5818597349,22662.443297287457,6026.19123155094,15.73343163179481,6.223508547170476,2.4315046891710246
29,11580.0,193.0,3.216666666666667,24.937399403010165,24.98215315795962,0.0008910390384805603,68.01511794502267,68.51472238438986,68.00710709198563,1.000117794350908,0.000117794350908059,429.38713778444827,437.50949479796753,173.75294766799308,175.57349464797474,2.4712509545732755,2.4918880590443053,211550.67938934648,235803824189.64053,228324001288.56244,96463294.21360286,38005558.56403832,39162.19250753315,22687.25191365479,6029.923392605811,15.751186214474783,6.230053280782414,2.4338586526564967
29,11640.0,194.0,3.2333333333333334,24.883937060703133,24.925359532967693,0.0008910390384805603,67.81339076497197,67.60270607381872,67.80553468914509,1.0001158618667767,0.00011586186677673933,429.5615870492354,424.848439756106,173.8097194156961,174.2353869588101,2.471447445478376,2.438359090949428,204884.9927339231,235816300986.4226,234201844258.6019,96503097.70019557,38018289.145876035,39192.07301811405,22711.48340675397,6033.57138901091,15.768526368597756,6.23644747392878,2.436159533947939
29,11700.0,195.0,3.25,24.83047471839418,24.849527393949217,0.0008910390384805603,67.61646713417962,67.95276413139048,67.60875567854268,1.0001140600142622,0.0001140600142620887,429.73165784776893,431.74072217185596,173.86513133776685,173.13053663609588,2.4716379560484243,2.4937294746526106,198768.719558761,235828410537.321,227571205063.33694,96541902.92993632,38030715.03839955,39221.22420956156,22735.13789693924,6037.135168837106,15.785452041653889,6.242691048789766,2.4384072752186414
29,11760.0,196.0,3.2666666666666666,24.777012376085317,24.774042283688456,0.0008910390384805603,67.42433842895257,67.17292492249454,67.4167697308312,1.000112267291233,0.00011226729123302096,429.89741328438953,436.509905423245,173.9191964429941,177.59069865805196,2.4718226744182203,2.45795477309168,192765.0590433377,235840163686.4829,226139159926.75937,96579724.40265676,38042839.197373345,39249.65504311309,22758.216420089633,6040.61526261448,15.80196766124647,6.248785372897714,2.440602243275416
29,11820.0,197.0,3.283333333333333,24.72355003377645,24.812247463989586,0.0008910390384805603,67.23700445761023,66.8138129781229,67.22957746336813,1.0001104721243583,0.00011047212435839382,430.05882374830844,435.57425950255924,173.97190920358167,175.52599832995625,2.4720015186190443,2.4815370010530327,186834.22818172738,235851554826.75067,235823533487.77493,96616555.1463671,38054660.309600875,39277.36031659042,22780.718999229855,6044.011381172944,15.818070054011757,6.254729464024118,2.4427441702483073
29,11880.0,198.0,3.3,24.67008769146758,24.521363265386924,0.0008910390384805603,67.05446522015262,67.48984612242234,67.04718045410526,1.000108651340713,0.00010865134071296626,430.2158892395256,447.5428538613645,174.02326961952974,172.77169771113455,2.4721744981582896,2.5903713385373646,180900.1894961371,235862583958.12418,228082443267.39627,96652395.05901872,38066178.341690876,39304.33931218901,22802.6456343599,6047.323460575935,15.833758441037313,6.2605230618020045,2.4448329730868883
29,11940.0,199.0,3.316666666666667,24.616625349158703,24.391257968556946,0.0008910390384805603,66.87672071657975,66.84567207201438,66.86958125601373,1.0001067669399437,0.00010676693994372869,430.36860975804115,442.86509345934394,174.0732776908382,177.10461870200237,2.4723416222586136,2.500584664053919,174843.2554313395,235873251080.60352,232700804301.35062,96687244.04153869,38077393.26120148,39330.59133107679,22823.996325479762,6050.551438466152,15.84903206342988,6.266165912424708,2.446868570779183
29,12000.0,200.0,3.3333333333333335,24.56316300684984,24.661057855427718,0.0008910390384805603,66.70378845526601,66.23688630720324,66.6967834120586,1.0001050282014972,0.00010502820149715835,430.5170444561966,428.0249249869564,174.12194118925217,178.36768164301822,2.472503129219482,2.3996775707585725,169348.8422708292,235883570483.7008,212189132862.40927,96721115.7642994,38088306.87479305,39356.12404094581,22844.768969481414,6053.6953696044875,15.863894400373553,6.271658873137784,2.44885107125579
29,12060.0,201.0,3.35,24.509700664540986,24.500000457812497,0.0008910390384805603,66.53566395959228,66.48380659802814,66.52879147075141,1.0001033009722398,0.0001033009722398303,430.66117820965803,436.79134809633416,174.16925812765714,177.49589591963198,2.472658968863526,2.4608532261168903,163969.45235426398,235893538513.80994,224724471192.51984,96754006.61667821,38098918.68263946,39380.93465241776,22864.964104096878,6056.755165177987,15.878343659662033,6.277001421844515,2.4507803497896377
29,12120.0,202.0,3.3666666666666667,24.45623832223214,24.406996109094937,0.0008910390384805603,66.37234320471077,66.99616183254979,66.36561100228934,1.000101441127713,0.00010144112771296247,430.80099742040835,425.7507326503779,174.21522671947437,176.15726280025766,2.472809096727777,2.416878679212511,158254.01227005778,235903151886.0393,233941682472.5411,96785913.34527355,38109228.233007774,39405.020608064006,22884.582212791353,6059.730740960919,15.892378175926323,6.282193071126297,2.45265628852131
29,12180.0,203.0,3.3833333333333333,24.402775979923295,24.542980552049308,0.0008910390384805603,66.21382619062148,66.51564887925916,66.20724861531173,1.0000993482654439,9.934826544396147e-05,430.93650208844775,418.421597976792,174.25984696470388,177.3344981861796,2.4729535208172964,2.359504790418728,151917.6991914514,235912410600.38898,245059145815.68887,96816835.86402614,38119235.497587815,39428.38128764453,22903.62329556484,6062.622040872744,15.90599727292264,6.2872335939281285,2.454478814600341
29,12240.0,204.0,3.4,24.349313637614454,24.437009187535217,0.0008910390384805603,66.06013245790535,66.08823373491143,66.05371197427914,1.0000972009510793,9.720095107925256e-05,431.067692960879,434.7721491957484,174.30311636008074,174.83838053173832,2.4730922886677837,2.4867088557642205,145538.78726853878,235921317141.98456,235478993003.74738,96846774.32349661,38128939.910049394,39451.01577907977,22922.085005200413,6065.428756022397,15.91919995920273,6.292122538149866,2.4562477234009368
29,12300.0,205.0,3.4166666666666665,24.295851295305624,24.39387834215519,0.0008910390384805603,65.91128726412573,65.96472463486883,65.9050098175101,1.0000952499154923,9.524991549214788e-05,431.19459146178957,423.2217279208683,174.3450346317095,171.77170556958023,2.4732255344848513,2.463861708291837,139863.8697640648,235929879511.18585,228574078931.80054,96875733.68448076,38138341.4367221,39472.925997800936,22939.96430775652,6068.150566108852,15.931986639697024,6.296859788013097,2.4579628477986786
29,12360.0,206.0,3.433333333333333,24.244054721072114,24.127424842444128,0.0008377205118881045,65.77147251091404,65.34353732212098,65.76556104420563,1.0000898869653745,8.988696537444857e-05,431.31356410723157,432.6712328033983,174.38445444577678,171.27666990672083,2.4733487023141993,2.526153930007139,124648.66004222573,235937807394.5328,253866998955.02548,96902884.6743459,38147182.71897778,39493.49302350955,22956.758872706876,6070.714769153166,15.94399866010362,6.30131456539613,2.4595778138697137
29,12420.0,207.0,3.45,24.193787662556122,24.253230013211628,0.0008377205118881045,65.64037896851488,65.93689944589813,65.63458720098711,1.0000882426137614,8.824261376143435e-05,431.42488973722794,418.40418366475444,174.4214588746937,170.2016356796846,2.4734622248926854,2.4582853272466845,120212.24337675079,235945128303.84003,227711928832.1192,96928290.80106987,38155482.35752605,39512.76227943564,22972.505844766834,6073.1263233037425,15.955261473525859,6.305495979985871,2.4610957666831244
29,12480.0,208.0,3.466666666666667,24.14352442064586,24.253896768107193,0.0008377205118881045,65.51358267144293,65.44244575463198,65.50792469744432,1.000086370832609,8.637083260904858e-05,431.53244149458516,437.51148002761465,174.45726752912037,178.50068105241792,2.473571021754963,2.4510353543084604,115242.86046190461,235952154140.2439,225508322853.24197,96952835.98932289,38163513.89907055,39531.39191674125,22987.736631201908,6075.46229982667,15.966155696508434,6.309542717111996,2.46256583463723
29,12540.0,209.0,3.4833333333333334,24.093261190737255,23.947793284946115,0.0008377205118881045,65.3910846062456,65.28011402828064,65.38557433040623,1.0000842735709796,8.427357097951951e-05,431.6362215243657,433.5484204170208,174.49187883379602,167.23892025903788,2.4736751326719357,2.5923894972862396,109784.37013482684,235958887400.6927,236264947348.63745,96976520.66628727,38171276.97371726,39549.38139683187,23002.45111350789,6077.722463056576,15.976680641996506,6.313454446681858,2.463987861409112
29,12600.0,210.0,3.5,24.042997961827894,24.18543494918598,0.0008377205118881045,65.27292362133254,64.99402164564935,65.26754786207114,1.0000823649644806,8.236496448063541e-05,431.7362027701383,439.66190386772314,174.5252823169479,172.12223670874545,2.4737745559756816,2.5543585319059714,104932.65162057543,235965327725.25024,228879371000.25278,96999338.63050583,38178769.22151054,39566.725357817704,23016.644625209155,6079.906036716814,15.98683287184458,6.3172298480676226,2.465361345867647
29,12660.0,211.0,3.5166666666666666,23.992734731989014,23.892033532517328,0.0008377205118881045,65.15909702503755,65.21740332267308,65.15385801001398,1.0000804098971816,8.040989718170451e-05,431.83239397091126,436.997095447335,174.5574790058849,175.9655597212735,2.4738693319256337,2.4834240071723754,100069.68734953125,235971477405.72296,279221544118.9833,97021291.84579447,38185990.861846134,39583.42458333136,23030.317489628975,6082.012982437432,15.996612527791653,6.3208689137508305,2.4666862562601617
29,12720.0,212.0,3.533333333333333,23.942471501439524,24.14106559472777,0.0008377205118881045,65.04962666998246,65.32478725612933,65.04451844544543,1.0000785342817367,7.853428173674176e-05,431.9247906340697,428.30786958157375,174.58846333043687,179.3033135465753,2.4739595182562684,2.3887337111052203,95510.24944975645,235977339884.7022,225347961109.76447,97042379.27650589,38192940.64242952,39599.477182417235,23043.46708182779,6084.0427532569365,16.00601806313922,6.324370922598034,2.467962261337627
29,12780.0,213.0,3.55,23.892208270837763,24.114056421961937,0.0008377205118881045,64.94451807841884,64.74289801713928,64.93954380630505,1.0000765985071995,7.659850719957925e-05,432.0133936191511,445.0486945705565,174.6182340456205,177.060295177929,2.4740451418509015,2.513543164057895,90909.63757798768,235982916624.1114,248907161370.11282,97062601.08102414,38199618.27440654,39614.88265667099,23056.092738472067,6085.995177660589,16.015048903728577,6.327735613474148,2.4691892432802085
29,12840.0,214.0,3.566666666666667,23.84194504009594,23.82592327575463,0.0008377205118881045,64.84377668274018,64.73566288380572,64.838949712861,1.0000744455285067,7.444552850664703e-05,432.09819914416175,416.7848376554463,174.64678962843067,174.27713248040675,2.4741262067483243,2.3915061702217515,85916.07541992486,235988207624.33353,225971949510.39468,97081956.35218062,38206023.40231991,39629.63994645044,23068.193807022053,6087.870112526163,16.02370422894117,6.330962682681646,2.470367091586052
29,12900.0,215.0,3.5833333333333335,23.79168180939946,23.8772608515365,0.0008377205118881045,64.74744938102832,64.24539007334971,64.74275278867401,1.000072542364234,7.254236423398707e-05,432.17918775773103,441.36177864259946,174.67411691656713,177.16756299408058,2.474202791957785,2.491210982324942,81620.33847372605,235993217733.15176,230719052961.63727,97100440.66198114,38212153.076660216,39643.74413277404,23079.76465407453,6089.66642264475,16.03198058340482,6.334050595671298,2.4714951308118494
29,12960.0,216.0,3.6,23.741418578662326,23.746456504952025,0.0008377205118881045,64.6555144222639,64.50784926610802,64.65097067888485,1.000070281131611,7.028113161096903e-05,432.2563684812755,442.3242512569229,174.7002220146175,172.62467218262572,2.474274866377146,2.5623466545325138,76647.893452923,235997944702.19638,222558568878.82382,97118056.00516821,38218008.645512365,39657.197013840516,23090.80789236455,6091.384587566499,16.039879033659197,6.336999880229789,2.4725736135016247
29,13020.0,217.0,3.6166666666666667,23.69115534792059,23.854684274491547,0.0008377205118881045,64.56801347823935,64.7252055006557,64.56362207103706,1.0000680167416485,6.801674164841257e-05,432.32972292402883,448.333172792635,174.7250927228709,175.02532811931025,2.474342501049584,2.5615331084368425,71821.09442003345,236002392850.7942,232456263949.3493,97134798.18344516,38223587.3727542,39669.993989639945,23101.318516271403,6093.023559755262,16.047396362488612,6.3398091128225955,2.4736019153330426
29,13080.0,218.0,3.6333333333333333,23.640892117193786,23.533020943080267,0.0008377205118881045,64.48496914689326,64.7273776135595,64.48072671552286,1.0000657937896562,6.579378965620529e-05,432.39924111297563,435.70922737190733,174.74872242562154,172.93318883995707,2.4744057359104192,2.519523466227985,67232.25331945745,236006564521.24622,222815826406.16232,97150664.90522707,38228887.769546375,39682.132436117136,23111.29381132799,6094.5827581815065,16.054530680628623,6.342477471419367,2.4745796810224467
29,13140.0,219.0,3.65,23.590628886486208,23.673352478058682,0.0008377205118881045,64.40639383661113,64.62559413362234,64.40230544701886,1.000063482037854,6.348203785394504e-05,432.4649164702997,439.10492905377606,174.77110745747157,171.0214760023608,2.474464588350422,2.567542622820742,62616.228946949705,236010460621.62024,234050981373.1069,97165654.64406255,38233909.00532605,39693.61066120371,23120.732287037557,6096.061861716309,16.061280759605637,6.3450044501405225,2.4755067031551468
29,13200.0,220.0,3.6666666666666665,23.54036565577849,23.601396003493445,0.0008377205118881045,64.33231286007198,64.32531696542881,64.32838020664627,1.0000611340346683,6.113403466827587e-05,432.5267319217952,439.7270570686328,174.7922400513709,186.55521870009062,2.4745190735851716,2.357087944966823,58092.280343097234,236014081895.034,247204988790.34674,97179763.47716586,38238649.32951732,39704.42505627301,23129.630902838056,6097.460260818214,16.067644220844862,6.347389091634829,2.476382599090029
29,13260.0,221.0,3.683333333333333,23.490102425066492,23.559035018449737,0.0008377205118881045,64.26274738468885,64.11516475150182,64.25897406494246,1.000058720510268,5.8720510267920725e-05,432.584680364149,430.9132252041663,174.81211301652317,177.77246467847266,2.4745692555255667,2.423959334667129,53615.30993311302,236017432146.05954,248141091483.55707,97192989.77097481,38243107.125668146,39714.57327292848,23137.98711609729,6098.7772873518425,16.073619273235792,6.349630548529806,2.4772069758668174
29,13320.0,222.0,3.7,23.43983919435261,23.49385282827225,0.0008377205118881045,64.19772053092183,64.65745369859191,64.19411124554777,1.0000562245555553,5.622455555538925e-05,432.6387529536071,440.86580393756464,174.8307184052149,170.7614994851014,2.4746151986337783,2.581763484549568,49170.86268061097,236020515172.6629,241919750703.42325,97205331.49620292,38247280.607338056,39724.052652331666,23145.798149582817,6100.012219768223,16.079203943655855,6.351727898221552,2.4779794097568577
29,13380.0,223.0,3.716666666666667,23.38957596363165,23.396155676103312,0.0008377205118881045,64.13726296152747,64.07031729379172,64.13381714968423,1.0000537284695716,5.372846957157005e-05,432.6889328380901,438.88121452670083,174.8480432204161,178.35786246273196,2.4746569928302593,2.4606776985702297,44915.98701905631,236023335386.38504,236497221639.73233,97216784.7741124,38251166.848993495,39732.85890482791,23153.060320080636,6101.163951284698,16.08439523347948,6.353679745163617,2.4786992642680468
29,13440.0,224.0,3.7333333333333334,23.339312732905228,23.46923482302926,0.0008377205118881045,64.08139982613577,64.28242612103176,64.07811838152037,1.0000512100651249,5.121006512486344e-05,432.7352085938709,446.82582816255854,174.8640786824239,173.50866472907617,2.4746946991884755,2.575236394448954,40815.81887055299,236025896292.28082,230126731185.20856,97227346.98688754,38254763.877788246,39740.98897413807,23159.770606614176,6102.231712260997,16.089190958673427,6.355485088358958,2.479366087444066
29,13500.0,225.0,3.75,23.289049502178326,23.389156778701356,0.0008377205118881045,64.03015418809426,63.58740008962042,64.0270427743653,1.0000485953058917,4.859530589166777e-05,432.7775706762499,427.8989487698399,174.87881783670124,173.33556691339328,2.474728363502377,2.468615970683262,36763.92859121154,236028200856.93085,221221124286.18604,97237015.95625946,38258070.133549675,39748.44028868019,23165.926238811353,6103.21488470234,16.093589271152364,6.357143097198841,2.4799795097312725
29,13560.0,226.0,3.7666666666666666,23.238786271452685,23.20036220311871,0.0008377205118881045,63.98355134531676,64.03835449948612,63.98061941776413,1.0000458252448836,4.582524488371008e-05,432.8160074756896,440.89414822988965,174.89225185660842,173.12800651915674,2.4747580460599763,2.5466367752643437,32700.00318248841,236030252557.45557,239314477891.6329,97245789.02594373,38261083.63420845,39755.20979308104,23171.524177883726,6104.112699207115,16.097588003775318,6.358652776362998,2.48053908103575
29,13620.0,227.0,3.783333333333333,23.18852304073004,23.187768929562075,0.0008377205118881045,63.94161659571713,63.71446097167713,63.938878685527456,1.0000428207414012,4.282074140115405e-05,432.8505073826522,434.98410681462263,174.90437191550552,167.40869369224794,2.4747838069579973,2.598336425790802,28558.866804700167,236032054870.97516,226538228279.26865,97253663.5416737,38263802.39837022,39761.29444731062,23176.56138504284,6104.924387781166,16.10118500629958,6.360013136234093,2.4810443531038717
29,13680.0,228.0,3.8,23.13825981001212,23.05680424221229,0.0008377205118881045,63.90437523720919,64.05318932777233,63.901852264708,1.000039481993272,3.9481993272096615e-05,432.88105878760007,441.22762762214023,174.91516918675265,171.37009320128547,2.4748057061044464,2.5747061192520286,24283.6835024962,236033611274.60977,240078971329.57364,97260636.8511664,38266224.44530802,39766.69122695011,23181.034821500252,6105.64918389253,16.104378145745045,6.361223193056489,2.4814948795894107
29,13740.0,229.0,3.816666666666667,23.087996579298615,23.154816561242473,0.0008377205118881045,63.87185212870603,64.10030907988903,63.86957318558152,1.0000356812017186,3.568120171849188e-05,432.9076601541202,436.60304059303166,174.92462965096743,175.38375360852496,2.474823934273375,2.489415533707733,19836.66020529013,236034930266.4428,216119246263.79654,97266708.59443441,38268346.62710433,39771.397968557954,23184.94150120033,6106.285778935333,16.10716551349603,6.362281716555957,2.4818899772650926
29,13800.0,230.0,3.8333333333333335,23.037733348574832,23.19709407548914,0.0008377205118881045,63.844069047833834,63.77322621668636,63.84207585263724,1.000031220714082,3.122071408201093e-05,432.930380647697,439.5551997072524,174.93270284161073,177.25141583090834,2.4748396018306824,2.4798402745994013,15189.300771588687,236036055586.01923,219259828966.99207,97271894.48946516,38270157.599634275,39775.418456666346,23188.278808212006,6106.829050185417,16.109546669843468,6.363185709690116,2.4822272881570386
29,13860.0,231.0,3.85,22.987470117852503,22.99896584266058,0.0008377205118881045,63.821053434976065,63.92208822272589,63.819396076666756,1.00002596950788,2.5969507879988924e-05,432.9491594985967,427.4511762303245,174.93940527435223,175.49130344124325,2.4748521284819476,2.435739936101396,10510.692570156054,236036966206.48962,229237549448.25806,97276180.71256843,38271661.083768636,39778.74559120288,23191.043446393116,6107.280888382621,16.111518526696514,6.363935439253164,2.4825075374007746
29,13920.0,232.0,3.8666666666666667,22.93720688713226,22.884542533664334,0.0008377205118881045,63.80283035066794,63.53106201383006,63.801571107900735,1.0000197368614179,1.9736861417958823e-05,432.96399054407044,423.33286407449754,174.94472531470703,175.70765696677884,2.4748616442434264,2.409302311478306,6071.570854401399,236037668319.93384,228514384311.63718,97279565.85765256,38272854.46993692,39781.376869951804,23193.23240546917,6107.640239343467,16.113079135546506,6.36452980983457,2.482730157688959
29,13980.0,233.0,3.8833333333333333,22.88694365641472,22.853887538755604,0.0008377205118881045,63.78942485544468,64.03179344892148,63.78863967032843,1.0000123091685338,1.2309168533894172e-05,432.9748676213692,432.9763774007885,174.9486513281906,168.99501829573956,2.474868278973701,2.5620659222219455,2361.7421001614334,236038168118.43152,240137784845.34598,97282048.52030224,38273735.14915987,39783.30980760921,23194.84267516566,6107.906050713733,16.11422656703688,6.3649677328155585,2.4828945840506553
29,14040.0,234.0,3.9,22.836680425700514,22.75080667720953,0.0008377205118881045,63.78086200984152,64.20596753914597,63.78064199717315,1.0000034495210692,3.44952106912855e-06,432.98178456774394,429.9122768818395,174.95117168031805,172.82565943485486,2.4748721623820606,2.4875488876343113,185.4863253121808,236038471794.06244,230073207282.3126,97283627.29770547,38274300.51302926,39784.54193604012,23195.87124520808,6108.077272052821,16.11495891134603,6.365248126568197,2.483000253947085
29,14100.0,235.0,3.9166666666666665,22.786417194990268,22.749122419267238,0.0008377205118881045,63.77716687439367,63.0974680103945,63.77761986760855,0.9999928973013446,0.0,432.98473522044554,426.3053109155605,174.95227473660486,169.60478345019874,2.474873424037013,2.5135217429804215,0.0,236038585538.9063,226420031421.0623,97284300.78858003,38274547.953687616,39785.07080453608,23196.315105321934,6108.152854919168,16.115274278570574,6.365369916655294,2.4830466073681356
29,14160.0,236.0,3.933333333333333,22.736153964281623,22.82992230089022,0.0008377205118881045,63.77651924308843,64.29096144359977,63.77961664473385,0.9999514358691951,0.0,432.98521023777755,442.7230399054797,174.95248695341223,176.03194609198388,2.4748731371453805,2.515015312471401,0.0,236038584179.77435,243521313652.99396,97284409.2245521,38274595.56285097,39785.160001536875,23196.392898872113,6108.168179204085,16.115328728006013,6.365392228709921,2.483055654353488
29,14220.0,237.0,3.95,22.685890733571824,22.66622744941387,0.0008377205118881045,63.77685002448337,63.12321165914491,63.78667731486572,0.999845935063621,0.0,432.984902165923,441.189520928239,174.95240736359276,173.53908846198445,2.4748725021318356,2.542306317489308,0.0,236038551800.7768,258355104378.1976,97284338.91660866,38274577.71217703,39785.109007637206,23196.35316537122,6108.1635393426,16.11529963364805,6.365382312042445,2.4830524506008222
29,14280.0,238.0,3.966666666666667,22.635627502861013,22.67430798108447,0.0008377205118881045,63.77787338771321,63.69901748923851,63.79884852819244,0.9996712301089579,0.0,432.9840556956914,434.3391671404498,174.95211547464945,176.08570440239643,2.4748717928959865,2.4666350321539143,0.0,236038505486.56274,241907617552.25436,97284145.71994501,38274512.23864666,39784.96011142209,23196.230238857126,6108.14408517859,16.1152117228446,6.365349272787875,2.483040268766258
29,14340.0,239.0,3.9833333333333334,22.585364272150063,22.609303872140703,0.0008377205118881045,63.77940130751874,64.04967617857339,63.81617864084027,0.9994236989098249,0.0,432.9827983129805,423.0550087836922,174.95167604282037,180.66706727972252,2.474870822083497,2.3416276975852286,0.0,236038439600.3783,243579679537.44223,97283858.73132439,38274413.66760622,39784.73833114133,23196.04670494655,6108.114667598613,16.1150805899439,6.365299766711225,2.4830219173681143
29,14400.0,240.0,4.0,22.53510104143791,22.452864150231772,0.0008377205118881045,63.78041614888702,63.85544917405104,63.838717758405345,0.9990867358937414,0.0,432.98197016270274,438.7929970106453,174.9513813057668,177.71061168771718,2.4748702578459185,2.469143473444998,0.0,236038399372.62103,246138747881.52414,97283669.71151447,38274347.55360642,39784.591608741386,23195.92480207949,6108.094803285815,16.114993630878928,6.365266735322318,2.4830095833631933
29,14460.0,241.0,4.016666666666667,22.48483781072485,22.585420211560532,0.0008377205118881045,63.780929834425805,63.74542402451568,63.8665177810019,0.9986598933283074,0.0,432.98155724331065,446.7922427454772,174.95122958409928,173.05010190171794,2.4748700439123,2.5818663949659406,0.0,236038382173.6714,219662141640.89056,97283575.46519282,38274313.52007741,39784.51786443729,23195.863098110865,6108.0844597647865,16.114949739124675,6.365249883086277,2.483003211350037
29,14520.0,242.0,4.033333333333333,22.43457458001171,22.593808976670637,0.0008377205118881045,63.781460807064946,63.66037882736026,63.89963244989007,0.9981506678787583,0.0,432.981129930826,421.40943407610536,174.9510728337657,176.8951331714902,2.4748698188449194,2.3822556704687394,0.0,236038364147.23883,231915938771.7787,97283477.93304133,38274278.35828963,39784.4415959486,23195.799317613673,6108.073781990069,16.114904359646196,6.36523246931611,2.4829966313751504
29,14580.0,243.0,4.05,22.38431134929811,22.538212250890943,0.0008377205118881045,63.78135689408231,63.62050925205106,63.93811739573964,0.9975482465226951,0.0,432.98121914342715,431.49134008187514,174.9511012730846,175.16575655836928,2.474869926469216,2.463331581239123,0.0,236038370493.8469,216436561044.44424,97283498.29533142,38274284.737713635,39784.456987808226,23195.81179965363,6108.075615852929,16.114913351626882,6.365235759837577,2.482997804864465
29,14640.0,244.0,4.066666666666666,22.33404811858462,22.343632334239857,0.0008377205118881045,63.78135307681238,64.05712014445153,63.982030188583686,0.9968635394785095,0.0,432.9812258777873,439.1739844046402,174.95110091516938,177.81379900341645,2.474869970025122,2.4698532221124303,0.0,236038372471.74847,221860970752.5728,97283499.83225858,38274284.657387726,39784.45784139258,23195.812258184556,6108.075523580562,16.114913750571965,6.365235807332444,2.482997776729311
29,14700.0,245.0,4.083333333333333,22.283784887871015,22.464007641187827,0.0008377205118881045,63.78119219730745,64.25203772534749,64.0314303895375,0.996091947490354,0.0,432.9813599932902,440.37811566846244,174.9511465111424,172.60720960526265,2.4748700916099122,2.551330947737166,0.0,236038380277.588,234496043436.59424,97283530.44322851,38274294.88526525,39784.48133696543,23195.83158305001,6108.078543393113,16.114927592194533,6.3652409844085325,2.4829996742792435
29,14760.0,246.0,4.1,22.233521657157436,22.048941888528013,0.0008377205118881045,63.78102857292097,64.15417361492625,64.08637960434537,0.9952353209323171,0.0,432.98149585214816,443.7624890663534,174.95119310657753,182.16253937894845,2.4748702090209957,2.4360798360589646,0.0,236038387941.60413,223491806774.9193,97283561.4521344,38274305.33734521,39784.50518800595,23195.85123763097,6108.081639923305,16.11494165917385,6.365246261401016,2.48300161544791
29,14820.0,247.0,4.116666666666666,22.183258426444034,22.205573445116364,0.0008377205118881045,63.78103824307862,63.30691883983302,64.14694153881825,0.9942958574958993,0.0,432.9814901475744,416.17874757425903,174.9511894077454,174.07744370089173,2.4748702287382423,2.3907678026876216,0.0,236038388661.9142,225140889580.83008,97283560.14999042,38274304.50760788,39784.50397216528,23195.85007605047,6108.081349435224,16.11494087394943,6.365245900111775,2.4830014527621134
29,14880.0,248.0,4.133333333333334,22.132995195730633,22.156015678978306,0.0008377205118881045,63.781015860849564,64.51077146524706,64.21318205625222,0.9932698212179538,0.0,432.98151004444554,430.3235611279123,174.95119524788996,175.67735480940718,2.4748702598513264,2.4495107044090654,0.0,236038390372.79614,241509991514.89774,97283564.69125953,38274305.817625076,39784.507344164565,23195.852764606516,6108.081712315865,16.11494282422558,6.365246594046381,2.4830016912110535
29,14940.0,249.0,4.15,22.08273196501723,22.04325783619111,0.0008377205118881045,63.780961426233794,64.00995803458406,64.28516923687927,0.9921567008902542,0.0,432.9815555427612,432.0395138757272,174.951210627011,177.63037231661534,2.4748703023602427,2.4322389704033442,0.0,236038393074.24994,236445473610.008,97283575.0759416,38274309.267396785,39784.515304004264,23195.859303299098,6108.082728565276,16.11494751000288,6.3652483432050335,2.483002330794793
29,15000.0,250.0,4.166666666666667,22.032468734303833,22.07489189612596,0.0008377205118881045,63.78087493923131,64.21234975205881,64.3629734394486,0.9909560035978618,0.0,432.98162664252163,439.5268070234164,174.9512355451086,170.06096734131566,2.4748703562649816,2.5845249141813804,0.0,236038396766.27554,215505365857.14062,97283591.30403689,38274314.85692307,39784.527851685736,23195.869692128228,6108.084398183616,16.114954931282856,6.3652511475882925,2.483003371513533
29,15060.0,251.0,4.183333333333334,21.982205503590436,22.02644325500877,0.0008377205118881045,63.78076440845598,63.698703920969955,64.44666736501908,0.9896673794970421,0.0,432.9817168935061,442.80520598748996,174.95126764049817,179.68979917180542,2.4748704181053807,2.4642757019507493,0.0,236038401174.3974,237779911675.5775,97283611.90331465,38274322.056438714,39784.54383643816,23195.882969098235,6108.086560391168,16.114964403514257,6.365254744674526,2.4830047142425293
29,15120.0,252.0,4.2,21.931942272877077,21.968644830841313,0.0008377205118881045,63.78072459342164,63.6884064890577,64.53632612303447,0.9882918415874444,0.0,432.981749975419,438.44697508183435,174.9512789692562,175.3986135586599,2.474870446940293,2.4997174503617225,0.0,236038403050.96454,202905466474.0865,97283619.45404664,38274324.59765494,39784.54964208786,23195.887751684942,6108.087312807282,16.114967826922125,6.365256028245194,2.4830051861143376
29,15180.0,253.0,4.216666666666667,21.881679042163732,21.797772212686898,0.0008377205118881045,63.78068679240535,63.33565730059678,64.63202729979083,0.9868278848281115,0.0,432.98178122134067,430.4162363410495,174.95128979104436,174.14220664524404,2.4748704724525257,2.4716365126685074,0.0,236038404750.56067,246878897962.96146,97283626.58573335,38274327.02515219,39784.555140513796,23195.892292347562,6108.088034679355,16.11497107393356,6.365257250343399,2.4830056374709573
29,15240.0,254.0,4.233333333333333,21.831415811450398,22.07650665707755,0.0008377205118881045,63.780651005407115,63.831627383605976,64.73385102937031,0.9852750916436175,0.0,432.9818106312713,427.76028295345276,174.9513001058626,171.89187630183153,2.4748704946420808,2.488542752319092,0.0,236038406273.1859,214542086590.393,97283633.29837488,38274329.33893047,39784.56033171597,23195.896591086086,6108.088726007383,16.114974144548547,6.365258410969122,2.483006068312384
29,15300.0,255.0,4.25,21.78115258073708,21.967887193175233,0.0008377205118881045,63.78061723242694,63.81011208415009,64.84188006716131,0.9836330650247164,0.0,432.98183820521075,433.61025434579653,174.95130991371087,177.4222976767254,2.4748705135089595,2.443944532472811,0.0,236038407618.84027,223265661232.54642,97283639.59197116,38274331.53898974,39784.56521569434,23195.900647900522,6108.089386791357,16.114977038767,6.365259510122341,2.4830064786386066
29,15360.0,256.0,4.266666666666667,21.73088935002377,21.730664240077807,0.0008377205118881045,63.78058547346482,63.61608168851573,64.95619986604294,0.9819014290398368,0.0,432.981863943159,432.9108459831485,174.9513192145893,176.7970914568374,2.474870529053161,2.448631040340603,0.0,236038408787.52356,229102392844.0188,97283645.46652219,38274333.625330046,39784.569792448805,23195.904462790866,6108.090017031272,16.114979756588863,6.365260547803039,2.4830068684496234
29,15420.0,257.0,4.283333333333333,21.68062611931047,21.882095893197867,0.0008377205118881045,63.78056808117895,63.63602007141345,65.07689865535933,0.980080019162474,0.0,432.9818780436865,431.45670247856816,174.95132430580855,166.41293392224514,2.4748705376293687,2.592687312875345,0.0,236038409430.33685,228725970182.35016,97283648.684893,38274334.76737435,39784.57229929787,23195.906551954333,6108.090361915306,16.11498124507071,6.365261115954209,2.4830070818088146
29,15480.0,258.0,4.3,21.630362888597173,21.71545062824038,0.0008377205118881045,63.780554902835654,63.43927727920755,65.20406752278625,0.9781683463312603,0.0,432.98188877165853,432.56730965209465,174.9513281456664,181.8065716025754,2.4748705446302934,2.379272134330083,0.0,236038409939.52704,230963318651.95667,97283651.13349375,38274335.62871711,39784.574202420845,23195.908134938512,6108.090621211353,16.11498237378114,6.365261545517308,2.4830072425692387
29,15540.0,259.0,4.316666666666666,21.580099657883878,21.736126241252766,0.0008377205118881045,63.78054172449236,64.10645194493786,65.33780049920887,0.9761660361564304,0.0,432.9818994996305,440.58119836876773,174.95133198552426,167.60090276264629,2.4748705516312164,2.628751940511393,0.0,236038410448.71722,223148431113.8125,97283653.58209445,38274336.49005986,39784.57610554382,23195.909717922692,6108.0908805074105,16.11498350249159,6.365261975080422,2.4830074033296707
29,15600.0,260.0,4.333333333333333,21.52983642717058,21.619732884828185,0.0008377205118881045,63.780528546149064,63.80383832089995,65.47819464672823,0.9740728022551857,0.0,432.98191022760255,441.0352121281655,174.95133582538207,171.29001638372108,2.4748705586321402,2.5747864437128993,0.0,236038410957.9074,244136947846.95114,97283656.03069517,38274337.35140261,39784.57800866686,23195.91130090687,6108.09113980347,16.114984631202105,6.365262404643552,2.4830075640901086
29,15660.0,261.0,4.35,21.47957319645728,21.483813101271064,0.0008377205118881045,63.78051536780577,63.911144898660886,65.6253501499341,0.9718883818842345,0.0,432.98192095557454,442.8628115615486,174.95133966524,172.79486972636855,2.4748705656330627,2.562939584160395,0.0,236038411467.09753,219676975950.433,97283658.47929588,38274338.21274539,39784.579911789944,23195.91288389105,6108.091399099538,16.114985759912663,6.365262834206705,2.4830077248505544
29,15720.0,262.0,4.366666666666666,21.429309965743986,21.441865873336152,0.0008377205118881045,63.780506936408266,64.08240974920297,65.77937041056212,0.9696126086084749,0.0,432.98192781924433,426.65401466449475,174.95134212194998,180.55095395609052,2.4748705701121967,2.3630670750610148,0.0,236038411792.87326,230316290124.29993,97283660.04589082,38274338.76382552,39784.581129392725,23195.913896671533,6108.091564995064,16.114986482052597,6.365263109037745,2.4830078277037897
29,15780.0,263.0,4.383333333333334,21.3790467350307,21.349825558588833,0.0008377205118881045,63.78050487902978,63.92254072737677,65.94036214568843,0.9672452926193116,0.0,432.98192949407536,442.64189664462396,174.95134272142147,172.3354534092235,2.4748705712051677,2.5684900459427666,0.0,236038411872.36713,222769353924.2378,97283660.42816183,38274338.89829674,39784.58142650478,23195.914143804086,6108.091605475882,16.11498665826479,6.365263176100349,2.4830078528014123
29,15840.0,264.0,4.4,21.32878350431741,21.265053769179495,0.0008377205118881045,63.78050282165129,63.752465446866864,66.10843548959535,0.9647861479294809,0.0,432.9819311689064,438.31376473874485,174.95134332089293,181.25368071600795,2.4748705722981383,2.4182337319014446,0.0,236038411951.8609,228147365281.5861,97283660.8104328,38274339.03276798,39784.58172361682,23195.914390936636,6108.091645956705,16.114986834476994,6.365263243162953,2.483007877899035
29,15900.0,265.0,4.416666666666667,21.278520273604123,21.068567020550518,0.0008377205118881045,63.780500764272794,63.78587266607814,66.28370409946565,0.962235011316861,0.0,432.9819328437375,425.6637399794479,174.95134392036442,171.36354430754545,2.4748705733911094,2.483980718883305,0.0,236038412031.3548,230953520480.36896,97283661.19270381,38274339.16723921,39784.58202072886,23195.914638069185,6108.091686437526,16.114987010689205,6.36526331022556,2.483007902996659
29,15960.0,266.0,4.433333333333334,21.228257042890835,21.33233202652532,0.0008377205118881045,63.780498706894306,63.93471065432638,66.46628526506916,0.9595917456878496,0.0,432.98193451856855,424.9390366236436,174.9513445198359,170.02921878115302,2.4748705744840804,2.499211839410899,0.0,236038412110.84857,244858999999.8466,97283661.57497482,38274339.30171046,39784.58231784092,23195.91488520174,6108.091726918348,16.11498718690141,6.365263377288167,2.4830079280942825
29,16020.0,267.0,4.45,21.177993812177547,21.188035689377195,0.0008377205118881045,63.78049664951582,63.98988820508266,66.65630002259147,0.9568562405638932,0.0,432.9819361933997,436.0730966991806,174.95134511930738,175.12249366109717,2.474870575577052,2.4901032847504085,0.0,236038412190.34247,255730847123.66327,97283661.95724583,38274339.436181694,39784.582614953004,23195.915132334292,6108.091767399172,16.11498736311365,6.365263444350778,2.4830079531919083
29,16080.0,268.0,4.466666666666667,21.12773058146426,21.193642810802576,0.0008377205118881045,63.78049459213733,64.0898416953331,66.85387327280051,0.9540284125629923,0.0,432.9819378682308,441.0648976650766,174.95134571877887,174.22198144267367,2.4748705766700225,2.531625998124728,0.0,236038412269.83624,246921616915.0878,97283662.33951682,38274339.57065292,39784.582912065045,23195.915379466842,6108.091807879995,16.114987539325853,6.3652635114133815,2.483007978289532
29,16140.0,269.0,4.483333333333333,21.077467350750968,20.99580722868914,0.0008377205118881045,63.78049253475884,63.98632198815347,67.05913390371002,0.9511082058760412,0.0,432.9819395430618,421.7630938222902,174.95134631825036,173.3122862817498,2.4748705777629936,2.4335441120235393,0.0,236038412349.33005,237814509939.02814,97283662.72178781,38274339.705124155,39784.5832091771,23195.91562659939,6108.091848360815,16.114987715538064,6.365263578475989,2.483008003387156
29,16200.0,270.0,4.5,21.02720412003768,21.071415032790885,0.0008377205118881045,63.780490477380354,64.09290715984241,67.2722149179548,0.9480955927371657,0.0,432.9819412178929,438.786463394801,174.95134691772182,174.26388425373017,2.4748705788559646,2.51794263208275,0.0,236038412428.82385,228234726165.06412,97283663.1040588,38274339.839595385,39784.58350628916,23195.915873731945,6108.091888841638,16.114987891750268,6.365263645538597,2.4830080284847798
29,16260.0,271.0,4.516666666666667,20.976940889324393,20.850354255987686,0.0008377205118881045,63.78048842000186,63.97735138081521,67.4932535650506,0.9449905738879466,0.0,432.98194289272396,424.64955457230747,174.9513475171933,173.9055623171724,2.4748705799489352,2.441839978630604,0.0,236038412508.31772,232951983445.38464,97283663.48632982,38274339.974066615,39784.5838034012,23195.916120864495,6108.091929322463,16.114988067962486,6.3652637126012035,2.483008053582407
29,16320.0,272.0,4.533333333333333,20.926677658611105,20.92155895492251,0.0008377205118881045,63.78048636262337,63.72670035117158,67.72239147876726,0.9417931790347395,0.0,432.98194456755505,431.8477827065707,174.95134811666483,178.0250383240262,2.4748705810419063,2.4257699185018997,0.0,236038412587.81152,231672431627.40097,97283663.86860085,38274340.10853787,39784.5841005133,23195.916367997044,6108.091969803285,16.114988244174718,6.365263779663819,2.4830080786800313
29,16380.0,273.0,4.55,20.876414427897817,20.74275727686347,0.0008377205118881045,63.78048430524488,64.28644437372495,67.9597748198293,0.938503467298644,0.0,432.98194624238613,437.42045629017696,174.95134871613627,174.61621679632617,2.4748705821348773,2.5050391327650163,0.0,236038412667.30536,245385632565.9452,97283664.25087182,38274340.24300909,39784.58439762535,23195.916615129598,6108.092010284105,16.114988420386936,6.365263846726428,2.483008103777655
29,16440.0,274.0,4.566666666666666,20.82615119718453,20.847050937480695,0.0008377205118881045,63.780482247866395,63.71718249302226,68.20555442416521,0.9351215276577091,0.0,432.98194791721716,419.75491922178054,174.95134931560776,181.25586928984995,2.474870583227848,2.3158142181345966,0.0,236038412746.7992,236205595740.74008,97283664.6331428,38274340.37748033,39784.5846947374,23195.91686226215,6108.09205076493,16.114988596599154,6.365263913789037,2.483008128875282
