batch_id,time_s,time_min,time_hr,T_celsius,T_meas_celsius,cooling_rate_degC_s,c_kg_m3,c_meas_kg_m3,cs_kg_m3,S_supersat_ratio,sigma_rel_supersat,mean_L1_um,mean_L1_meas_um,mean_L2_um,mean_L2_meas_um,aspect_ratio,aspect_ratio_meas,nucleation_rate_m3_s,mu00,mu00_meas,mu10,mu01,mu20,mu11,mu02,mu30,mu21,mu12
57,0.0,0.0,0.0,29.50886954741458,29.56618168417022,0.00035132126309941994,240.0,240.162824792484,104.92159525863175,2.2874223310120283,1.287422331012028,159.8743370066765,160.74640651023861,52.78172342066989,53.068799834515545,3.0289715197906553,3.0290190660330394,1830782549346.9873,241740609754.0517,245279620725.2187,38648119.71201873,12759486.003582451,6211.245704694007,2040.5117524900502,675.0465892861706,1.003216030807701,0.3280317209162008,0.10796249181486824
57,60.0,1.0,0.016666666666666666,29.48779027162866,29.393175481818645,0.00035132126309941994,104.65745939630388,104.34752195055344,104.64571822267091,1.0001121992742024,0.00011219927420237576,346.75422991130455,340.547285300744,85.94741027326353,87.56498729151842,4.034493055798014,3.8890805084800095,124691.34666865793,349397793043.8148,337112839377.94977,93412666.50241965,22372458.614986047,21625.94100781875,18297.873987168263,1190.160948537593,3.322602944715335,0.8693068287449162,0.19149367559561226
57,120.0,2.0,0.03333333333333333,29.466710995842696,29.542074609250946,0.00035132126309941994,104.38267578223177,104.00786740908609,104.37103698552747,1.0001115136635648,0.0001115136635647089,346.86928153549707,343.14428595542427,85.98421219762328,84.94605372445159,4.034104316014016,4.039555352018086,123394.29882492751,349405183379.6476,374012686956.7479,93446726.17916965,22383489.06430371,21641.679400369394,18330.88102789764,1191.3975652633917,3.326565680072896,0.8704880787350664,0.1918037357775355
57,180.0,3.0,0.05,29.445631720056728,29.50377406939271,0.00035132126309941994,104.10910953439279,103.93610466769069,104.0975475597708,1.000111068655247,0.00011106865524708767,346.98373929743616,347.10408085182246,86.02083732965487,88.21079400171563,4.033717295353702,3.9349388561797958,122630.86566951139,349412538348.7344,344687705237.08,93480610.79989725,22394466.712134592,21657.341732143235,18363.741838448874,1192.6288382300318,3.3305105673141426,0.8716643254891032,0.19211256281134892
57,240.0,4.0,0.06666666666666667,29.424552444270763,29.54098249766623,0.00035132126309941994,103.83673550532076,103.93513381939654,103.82524597728658,1.000110662179762,0.00011066217976203103,347.0976347023541,348.08227356661666,86.05729014575763,85.4355739961024,4.0333321455331115,4.074207701612636,121951.81717485782,349419862908.3043,342942101303.3616,93514329.65151453,22405392.90673594,21672.931806745357,18396.45943953861,1193.8548776611615,3.334438339276197,0.8728357250873771,0.19242018125534965
57,300.0,5.0,0.08333333333333333,29.403473168484798,29.513783799735325,0.00035132126309941994,103.56554938299863,103.40162933767304,103.55412828923221,1.0001102910521782,0.00011029105217819708,347.2109730758005,332.8128857776266,86.09357478525324,84.88753207369635,4.032948729819422,3.9206333091258943,121349.70563890746,349427152951.7042,353795997874.61444,93547884.2465998,22416268.892848715,21688.450830823873,18429.03434912685,1195.0758561498533,3.3383495555285236,0.8740024542183082,0.19272664387049554
57,360.0,6.0,0.1,29.382393892698833,29.3634747966584,0.00035132126309941994,103.29554225941737,103.2698240206274,103.28419056598729,1.000109907366925,0.00010990736692498588,347.3237571339198,339.24445017032394,86.12969094866531,91.00604591255792,4.032567089331952,3.7277133268297686,120718.9413356224,349434410609.3251,332393291026.49164,93581275.40539414,22427094.57452242,21703.89885258871,18461.467637244717,1196.2917368183262,3.3422440862954375,0.8751644665704248,0.19303193472156943
57,420.0,7.0,0.11666666666666667,29.361314616912868,29.499146408863314,0.00035132126309941994,103.02671182843538,102.62040955532677,103.01542889710875,1.0001095266160362,0.00010952661603634628,347.43598694678525,347.5502666023104,86.16563894097011,84.01369451262269,4.032187206141473,4.136828747009721,120093.67500591405,349441635657.1509,346919250362.2133,93614503.13638967,22437870.03973099,21719.275831745676,18493.759580906215,1197.5025239841125,3.346121915371846,0.8763217589169585,0.19333605333754722
57,480.0,8.0,0.13333333333333333,29.340235341126903,29.245401977649678,0.00035132126309941994,102.75905525903183,102.06634681826876,102.7478393912835,1.00010915915911,0.0001091591591099762,347.54766260041833,349.3263387126316,86.20141913655677,87.42624283851445,4.031809059313137,3.9956691191439435,119496.59017998657,349448827820.1798,350600293737.9808,93647567.45176929,22448595.3972101,21734.581736959313,18525.910520173915,1198.7082248954557,3.3499830321754445,0.8774743303852439,0.1936390000640964
57,540.0,9.0,0.15,29.319156065340938,29.278882100463886,0.00035132126309941994,102.49257438024055,102.22824599870164,102.48141817628552,1.0001088607491346,0.00010886074913452771,347.6587840392432,357.38093441455516,86.23703129354419,84.24858599463823,4.031432655141381,4.24198139583375,119049.48714259235,349455987276.0819,361205350997.11005,93680468.33097166,22459270.571409516,21749.816461774462,18557.920235344034,1199.9088213945315,3.353827378713831,0.8786221600659196,0.1939407682731793
57,600.0,10.0,0.16666666666666666,29.298076789554973,29.199397936874373,0.00035132126309941994,102.22725173820758,102.28498138753675,102.21616139892693,1.0001084988824553,0.00010849888245532088,347.76935981391296,347.3949277130485,86.27247766725493,86.50962894244535,4.031057983001573,4.015679317549374,118462.4255681664,349463114873.6155,374331772155.25446,93713208.29286063,22469896.23578149,21764.98105838566,18589.79082297562,1201.1043782572187,3.357655180035465,0.8797653088696649,0.19424137214958215
57,660.0,11.0,0.18333333333333332,29.276997513769007,29.156348902234377,0.00035132126309941994,101.96309148278903,101.94265395367006,101.95206522501495,1.0001081513920267,0.00010815139202664775,347.87938789141066,336.7874800662354,86.3077577214599,88.28611736731149,4.0306850400878,3.8147275031366723,117905.7498396974,349470210410.9779,346626643550.2623,93745786.72925133,22480472.226319216,21780.07518341398,18621.52178458746,1202.2948701470277,3.3614663348527642,0.8809037464765286,0.19454080359245118
57,720.0,12.0,0.2,29.255918237983042,29.438864524934125,0.00035132126309941994,101.70009088560779,101.45916487228989,101.68912583930565,1.0001078290939336,0.00010782909393354607,347.988870041481,350.64481590633517,86.3428720319421,86.00694610535656,4.030313815745489,4.0769360125495355,117402.90180098743,349477273812.3036,347335049470.40186,93778204.15507185,22490998.712927215,21795.099029211822,18653.113447912536,1203.4803101812959,3.3652608841708727,0.882037482903602,0.19483906477171153
57,780.0,13.0,0.21666666666666667,29.234838962197077,29.34374378367245,0.00035132126309941994,101.43823756187854,101.68314541494173,101.42733944546525,1.0001074475232503,0.00010744752325034324,348.0978135238104,352.7115751607913,86.37782281358528,84.15104625533186,4.029944286452453,4.191410456033911,116770.04590524363,349484305105.7206,340045197488.43164,93810462.70656765,22501476.357800275,21810.053572849574,18684.567300612747,1204.6607689427483,3.3690390825655356,0.8831665888705853,0.19513617342432843
57,840.0,14.0,0.23333333333333334,29.213759686411112,29.20976282892141,0.00035132126309941994,101.17753915243327,101.42294482082114,101.16670226601786,1.0001071191031503,0.00010711910315025277,348.2062138595126,350.8497135656817,86.41260869991001,86.28204415349663,4.029576459944036,4.066312023640939,116251.81762522124,349491304273.875,341129977078.0831,93842561.05385184,22511904.74741119,21824.938092775395,18715.882424870437,1205.8361902163488,3.372800712127905,0.8842910005560558,0.19543211257582138
57,900.0,15.0,0.25,29.19268041062515,29.319721672058645,0.00035132126309941994,100.91799077605744,100.99118008059033,100.9072105423074,1.0001068331360277,0.00010683313602768152,348.31407400091814,348.7269142143422,86.44723053646999,89.77322198442664,4.029210326801307,3.884531561926533,115824.57027203334,349498271401.5553,333467217800.0029,93874500.06159347,22522284.132756203,21839.752933977623,18747.059407017685,1207.0065955991113,3.376545847333432,0.8854107369524122,0.1957268864593118
57,960.0,16.0,0.26666666666666666,29.171601134839182,29.193080194362498,0.00035132126309941994,100.65957513562847,100.25982274979954,100.64886053445449,1.000106455265535,0.00010645526553496635,348.42140440993626,349.2572396578381,86.48169131957819,89.2999579178144,4.028845864292882,3.911057158383778,115197.09782423516,349505206789.21765,343855666545.3001,93906282.8125925,22532615.41110578,21854.499505997097,18778.100324786927,1208.1720815771296,3.3802748480257563,0.8865258971945202,0.19602051958588929
57,1020.0,17.0,0.2833333333333333,29.150521859053217,29.143515699464853,0.00035132126309941994,100.40230249084779,100.73718202070576,100.39164852131333,1.0001061240620248,0.00010612406202491585,348.52819888113805,362.28937093678064,86.51598927198663,88.05759549252045,4.028483079416043,4.114231928664839,114669.81581612513,349512110258.6478,357311233130.1405,93937907.46684837,22542898.045458794,21869.176859172483,18809.003945781606,1209.3325787766516,3.3839874425409917,0.8876364031359998,0.19631299163225924
57,1080.0,18.0,0.3,29.129442583267256,29.22612219141688,0.00035132126309941994,100.14617025047113,99.71523940494194,100.13557080042771,1.0001058509973897,0.00010585099738972807,348.63445903925367,346.68865536040084,86.5501248526681,88.25121517194125,4.028121965539905,3.9284292537495578,114267.07405111636,349518981856.5846,402210135528.56335,93969374.4970293,22553132.17077542,21883.785152752374,18839.770581262284,1210.4880955881745,3.387683656162629,0.8887422599143786,0.19660430332137535
57,1140.0,19.0,0.31666666666666665,29.108363307481287,29.217528866195796,0.00035132126309941994,99.89116317214894,99.8336890028311,99.88062368799343,1.0001055208084044,0.00010552080840448378,348.7401944413548,352.14116181524355,86.58410076141615,84.75914175654445,4.027762503445221,4.15460980983864,113739.93110387685,349525821857.9557,329062507690.6955,94000686.71848935,22563318.595563777,21898.32567087798,18870.402062141828,1211.6387185070425,3.391363815807111,0.8898435569621412,0.19689447661458637
57,1200.0,20.0,0.3333333333333333,29.087284031695322,28.967318075012457,0.00035132126309941994,99.63728338273945,99.17070114109528,99.62680351880994,1.0001051912091863,0.00010519120918638762,348.8454037538846,346.46840650048335,86.617916621512,87.04294838481242,4.027404691320492,3.980430499306667,113213.16301629055,349532630224.3988,344916081472.1949,94031843.73042041,22573457.203675188,21912.798155769895,18900.898132941766,1212.784427042483,3.395027835572243,0.8909402683950223,0.19718350443436128
57,1260.0,21.0,0.35,29.066204755909357,28.92075544452019,0.00035132126309941994,99.38452780076058,99.71860902345583,99.3741066462469,1.000104867906393,0.00010486790639312658,348.95008862195886,345.89275375716187,86.65157292459806,86.6638425214857,4.027048521388136,3.991200294071984,112699.05754141446,349539407026.298,334169985104.64465,94062846.01263809,22583548.140011087,21927.20276979424,18931.2591638101,1213.9252308230389,3.3986757410147703,0.8920323999536599,0.19747138775853879
57,1320.0,22.0,0.36666666666666664,29.045125480123392,29.129590755220363,0.00035132126309941994,99.13289562842168,98.59287933648218,99.12252944219799,1.0001045795167054,0.00010457951670550139,349.05424819351356,350.40857743383987,86.68506955677277,87.13997406797358,4.0266939852301435,4.021215075878993,112259.00831615744,349546152347.7919,338740219748.6673,94093693.3108781,22593591.367596775,21941.539312815716,18961.48525057753,1215.0611178272939,3.4023074560592974,0.8931199307490125,0.1977581211812809
57,1380.0,23.0,0.38333333333333336,29.024046204337427,29.071461344571365,0.00035132126309941994,98.88238027430948,98.88945670825137,98.87206829704566,1.0001042961621158,0.00010429616211571941,349.15788795171665,360.2606178331911,86.71840794037224,86.18567560650295,4.026341076185328,4.180052140892058,111828.69989981398,349552866238.124,353241512896.0597,94124387.2334035,22603587.310952462,21955.808506432048,18991.577185005426,1216.1921311754695,3.4059231635020595,0.8942029077859335,0.1980437155901993
57,1440.0,24.0,0.4,29.002966928551462,28.92805968129417,0.00035132126309941994,98.63297807214772,98.97482267943087,98.62271961961572,1.0001040171328834,0.00010401713288343936,349.2610101811465,350.82480176188153,86.7515887221029,88.65185459727009,4.025989786768718,3.9573317823481236,111406.59874823972,349559548764.1564,355073149377.64685,94154928.44821101,22613536.161636695,21970.010608144075,19021.535407487318,1217.318286272396,3.409522916105473,0.8952813440012548,0.1983281737071545
57,1500.0,25.0,0.4166666666666667,28.981887652765497,28.963029302499283,0.00035132126309941994,98.38468535566015,98.3754827139677,98.37447983714411,1.0001037415245595,0.00010374152455941978,349.36361716638146,355.3392841688669,86.78461254867118,86.59823628221446,4.025640109534958,4.103308559435944,110990.76164865,349566199992.75,342986536797.6891,94185317.62336046,22623438.111234076,21984.145876192822,19051.360358416754,1218.439598596825,3.4131067670137583,0.8963552524534304,0.19861149828919622
57,1560.0,26.0,0.43333333333333335,28.960808376979532,28.87154850762151,0.00035132126309941994,98.13749845857049,98.25034205600406,98.12734539523059,1.0001034682360865,0.00010346823608654236,349.4657111919999,355.1716535764826,86.81748006678349,87.1367433518364,4.025292037077981,4.076026253843206,110578.83357286129,349572819990.76733,356069935096.0721,94215555.42697537,22633293.351355128,21998.214569554722,19081.052478187285,1219.5560837009643,3.416674769750692,0.8974246463218059,0.1988936921283675
57,1620.0,27.0,0.45,28.939729101193567,28.909511048339837,0.00035132126309941994,97.89141371460248,97.99036758774454,97.88131275780759,1.000103195967752,0.0001031959677520847,349.56729454258016,356.1642806020387,86.85019192314631,86.18432931130738,4.024945562030675,4.132587483688987,110168.04533264792,349579408825.0697,370979892617.36835,94245642.52724141,22643102.073636085,22012.216947936075,19110.61220719245,1220.6677572099916,3.420226978216917,0.8984895389058671,0.19917475805149198
57,1680.0,28.0,0.4666666666666667,28.918649825407602,28.96132941414898,0.00035132126309941994,97.64642745747985,97.48021167380372,97.63637840709733,1.0001029232192598,0.00010292321925973269,349.66836950270067,346.75568414473287,86.88274876446606,85.77754910143364,4.024600677064566,4.0424993226920884,109755.21176822578,349585966562.5187,339625731293.62726,94275579.59240687,22652864.469738767,22026.15327176817,19140.039985825802,1221.7746348215887,3.423763446687637,0.8995499436245087,0.1994546989199799
57,1740.0,29.0,0.48333333333333334,28.897570549621637,28.98020601247386,0.00035132126309941994,97.40253602092632,97.09333988129494,97.39253884357487,1.0001026482877453,0.0001026482877452028,349.7689383569397,359.99187514360426,86.91515123744918,89.21656088068721,4.024257374889484,4.035034208783674,109336.7302819392,349592493269.9763,343689628423.3479,94305367.29078203,22662580.73135055,22040.023802202268,19169.336254480877,1222.8767323054717,3.4272842298100485,0.9006058740153087,0.19973351762962688
57,1800.0,30.0,0.5,28.876491273835672,29.043620520347634,0.00035132126309941994,97.15973573866563,96.92152593468352,97.14979058593221,1.0001023692657847,0.000102369265784733,349.8690033898757,352.7251335332855,86.94739998880208,87.28364915295253,4.023915648253256,4.041136420810997,108908.58004689058,349598989014.3043,330303405702.45337,94335006.29073888,22672251.050183937,22053.828801104304,19198.50145355123,1223.97406550291,3.43078938260102,0.9016573437337687,0.2000112171104047
57,1860.0,31.0,0.5166666666666667,28.855411998049707,28.806703088305945,0.00035132126309941994,96.91802294442154,96.88420396826575,96.90813017104125,1.000102084039418,0.0001020840394178087,349.968566886087,351.90426945887117,86.97949566523124,86.23379980345788,4.023575489941381,4.080815993971313,108466.32219622823,349605453862.36426,353993981839.59357,94364497.26071048,22681875.617976785,22067.568531050056,19227.536023430406,1225.0666503262883,3.4342789604445088,0.9027043665526122,0.20028780032627047
57,1920.0,32.0,0.5333333333333333,28.834332722263742,28.964981254739353,0.00035132126309941994,96.67739397191775,96.59450679186816,96.6675541539143,1.0001017902861986,0.00010179028619871231,350.06763113015194,343.7967854509888,87.01143891344306,86.69438598153354,4.023236892776719,3.9656176297761627,108005.10132161617,349611887881.0178,330774233216.10095,94393840.86919057,22691454.626491793,22081.24325532002,19256.440404511937,1226.154502758598,3.437753019089186,0.903746956361033,0.2005632702749578
57,1980.0,33.0,0.55,28.813253446477777,28.770169104023697,0.00035132126309941994,96.437845154878,96.63739291970167,96.42805910767183,1.000101485473178,0.00010148547317798538,350.1661984066489,350.6988296711901,87.043230380144,85.99535917831719,4.02289984961918,4.07811343567962,107519.64840758534,349618291137.1266,362677882198.9644,94423037.78473371,22700988.26751656,22094.853237894582,19285.215037189388,1227.237638853021,3.4412116146460647,0.9047851271639793,0.20083762998778454
57,2040.0,34.0,0.5666666666666667,28.792174170691812,28.844653340425403,0.00035132126309941994,96.19937282702604,96.05002170233749,96.18964162350497,1.0001011668549422,0.00010116685494223396,350.2642710001564,345.1602313639907,87.0748707120405,88.10803729389617,4.022564353365416,3.9174658971537686,107004.28585251057,349624663697.55286,322029894181.4344,94452088.67595488,22710476.73286347,22108.39874344904,19313.860361856292,1228.3160747324391,3.4446548035861397,0.9058188930814453,0.20111088252944942
57,2100.0,35.0,0.5833333333333334,28.771094894905847,28.75577150977767,0.00035132126309941994,95.9619733220856,96.1812925088399,95.95229831063904,1.0001008314716469,0.00010083147164686455,350.3618511952525,351.50111112918864,87.10636055583895,85.84984587953306,4.0222303969485145,4.094370904549146,106452.9348564175,349631005629.1577,363061303083.0142,94480994.21152788,22719920.21436932,22121.880037348383,19342.37681890619,1229.3898265889784,3.448082642737681,0.9068482683476944,0.20138303099783128
57,2160.0,36.0,0.6,28.750015619119882,28.667045215884887,0.00035132126309941994,95.72564297378038,96.46704204315557,95.71602579630222,1.000100476147,0.00010047614699997201,350.4589412765158,342.24772644291124,87.13770055824583,87.09926216576957,4.021897973337695,3.9293986875748326,105859.12555094545,349637316998.80334,341838040369.1484,94509755.0601871,22729318.90389549,22135.2973856429,19370.76484873264,1230.4589106835756,3.4514951892843087,0.9078732673106202,0.20165407852379946
57,2220.0,37.0,0.6166666666666667,28.728936343333917,28.792945299722003,0.00035132126309941994,95.49037811583416,95.25477323665866,95.48082072568624,1.0001000974863359,0.00010009748633578016,350.55554352852465,339.62207974755034,87.16889136596757,87.2297727287702,4.02156707553801,3.8934192893470176,105216.01067242262,349643597873.35095,343927961179.46484,94538371.89072496,22738672.993327558,22148.65105506264,19399.024891729186,1231.5233433454878,3.4548925007621207,0.9088939044309434,0.20192402827100464
57,2280.0,38.0,0.6333333333333333,28.70785706754795,28.63856170258397,0.00035132126309941994,95.25617508197065,95.74433224432644,95.2466797619177,1.0000996918745797,9.969187457960437e-05,350.6516602358574,333.62708109161906,87.19993362571061,86.07210066782861,4.021237696590045,3.8761349903514057,104516.38291503266,349649848319.66284,342777115875.73016,94566845.37199342,22747982.674575217,22161.94131301339,19427.157388289368,1232.5831409718794,3.4582746350577622,0.9099101942815739,0.20219288343569453
57,2340.0,39.0,0.65,28.686777791761983,28.64646199735929,0.00035132126309941994,95.02303020591359,95.420379318555,95.01359958602012,1.0000992554743169,9.925547431688072e-05,350.74729368309227,347.7636152976664,87.23082798418137,86.185466159823,4.020909829569629,4.035061023546254,103752.69701593643,349656068404.60034,377095716309.2938,94595176.17290217,22757248.13957212,22175.168427570912,19455.162778806734,1233.6383200273294,3.461641650405646,0.9109221515468224,0.20246064724649804
57,2400.0,40.0,0.6666666666666666,28.66569851597602,28.638857119551933,0.00035132126309941994,94.7909398213867,94.93710520486042,94.78157689688311,1.0000987842237925,9.878422379253779e-05,350.84244615480776,361.3130077650612,87.2615750880863,88.35978337075994,4.020583467587532,4.089111516366924,102917.09685955658,349662258195.02515,337685263774.36206,94623364.96241903,22766469.58027587,22188.332667476847,19483.041503674827,1234.6888970434247,3.4649936053859207,0.9119297910217572,0.2027273229642539
57,2460.0,41.0,0.6833333333333333,28.644619240190057,28.651651515642037,0.00035132126309941994,94.55991210552398,94.63102184056412,94.55060841122717,1.000098399094973,9.839909497292422e-05,350.93711312034765,354.2118959657192,87.29217368915396,83.73389215164595,4.020258612988939,4.230209379545204,102261.62928505134,349668417455.7727,312294473779.1923,94651410.39691818,22775646.619912848,22201.433344754187,19510.792580655336,1235.7348231040078,3.468330307507216,0.9129330572787193,0.20299289624271033
57,2520.0,42.0,0.7,28.62353996440409,28.48063844276333,0.00035132126309941994,94.3299385535169,93.92332951993652,94.32069086357677,1.0000980451887647,9.804518876457824e-05,351.0312996486008,358.1672252108908,87.32262520826909,88.23337855270839,4.019935255168663,4.059316679083424,101671.10340987846,349674546377.095,319224007673.278,94679313.96767426,22784779.682823412,22214.471119896058,19538.417031346875,1236.776141570368,3.471651918373361,0.9139319939456136,0.20325737757773776
57,2580.0,43.0,0.7166666666666667,28.602460688618123,28.801915448310215,0.00035132126309941994,94.10101652236105,93.82774269044401,94.09182100622185,1.0000977291760418,9.77291760416957e-05,351.12500743530853,352.8586816016977,87.35293012841186,84.1916788777376,4.019613388115802,4.191134875860071,101158.93038927663,349680644999.7584,365142027305.7378,94707076.16988838,22793868.911876984,22227.446180378873,19565.91517322746,1237.8128634612476,3.474958475587279,0.9149266099792932,0.20352076877551317
57,2640.0,44.0,0.7333333333333333,28.581381412832158,28.64516757768496,0.00035132126309941994,93.8731435303501,93.88509331629888,93.86399560919013,1.0000974593197383,9.74593197381778e-05,351.21823808339417,346.53853018774333,87.3830889067543,88.9504890042444,4.019293005974829,3.8958586295260025,100741.78600891796,349686713360.41675,344679675423.7604,94734697.47139919,22802914.442216747,22240.35870118915,19593.287304399946,1238.8449989587216,3.4782500136114862,0.9159169134696352,0.20378307142843344
57,2700.0,45.0,0.75,28.560302137046197,28.49360508577873,0.00035132126309941994,93.64631535088218,93.6636786348578,93.63721146021523,1.0000972251365134,9.722513651335816e-05,351.3109939271665,353.8106795997289,87.41310221258561,88.4238800270335,4.0189741015344635,4.00130235736726,100397.64659710476,349692751574.4397,361051829649.3259,94762178.55694127,22811916.472594686,22253.20895502709,19620.533932564264,1239.8725652523108,3.481526589912903,0.9169029192582858,0.20404428885010084
57,2760.0,46.0,0.7666666666666667,28.53922286126023,28.6240531729816,0.00035132126309941994,93.42052007767425,93.63202353373416,93.41146536470775,1.0000969336358352,9.693363583528181e-05,351.40328051992833,352.86911453707864,87.44297164877094,88.0459224148443,4.018656661525609,4.00778485657146,99934.47836603786,349698760103.64954,326963738136.4872,94789521.06572938,22820875.48166696,22265.997643026843,19647.65648790455,1240.8956102088896,3.4847883623565323,0.9178846716326952,0.2043044318512024
57,2820.0,47.0,0.7833333333333333,28.518143585474263,28.427991675047426,0.00035132126309941994,93.19575952299279,93.19863368780028,93.18675414572131,1.0000966379541174,9.663795411734162e-05,351.4950976647531,353.7705917569986,87.472697150488,87.3622817412983,4.018340683608292,4.049466024761147,99462.22315218356,349704738790.9867,325021250027.80804,94816724.93216085,22829791.448172055,22278.724703032334,19674.654752731156,1241.9141271036451,3.4880353104916253,0.9188621626161115,0.20456349794873985
57,2880.0,48.0,0.8,28.497064309688298,28.69187673783858,0.00035132126309941994,92.9720300557926,92.51994946420487,92.96307464392557,1.0000963329999717,9.633299997161978e-05,351.5864474463176,338.89826783720076,87.50227931462756,86.45986653367558,4.018026161148739,3.919717684333945,98970.48398194599,349710687724.9536,346258389024.1251,94843790.76714975,22838664.54923763,22291.390376536452,19701.52916320565,1242.9281309529742,3.491267485025624,0.9198354051000166,0.204821489972566
57,2940.0,49.0,0.8166666666666667,28.475985033902333,28.493758304767358,0.00035132126309941994,92.7493280450285,92.70139658046891,92.74042371757764,1.0000960134436951,9.601344369506382e-05,351.6773319492988,345.69677900796216,87.53171873808031,88.52634904448962,4.017713087545064,3.9050156562339366,98448.45566965474,349716606994.05383,376990116373.50287,94870719.18166673,22847494.96201458,22303.99490562547,19728.280155489625,1243.9376368337043,3.494484936969968,0.920804412074224,0.20507841078129152
57,3000.0,50.0,0.8333333333333334,28.45490575811637,28.356390056780985,0.00035132126309941994,92.52765144595281,92.30356084661744,92.51879824249104,1.000095690860992,9.569086099199394e-05,351.76775259987505,346.771896064761,87.56101581622433,86.97995569997403,4.0174014579521975,3.986802399174647,97920.02670402583,349722496629.14075,358078044631.511,94897510.59155518,22856282.803220876,22316.538443589583,19754.907975198417,1244.9426531126092,3.497687695785082,0.9217691901291083,0.20533426157238654
57,3060.0,51.0,0.85,28.433826482330407,28.344349864293644,0.00035132126309941994,92.30699926252437,92.46664180686436,92.29819511200715,1.0000953881113985,9.53881113984649e-05,351.85771038888936,359.6097665018925,87.590170811217,85.26342325014582,4.017091268690957,4.217632283504141,97431.9496315568,349728356622.9552,333712669767.3675,94924165.28366357,22865028.149623804,22329.021085101034,19781.412741976612,1245.9431837282818,3.500875776729771,0.9227297416380758,0.20558904244892195
57,3120.0,52.0,0.8666666666666667,28.412747206544438,28.559141382344393,0.00035132126309941994,92.08736654468841,92.17103105110402,92.07861123697018,1.0000950851408446,9.508514084448702e-05,351.94720794856147,354.90725401392825,87.61918448750727,88.56543590296948,4.016782511811008,4.007288513803031,96943.12825673878,349734187111.9359,317048787363.42456,94950684.03140503,22873731.22870399,22341.44314817665,19807.795050425375,1246.9392495495795,3.504049249812951,0.923686085259444,0.2058427577520754
57,3180.0,53.0,0.8833333333333333,28.391667930758473,28.4630699067412,0.00035132126309941994,91.86875013049496,92.1023499642238,91.86004354569845,1.000094780978328,9.478097832799519e-05,352.036247168839,348.3167527694908,87.64805738239507,84.84965330680092,4.016475181337547,4.105105197189678,96451.61002454125,349739988167.5386,355174705198.84015,94977067.38823307,22882392.199817635,22353.80485065325,19834.05528035852,1247.9308638728644,3.5072081607063836,0.9246382324236837,0.20609540994640518
57,3240.0,54.0,0.9,28.370588654972508,28.167389144861804,0.00035132126309941994,91.65114685799412,92.029361628475,91.64248898395493,1.0000944744532276,9.447445322772728e-05,352.1248299396696,337.69961200731285,87.67679003318044,85.79159347280145,4.016169271324958,3.93627858322009,95955.05184929997,349745759861.21765,339351936944.3851,95003315.90765208,22891011.222341828,22366.106410914,19860.193811589852,1248.9180400500718,3.5103525553629,0.9255861946520749,0.20634700152300622
57,3300.0,55.0,0.9166666666666666,28.349509379186546,28.478944529021035,0.00035132126309941994,91.43455413309962,91.50643388287338,91.42594451492248,1.000094170404504,9.417040450417678e-05,352.21295782801894,373.65391912603593,87.70538289151933,85.95728550302191,4.015864776095472,4.346972068038372,95463.31291288578,349751502240.4492,341453527326.4046,95029430.04749084,22899588.429929525,22378.348003426843,19886.210955721323,1249.9007885923438,3.5134824688586193,0.9265299804634299,0.20659753423809413
57,3360.0,56.0,0.9333333333333333,28.328430103400578,28.417390945328446,0.00035132126309941994,91.2189690683978,91.53942032144464,91.2104071191781,1.000093870310309,9.387031030910321e-05,352.30063256768784,361.5014246097997,87.73383645330678,88.29868290538757,4.015561689875347,4.094074936510096,94979.3763350495,349757215365.0952,354337552612.2696,95055410.31507099,22908123.96955096,22390.529826123384,19912.107059589413,1250.8791215578694,3.5165979422893585,0.9274696000572487,0.20684701026545627
57,3420.0,57.0,0.95,28.307350827614613,28.20573017495701,0.00035132126309941994,91.0043883239864,91.13808306252642,90.99587379466593,1.0000935704990284,9.357049902825402e-05,352.3878561498372,355.0943967612351,87.76215128268113,88.65483335753555,4.015260006728857,4.005358572263929,94495.80126773773,349762899314.1256,354005385066.98145,95081257.29404098,22916618.008711345,22402.652112891883,19937.88252438357,1251.853053366698,3.5196990259139653,0.9284050661859364,0.20709543241139583
57,3480.0,58.0,0.9666666666666667,28.286271551828648,28.285470966915756,0.00035132126309941994,90.79080884186759,90.35379373663406,90.78234155667644,1.0000932701783845,9.327017838440202e-05,352.4746304052901,354.55472693953254,87.79032790126458,86.94554703848937,4.014959720867075,4.077894026965832,94011.00755906713,349768554154.605,349333661921.82495,95106971.52057713,22925070.702155538,22414.715076079796,19963.537717430874,1252.8225970551775,3.522785764725832,0.929336390154825,0.20734280313012077
57,3540.0,59.0,0.9833333333333333,28.265192276042683,28.204570370483303,0.00035132126309941994,90.57822756404353,90.64285723316085,90.56980743781438,1.000092968357418,9.296835741795775e-05,352.5609571648699,346.69386188347704,87.81836683067925,85.80711328310134,4.014660826528865,4.0403860311631545,93523.02759563227,349774179953.59973,335930696768.8576,95132553.53090471,22933482.204648472,22426.718928554663,19989.073006058392,1253.7877657127683,3.5258582039864734,0.930263583356048,0.20758912490125203
57,3600.0,60.0,1.0,28.244113000256718,28.160135127484594,0.00035132126309941994,90.36664228808138,90.27076756812373,90.35826848797682,1.0000926733130757,9.267331307570147e-05,352.6468375768107,371.4728151192557,87.8462684030038,87.05894426176772,4.01436331887209,4.266911553651696,93048.51907392466,349779776785.58594,349537338368.3945,95158003.66008663,22941852.613946714,22438.6637824504,20014.488654822613,1254.7485655384735,3.528916360102869,0.9311866492563468,0.20783439821240446
57,3660.0,61.0,1.0166666666666666,28.223033724470753,27.928952299021333,0.00035132126309941994,90.15604970745629,90.23116691930886,90.14772177433323,1.0000923809604851,9.238096048509133e-05,352.73227367021633,357.86554441776127,87.87403319491956,89.75871186686291,4.014067191929112,3.9869728182883826,92579.23623241932,349785344715.4768,323430566541.56146,95183322.50288951,22950182.101419397,22450.549881005194,20039.785060903705,1255.7050117370009,3.5319602872849387,0.9321056017339977,0.2080786261757681
57,3720.0,62.0,1.0333333333333334,28.201954448684788,28.270341604666477,0.00035132126309941994,89.94644664829613,89.18909595286955,89.93816438130116,1.0000920884593536,9.208845935363297e-05,352.817267368357,356.2550758991125,87.90166175371965,86.46125071011573,4.013772439898466,4.120401601563134,92109.48562616656,349790883809.33325,334303969878.7898,95208510.622931,22958470.82961356,22462.377452290835,20064.962605547567,1256.6571184908353,3.534990035503718,0.9330204535145015,0.20832181161694807
57,3780.0,63.0,1.05,28.180875172898823,28.30054898037153,0.00035132126309941994,89.73783010867145,89.5553059653347,89.72959341051589,1.0000917946670935,9.179466709353559e-05,352.9018204573232,337.61686146359943,87.92915458860476,88.58447415860883,4.013479057184723,3.8112419210064155,91637.00675608353,349796394134.7069,350551312378.44183,95233568.54343915,22966718.94963488,22474.146704535873,20090.021649346327,1257.604898638786,3.538005649138462,0.9339312157977631,0.20856395698091523
57,3840.0,64.0,1.0666666666666667,28.159795897112858,28.137112873121218,0.00035132126309941994,89.53019708665278,89.94448466026476,89.52200598081859,1.000091498238276,9.149823827608358e-05,352.98593472320556,350.7543321486176,87.95651220877555,88.86586311182117,4.013187038218958,3.9470086697662343,91159.15284684268,349801875759.1487,348682604695.8094,95258496.78768897,22974926.612608373,22485.857846465224,20114.962552892117,1258.548365070471,3.54100717282428,0.9348378998666842,0.20880506473697524
57,3900.0,65.0,1.0833333333333333,28.138716621326893,28.122015082740017,0.00035132126309941994,89.32354458031068,89.49926929556466,89.31539922822718,1.000091197622738,9.119762273792079e-05,353.06961195209465,351.17524558904523,87.98373512343267,88.66295117220751,4.0128963774585396,3.9607890437457645,90672.89200482387,349807328750.2102,359045591453.8177,95283295.87900203,22983093.969678275,22497.51108729675,20139.785676777054,1259.4875307260554,3.5439946514503404,0.9357405170866642,0.20904513737864772
57,3960.0,66.0,1.1,28.117637345540928,28.154522124708713,0.00035132126309941994,89.1178695877157,88.78024638717505,89.10977030591683,1.0000908910635846,9.08910635845216e-05,353.15285393008105,348.6675003302122,88.01082384177676,87.53947546288678,4.012607069386929,3.9829745207695835,90174.80894353827,349812753175.44226,373960224117.5622,95307966.34074599,22991221.17200786,22509.106636737983,20164.491381593267,1260.4224085958795,3.54696813015844,0.9366390789051131,0.20928417742350458
57,4020.0,67.0,1.1166666666666667,28.09655806975496,27.95403340924156,0.00035132126309941994,88.91317107770178,89.48687168785617,88.90511638419873,1.0000905987622606,9.059876226058006e-05,353.2356611144484,351.38464416563846,88.03777848676656,87.86909008869165,4.012319111022834,3.9989562178345586,89704.99808834736,349818149106.71423,367851690929.2558,95332508.30439967,22999308.25461623,22520.644508725134,20189.07979120455,1261.352997636267,3.5499275983517933,0.9375335811460292,0.20952218339791395
57,4080.0,68.0,1.1333333333333333,28.075478793968994,28.075735000614028,0.00035132126309941994,88.70944532585192,88.5092404477067,88.70143465050182,1.0000903105500114,9.031055001146467e-05,353.3180357784318,351.2703655009562,88.0645997092001,86.02284015798479,4.012032495976027,4.083454636650365,89243.21028559114,349823516609.9938,329233133813.77216,95356922.43710077,23007355.411287643,22532.12498575599,20213.551352988317,1262.2793160871906,3.5528731221233443,0.9384240411528566,0.20975915933206668
57,4140.0,69.0,1.15,28.05439951818303,28.027255365306242,0.00035132126309941994,88.5066891539582,88.52268334526836,88.49872230934723,1.000090022142728,9.002214272798548e-05,353.3999798269792,348.5035954226061,88.09128805282617,88.04965050390011,4.011747218579139,3.9580349658193064,88780.96549485263,349828855752.44617,327658493630.40063,95381209.29740733,23015362.80363085,22543.548296459194,20237.906448711285,1263.201378339093,3.5558047523223095,0.9393104720053245,0.20999510816949307
57,4200.0,70.0,1.1666666666666667,28.033320242397064,28.05979611388623,0.00035132126309941994,88.30489968188704,88.31639833855547,88.29697658233387,1.0000897323992264,8.973239922636959e-05,353.48149496405915,359.75760939684216,88.11784400297515,86.86029124736372,4.011463273569476,4.14179602935376,88316.03758844573,349834166601.8894,331777023877.6303,95405369.38464344,23023330.575703606,22554.914640252537,20262.14542433545,1264.1191967007744,3.5587225315735083,0.9401928844871055,0.21023003226973103
57,4260.0,71.0,1.1833333333333333,28.0122409666111,28.14709732209154,0.00035132126309941994,88.10407402950477,88.3838193529852,88.09619470811934,1.000089439974241,8.943997424107732e-05,353.56258289364024,355.4344786365271,88.14426804497741,87.93238778814667,4.011180655708976,4.042133820963291,87845.81790867775,349839449226.1416,342863046257.6957,95429403.19817698,23031258.87158204,22566.22421701593,20286.268625822806,1265.0327835285443,3.5616265027397134,0.9410712894593409,0.21046393401507313
57,4320.0,72.0,1.2,27.991161690825134,28.04294212276177,0.00035132126309941994,87.90420931667781,87.6909121825042,87.89637394239614,1.0000891433165013,8.91433165013588e-05,353.6432453196909,346.7545298944351,88.17056066416335,87.92553662450233,4.010899359784021,3.9437294693496874,87367.31655135742,349844703693.0204,346188913556.4907,95453311.23742008,23039147.835360378,22577.477227087962,20310.276399135357,1265.942151225915,3.5645167089200243,0.9419456978601044,0.21069681581044497
57,4380.0,73.0,1.2166666666666666,27.97008241503917,27.98024105669856,0.00035132126309941994,87.70530266327252,87.94427807864385,87.69751155787706,1.0000888406667083,8.884066670823717e-05,353.72348394617967,354.72150700974123,88.19672234586335,88.59952876434697,4.010619380605251,4.003650041449018,86877.16423472663,349849930070.3439,362232687628.651,95477094.00182897,23046997.611151084,22588.673871263483,20334.169090235093,1266.8473122433134,3.567393193448538,0.9428161207040233,0.2109286800832666
57,4440.0,74.0,1.2333333333333334,27.949003139253204,28.1147057949895,0.00035132126309941994,87.50735322800462,87.45593032888696,87.499604844281,1.000088553356754,8.855335675415227e-05,353.80329907069245,340.0565534179597,88.22275316591487,89.4324709814009,4.0103407156804245,3.8023835155877626,86417.0864273018,349855128435.68555,330966122428.28735,95500751.57598853,23054808.219881445,22599.814141938972,20357.946800177182,1267.7482640577227,3.5702559398533324,0.9436825522470773,0.21115952497453883
57,4500.0,75.0,1.25,27.92792386346724,27.792630758466284,0.00035132126309941994,87.31035724251925,87.41113299040359,87.30265110830715,1.000088269189014,8.826918901397032e-05,353.8826930098858,357.22256172034,88.24865378804321,89.80961649776222,4.0100633586983205,3.977553581127261,85963.15520747399,349860298852.61304,330795249189.25616,95524284.64019245,23062579.85937047,22610.89833166961,20381.609981616864,1268.6450257429378,3.5731050180144024,0.9445450109654256,0.21138935482630927
57,4560.0,76.0,1.2666666666666666,27.906844587681274,27.79743493515982,0.00035132126309941994,87.11431172944789,87.10092962276624,87.10664767362591,1.0000879847408513,8.798474085115098e-05,353.9616675348003,355.8159016154852,88.27442471710788,90.38838615384789,4.009787304410508,3.936522342702961,85508.69713822765,349865441388.479,350305798078.6936,95547693.71381092,23070312.67965839,22621.92665248159,20405.158992196008,1269.5376105966689,3.575940474778619,0.9454035088885391,0.2116181723338464
57,4620.0,77.0,1.2833333333333334,27.88576531189531,28.04894285360111,0.00035132126309941994,86.91921392777721,87.25496334029735,86.91159188085953,1.0000876988529692,8.769885296915439e-05,354.0402242672361,350.0154563115925,88.30006641451456,88.15290726738674,4.0095125478755,3.9705492100211774,85051.48386113865,349870556111.672,341029512865.8071,95570979.27222717,23078006.817729227,22632.899294676652,20428.59416356786,1270.426030367943,3.578762350847235,0.9462580563330452,0.2118459797568617
57,4680.0,78.0,1.3,27.864686036109344,27.924101454718013,0.00035132126309941994,86.7250610764939,87.07915975017818,86.71748108756807,1.0000874101603363,8.741016033632253e-05,354.1183648289935,346.9589035748039,88.32557934166888,89.9598887958712,4.009239084174713,3.8568178353587292,84588.90795389394,349875643090.5796,371254800825.60315,95594141.79086703,23085662.41058422,22643.816448986297,20451.915827385677,1271.310296850127,3.5815706871426585,0.947108663687759,0.21207277937631241
57,4740.0,79.0,1.3166666666666667,27.84360676032338,27.80387805652019,0.00035132126309941994,86.53185041458464,86.52966428470927,86.52431266823152,1.0000871170902221,8.711709022208876e-05,354.19609084187266,361.73450540177856,88.35096395997653,86.74079773533172,4.008966908412289,4.170292582569078,84117.9843625665,349880702393.5897,337109842573.883,95617181.74519706,23093279.595241986,22654.67830656904,20475.124315302703,1272.190421880684,3.58436552480687,0.9479553414132216,0.21229857349429393
57,4800.0,80.0,1.3333333333333333,27.822527484537414,27.79801547067862,0.00035132126309941994,86.3395791810361,86.57725278519584,86.3320840142359,1.0000868178601938,8.68178601939148e-05,354.27340392767394,358.3464322509991,88.37622073084313,87.7353584351684,4.0086960157149285,4.084401530265558,83635.35256658227,349885734089.09045,364810886077.4061,95640099.61072624,23100858.50873822,22665.485059007755,20498.219958972197,1273.0664173408732,3.5871469052001927,0.9487981000413175,0.2125233644339115
57,4860.0,81.0,1.35,27.801448208751445,27.698939171477342,0.00035132126309941994,86.14824628709574,86.14696383848354,86.14079253386356,1.0000865298891841,8.652988918408084e-05,354.3503045825026,358.429574339061,88.40134979075096,91.54515173628842,4.008426403230969,3.9153310420149734,83174.59542945652,349890738242.4177,325599145906.7711,95662895.53067613,23108399.190344013,22676.236732219855,20521.202889175245,1273.938283299407,3.589914822722939,0.9496369369413102,0.21274715115945586
57,4920.0,82.0,1.3666666666666667,27.78036893296548,27.734896807393685,0.00035132126309941994,85.95784832988078,85.74471029184072,85.95043565227198,1.000086243630443,8.624363044286666e-05,354.4267948602382,359.85539729849586,88.42635172582212,85.1017189703569,4.008158065360273,4.228532650719344,82717.2729831737,349895714923.131,348354105712.5548,95685570.10819113,23115901.814658828,22686.933582278536,20544.07351466653,1274.8060362650258,3.5926693372179983,0.9504718678473534,0.21296993732748382
57,4980.0,83.0,1.3833333333333333,27.759289657179515,27.847932227431706,0.00035132126309941994,85.7683826462348,85.87720048269166,85.76101081148741,1.0000859578808323,8.595788083226659e-05,354.5028763168079,368.6444110328996,88.45122697844846,86.86737587944853,4.007890997410178,4.243761335032053,82261.07710967053,349900664199.4396,355868590862.1946,95708123.79945195,23123366.513045587,22697.575792229676,20566.832155344728,1275.6696875474945,3.595410487888614,0.9513029027145539,0.21319172512158957
57,5040.0,84.0,1.4,27.73821038139355,27.83542643187249,0.00035132126309941994,85.57984669363036,85.2229676745698,85.57251547038814,1.000085672639187,8.567263918699655e-05,354.5785504269365,345.7104292272355,88.47597596758344,88.26831251811404,4.007625194853459,3.9165859113517127,81806.01530883595,349905586139.3325,337888603152.8261,95730557.03670621,23130793.409830198,22708.163533535044,20589.47911661853,1276.5292476424183,3.5981383107380864,0.9521300506099877,0.21341251650120796
57,5100.0,85.0,1.4166666666666667,27.717131105607585,27.572099872812412,0.00035132126309941994,85.39223794652445,85.40157474648326,85.38494710469458,1.0000853879059142,8.538790591427423e-05,354.6538186539156,360.4910328818981,88.5005991088804,87.05719607897032,4.007360653204083,4.140852785505446,81352.09793984442,349910480810.7683,333123672429.66156,95752870.24886566,23138182.628361672,22718.696976359468,20612.01470185648,1277.3847269653925,3.600852841490145,0.9529533205317193,0.21363231341074984
57,5160.0,86.0,1.4333333333333333,27.69605182982162,27.71636965809959,0.00035132126309941994,85.20555389635852,85.31822196609941,85.19830320695702,1.0000851036831553,8.510368315539432e-05,354.7286824496037,352.93735772484615,88.52509681469255,89.2367999837638,4.007097368016989,3.9550651501293346,80899.33849616897,349915348281.67395,341017878930.77454,95775063.86150551,23145534.291011833,22729.176289566152,20634.43921238692,1278.2361358515236,3.6035541155864834,0.9537727214080363,0.21385111777937205
57,5220.0,87.0,1.45,27.674972554035655,27.74210996912451,0.00035132126309941994,85.01979205155855,85.1404000765273,85.01258128654293,1.0000848199749555,8.481997495551601e-05,354.8031432544259,350.93726127110006,88.54946949407297,86.89582215004874,4.006835334887857,4.038597628607663,80447.75389170613,349920188619.9458,352330225621.83386,95797138.29686403,23152848.51917541,22739.601640712805,20656.752947498026,1279.083484555038,3.6062421681846857,0.9545882620967792,0.21406893152078688
57,5280.0,88.0,1.4666666666666666,27.65389327824969,27.685470720297285,0.00035132126309941994,84.83494987760149,84.79495018359444,84.82777886963217,1.0000845360808084,8.45360808083848e-05,354.8772029335576,357.924148066296,88.57371766793142,91.92519999568549,4.006574549168357,3.893645573608708,79996.02741364161,349925001830.29456,332673555663.44464,95819094.10116422,23160125.46790885,22749.973268374175,20678.956211637014,1279.9267880123552,3.6089170585778163,0.9553999578213173,0.21428575814184603
57,5340.0,89.0,1.4833333333333334,27.632814002463725,27.570036653331847,0.00035132126309941994,84.65102496467551,84.18297340589311,84.64389349919833,1.0000842525689966,8.425256899665581e-05,354.95086255672766,352.71714148935285,88.5978416468902,90.51511631449853,4.006315006762769,3.896776094987521,79545.25008004524,349929788030.9165,317617072612.0656,95840931.58843678,23167365.229028665,22760.291279842495,20701.049294270764,1280.7660525193232,3.6115788018979984,0.9562078121709376,0.21450159824393644
57,5400.0,90.0,1.5,27.61173472667776,27.622815356839325,0.00035132126309941994,84.46801487325621,84.11854205110926,84.4609227350074,1.0000839694620796,8.396946207963346e-05,355.0241235220834,352.11963118407994,88.62184182799581,90.18949167001115,4.0060567033930745,3.904220155408227,79095.47487049889,349934547290.77026,352686674198.29803,95862651.16857833,23174567.920363516,22770.555837417807,20723.03248843525,1281.6012879986647,3.6142274319958645,0.9570118336718849,0.21471645366429515
57,5460.0,91.0,1.5166666666666666,27.590655450891795,27.450653387623614,0.00035132126309941994,84.285917178936,83.95958123940545,84.27886415360346,1.0000836867630263,8.368676302618569e-05,355.09698722993124,345.78486907129724,88.64571860858304,88.4166120612324,4.005799634812249,3.9108586159332366,78646.71741119593,349939279676.81445,347180175416.69476,95884253.25211507,23181733.659843512,22780.76710433158,20744.906085350587,1282.4325044389516,3.616862983189961,0.9578120309777169,0.2149303262740272
57,5520.0,92.0,1.5333333333333334,27.56957617510583,27.70833347469352,0.00035132126309941994,84.10472947426993,83.67094055016834,84.0977153483051,1.0000834044769917,8.340447699178661e-05,355.1694550693036,349.2862479058427,88.66947238272863,86.24269538363524,4.0055437968128125,4.050038630542623,78198.99723623108,349943985255.9547,323040810187.2411,95905738.24628145,23188862.56443367,22790.92524251528,20766.670374199366,1283.259711747588,3.619485489512833,0.958608412670479,0.21514321792840585
57,5580.0,93.0,1.55,27.548496899319865,27.373675900348005,0.00035132126309941994,83.9244493687756,83.81779195197026,83.91747392919206,1.0000831226115008,8.312261150076423e-05,355.2415284179587,369.7626747531925,88.69310354125122,90.48113110456232,4.005289185226625,4.086627457451712,77752.33808123811,349948664095.04224,371803873200.4288,95927106.5550192,23195954.750133604,22801.030412596083,20788.325642126612,1284.0829197503926,3.6220949847086885,0.9594009872600218,0.21535513046667276
57,5640.0,94.0,1.5666666666666667,27.5274176235339,27.51681107897029,0.00035132126309941994,83.74507448893326,83.72813482819974,83.73813752310487,1.0000828411764768,8.284117647676971e-05,355.31320864238086,352.22230615278687,88.71661247171136,88.48957912423998,4.005035795924668,3.980381753858998,77306.76788850139,349953316260.8745,333272000638.92053,95948358.57897776,23203010.33197751,22811.08277389314,20809.872174239805,1284.9021381911862,3.6246915022314212,0.9601897631833243,0.21556606571183812
57,5700.0,95.0,1.5833333333333333,27.506338347747935,27.58175247940222,0.00035132126309941994,83.5666024781857,83.70990276084942,83.55970377363052,1.0000825601844385,8.256018443857467e-05,355.38449709778007,355.33544240602447,88.73999955841151,89.60870741480686,4.004783624816841,3.9654119857029566,76862.31911864945,349957941820.1947,342402194718.78503,95969494.71551329,23210029.424033813,22821.082484413288,20831.31025360888,1285.7173767313889,3.627275075242295,0.9609747488038174,0.2157760254704857
57,5760.0,96.0,1.6,27.48525907196197,27.661154552224033,0.00035132126309941994,83.38903099693837,83.49254301230745,83.38217034110359,1.0000822796505142,8.227965051424484e-05,355.4553951280927,350.84292720225056,88.76326518239604,89.85791530930764,4.004532667851749,3.904418725880564,76419.02871935278,349962540839.6919,316155804105.59863,95990515.35868925,23217012.139405362,22831.029700847066,20852.64016126622,1286.5286449496416,3.629845736608047,0.9617559524107175,0.21598501153259297
57,5820.0,97.0,1.6166666666666667,27.464179796176005,27.513632377591602,0.00035132126309941994,83.21235772255932,83.19063315462044,83.20553490259516,1.000081999592601,8.199959260094699e-05,355.5259040659806,346.9179563722072,88.78640972145121,87.56053238508282,4.004282921016502,3.962035713150936,75976.9383630983,349967113386.001,351368437771.9128,96011420.89927477,23223958.590229005,22840.924578564867,20873.862176206647,1287.3359523413992,3.632403518898535,0.9625333822183624,0.2161930256713216
57,5880.0,98.0,1.6333333333333333,27.44310052039004,27.329907362604448,0.00035132126309941994,83.03658034937914,83.2334068528327,83.02979515191242,1.0000817200313972,8.172003139713696e-05,355.59602523283206,354.78728379964303,88.80943355010523,88.25644236589456,4.004034380336511,4.019959045355147,75536.09444439702,349971659525.7035,337980024015.9519,96032211.72474611,23230868.88767571,22850.767271612902,20894.97657538745,1288.1393083185421,3.6349484543849186,0.9633070463655624,0.21640006964284497
57,5940.0,99.0,1.65,27.422021244604075,27.393913290099896,0.00035132126309941994,82.86169658869106,82.62597984255082,82.85494879958976,1.000081440990539,8.144099053900376e-05,355.66575993876086,347.3895240426942,88.83233703962814,87.4565618259327,4.003787041875283,3.972137902403636,75096.54826804734,349976179325.3259,337917483294.4917,96052888.21928418,23237743.141950123,22860.55793270914,20915.983633728356,1288.9387222089863,3.637480575037351,0.9640769529149189,0.21660614518614496
57,6000.0,100.0,1.6666666666666667,27.40094196881811,27.336897884127787,0.00035132126309941994,82.68770416875094,82.8472522714936,82.68099357289084,1.0000811624966044,8.116249660428948e-05,355.73510948260696,344.39749852836775,88.85512055803197,89.92079877763874,4.003540901734229,3.830009332768645,74658.35598945162,349980672851.3418,323671335491.50586,96073450.76377654,23244581.46229087,22870.29671323979,20936.883624111557,1289.7342032563183,3.6399999125231375,0.9648431098522234,0.21681125402284218
57,6060.0,101.0,1.6833333333333333,27.379862693032145,27.496520897495397,0.00035132126309941994,82.51460083477718,82.04809834892735,82.50792721579717,1.0000808845792788,8.088457927881358e-05,355.80407515193616,340.071248198234,88.87778447007064,87.58563736811352,4.003295956052463,3.8827284748633972,74221.57885318664,349985140170.1698,356221848181.5885,96093899.73581535,23251383.95697014,22879.983763255295,20957.676817381678,1290.525760619401,3.642506498204611,0.9656055250858007,0.21701539785700064
57,6120.0,102.0,1.7,27.35878341724618,27.339494460862866,0.00035132126309941994,82.34238434895083,82.03006705315053,82.33574748901407,1.0000806072713149,8.060727131490065e-05,355.87265822304033,347.1524258718973,88.90032913723991,90.84705455146417,4.003052201006611,3.82128432876421,73786.28304594832,349989581348.1748,346811042972.02893,96114235.50969774,23258150.733293563,22889.619231466364,20978.363482345805,1291.313403371997,3.6450003631371004,0.9663642064458511,0.21721857837494696
57,6180.0,103.0,1.7166666666666666,27.337704141460215,27.132232801811032,0.00035132126309941994,82.17105249041552,82.16919811535303,82.16445216996415,1.0000803306086399,8.033060863980244e-05,355.9408599609372,354.6658463725106,88.92275491777754,89.26545488062185,4.002809632810613,3.9731590103564582,73352.53982444701,349993996451.66785,352362373854.2657,96134458.45642585,23264881.89760025,22899.20326524065,20998.943885773468,1292.0971405024056,3.6474815380670833,0.9671191616838684,0.21742079724509233
57,6240.0,104.0,1.7333333333333334,27.316624865674246,27.26557690923914,0.00035132126309941994,82.00060305527748,81.24306167872645,81.9940390527849,1.0000800546304147,8.005463041472552e-05,356.0086816193705,359.1740444723502,88.94506216666315,88.86386339032833,4.002568247715539,4.041845928920546,72920.42555039345,349998385546.9053,356481477398.00574,96154568.94370574,23271577.555262484,22908.736010598514,21019.418292396655,1292.8769809130827,3.6499500534300537,0.9678703984719732,0.21762205611774732
57,6300.0,105.0,1.75,27.29554558988828,27.085874923611655,0.00035132126309941994,81.83103385660553,81.51412478691802,81.8245059483318,1.0000797793790268,7.977937902670508e-05,356.0761244408099,351.1594645995171,88.96725123561826,88.88346837374897,4.0023280420093945,3.950784898749847,72490.02160195375,350002748700.0907,360905086438.1505,96174567.33594793,23278237.810685873,22918.21761220973,21039.786964909803,1293.6529334202896,3.6524059393486823,0.9686179244023236,0.21782235662495175
57,6360.0,106.0,1.7666666666666666,27.274466314102316,27.221185808431922,0.00035132126309941994,81.66234272443113,81.96597657500543,81.6558506841746,1.000079504900165,7.950490016498288e-05,356.14318965645094,359.9496805872882,88.98932247310634,90.40854548753697,4.002089012016939,3.9813678966542834,72061.41443882471,350007085977.37195,345012292869.75916,96194453.99426627,23284862.76730886,22927.648213389548,21060.05016396979,1294.4250067537114,3.6548492256308123,0.969361746986479,0.21802170038028645
57,6420.0,107.0,1.7833333333333334,27.25338703831635,27.321126417202215,0.00035132126309941994,81.49452750574828,81.59336552959329,81.48807110459892,1.000079231242829,7.923124282911185e-05,356.2098784862151,351.04860872458187,89.0112762243327,92.64998357265624,4.001851154099498,3.788976481029693,71634.6955421321,350011397444.8445,381691201448.5705,96214229.27647841,23291452.52760295,22937.027956095437,21080.208148195958,1295.1932095561242,3.657279941767598,0.9701018736548281,0.21822008897871115
57,6480.0,108.0,1.8,27.232307762530386,27.168834949255906,0.00035132126309941994,81.32758606451364,81.6260304133614,81.32116507060762,1.000078958459344,7.89584593438137e-05,356.2761921387499,365.86434283396767,89.03311283124465,86.12123492496887,4.001614464654782,4.248247753910153,71209.96136677175,350015683168.54846,382737235950.3073,96233893.53710538,23298007.193072423,22946.356980923156,21100.26117417009,1295.9575503830083,3.659698116931658,0.9708383117559709,0.21841752399638326
57,6540.0,109.0,1.8166666666666667,27.21122848674442,27.2153721423612,0.00035132126309941994,81.16151626551121,81.35173099749053,81.15513045992228,1.0000786864065494,7.868640654933902e-05,356.34213185919407,358.9874208509085,89.05483264490015,89.34772670567484,4.001378940097312,4.017868546711528,70786.95557163154,350019943209.15405,381004001354.01624,96253447.14133698,23304526.867972933,22955.63543485361,21120.209498374585,1296.7180382040042,3.662103782516283,0.9715710692266306,0.21861400715719403
57,6600.0,110.0,1.8333333333333333,27.190149210958456,27.325110299618707,0.00035132126309941994,80.99631584368063,81.49081557814891,80.98996516698416,1.0000784131303597,7.84131303597546e-05,356.4076993160064,361.2560657580624,89.07643612563736,88.05910513963798,4.001144576701668,4.102427173035744,70362.1743023531,350024177578.90344,342777326331.2042,96272890.57814026,23311011.689427584,22964.86353403602,21140.05339288877,1297.4746864680328,3.664496992727983,0.9723001600254815,0.21880954168386024
57,6660.0,111.0,1.85,27.16906993517249,27.256389855496074,0.00035132126309941994,80.83198282971459,80.33439539200808,80.82566710295917,1.0000781401129344,7.814011293432606e-05,356.4728953410655,346.1366524821352,89.0979235168231,86.09754364362496,4.000911371113578,4.020284874965357,69938.3003354429,350028386381.8474,327282221985.48376,96292224.09186572,23317461.729338005,22974.04135934313,21159.79309426607,1298.2274998666016,3.6668777575462315,0.9730255864438053,0.21900412789983514
57,6720.0,112.0,1.8666666666666667,27.147990659386526,27.1918705142378,0.00035132126309941994,80.6685151465495,80.49494729405514,80.66223419574085,1.000077867305205,7.78673052050943e-05,356.5377211241823,349.8037256571086,89.11929515417229,89.66898136031047,4.000679319864329,3.9010560881863627,69515.25533664017,350032569680.88806,345127732648.79785,96311448.03152221,23323877.087382756,22983.1690501704,21179.42885200362,1298.9764868802868,3.66924610626144,0.9737473558698806,0.219197767397183
57,6780.0,113.0,1.8833333333333333,27.12691138360056,27.077771051055823,0.00035132126309941994,80.50591073359158,79.94672684135323,80.49966438995177,1.0000775946544267,7.75946544266787e-05,356.60217784535286,370.1541011496871,89.14055137051943,91.9098172176078,4.000448419520191,4.027361954961806,69092.95522045568,350036727538.7103,357732922109.8186,96330562.74324644,23330257.86238613,22992.246744774384,21198.960913620187,1299.7216559162825,3.6716020679160692,0.9744654756284366,0.2193904617536031
57,6840.0,114.0,1.9,27.105832107814596,27.12296417343676,0.00035132126309941994,80.34416754671685,80.82557492130586,80.33795564695268,1.0000773221040309,7.732210403095077e-05,356.66626667475754,358.05128914015876,89.16169249581876,92.25451682362265,4.000218666682257,3.881124756468036,68671.30998570494,350040860017.78284,327621654644.2629,96349568.57030314,23336604.152318038,23001.27458026931,21218.38952465619,1300.463015308078,3.673945671302995,0.9751799529800937,0.2195822125322806
57,6900.0,115.0,1.9166666666666667,27.08475283202863,26.83927196028037,0.00035132126309941994,80.18328355827113,79.86214614140327,80.17710594484424,1.0000770495935727,7.704959357269786e-05,356.72998877276194,363.8135118088515,89.18271885714415,86.02830875254065,3.9999900579862775,4.228997606536199,68250.22371776159,350044967180.35815,373876626871.40295,96368465.8530851,23342916.054294042,23010.252692624257,21237.714928673697,1301.2005733151555,3.6762769449639023,0.9758907951208773,0.21977302128173504
57,6960.0,116.0,1.9333333333333333,27.063673556242666,26.9344547988624,0.00035132126309941994,80.02325675707003,80.17956575801576,80.01711327847453,1.000076777058604,7.677705860400003e-05,356.79334528991615,357.6566368551119,89.2036307786892,87.26543741346694,3.99976259010249,4.098491309457618,67829.59446804576,350049049088.4718,352740959731.6155,96387254.92911196,23349193.664575033,23019.181216659694,21256.937367256407,1301.9343381226545,3.678595917187508,0.976598009181675,0.21996288953565912
57,7020.0,117.0,1.95,27.0425942804567,27.112222074599913,0.00035132126309941994,79.86408514839896,79.88026807123272,79.85797565944735,1.0000765044305364,7.650443053630913e-05,356.85633736695524,359.13767604416097,89.22442858176714,87.36278253165865,3.9995362597354664,4.110877259592964,67409.31411724233,350053105803.94324,347185684500.5626,96405936.13303119,23355437.07856726,23028.060286044783,21276.057080009694,1302.6643178410823,3.6809026160081757,0.9773016022277368,0.2201518188127891
57,7080.0,118.0,1.9666666666666666,27.021515004670736,27.054005983183917,0.00035132126309941994,79.70576675401315,79.53171745690982,79.6996911161256,1.0000762316365654,7.623163656551346e-05,356.91896613479895,360.63899558851847,89.24511258481088,89.06269640194077,3.9993110636239475,4.049271020955298,66989.2683552213,350057137388.37573,342973580535.61,96424509.79661691,23361646.390822195,23036.89003329388,21295.074304560538,1303.3905205059882,3.6831970692040485,0.9780015812581411,0.2203398106167347
57,7140.0,119.0,1.9833333333333334,27.00043572888477,27.114245088440608,0.00035132126309941994,79.5482996121376,79.4279971419304,79.54225769364258,1.0000759585994943,7.595859949418808e-05,356.981232714552,364.07454261543404,89.26568310337305,90.10859507228763,3.9990869985406836,4.0403975039602305,66569.33648524639,350061143903.15564,343092057828.9126,96442976.24876982,23367821.695036463,23045.67058976392,21313.9892765576,1304.1129540776774,3.68547930429569,0.9786979532053195,0.22052686643584707
57,7200.0,120.0,2.0,26.979356453098802,26.932289062832844,0.00035132126309941994,79.39168179264298,79.50084215794453,79.3856734539118,1.00007568542874,7.568542874006091e-05,357.0431382221387,369.3686883152451,89.28614045049787,87.35880928686122,3.9988640613275357,4.228179062083419,66149.72542667089,350065125408.1002,371489199993.42725,96461335.8168481,23373963.084165804,23054.402086503163,21332.802227848246,1304.8316264668983,3.687749348869282,0.9793907250056879,0.2207129877580023
57,7260.0,121.0,2.0166666666666666,26.958277177312837,26.997621489302688,0.00035132126309941994,79.23591146778755,79.69195082769086,79.22993647563094,1.0000754133149967,7.541331499675267e-05,357.10468378991027,371.419234820788,89.30648493845513,87.41737447842898,3.998642249059586,4.24880336474117,65732.52486069506,350069081955.14795,381200630654.5223,96479588.83287132,23380070.650957197,23063.084658224412,21351.51337798103,1305.5465456558268,3.69000723209124,0.9800799039314168,0.2208981761401665
57,7320.0,122.0,2.033333333333333,26.937197901526872,27.018385544189794,0.00035132126309941994,79.08098668982336,79.21662846922386,79.0750448542968,1.0000751417281837,7.514172818371144e-05,357.16587049871885,348.1890726442552,89.32671687328921,85.92918043327312,3.9984215585283627,4.052046940150158,65316.81016890802,350073013608.1915,328083033933.51434,96497735.61401474,23386144.486275516,23071.71843080892,21370.122960919674,1306.2577193166862,3.6922529799443566,0.9807654965465211,0.22108243298933505
57,7380.0,123.0,2.05,26.916118625740907,26.88770263954317,0.00035132126309941994,78.92690558401651,78.77121799363795,78.92099670221477,1.0000748708461455,7.487084614554157e-05,357.2266994368717,357.0522749511961,89.34683655955013,88.18706773732205,3.9982019866901304,4.048805387369587,64902.8940401815,350076920425.8644,373344886613.574,96515776.47953898,23392184.68055574,23080.30353214487,21388.63120185743,1306.9651551421712,3.6944866193585497,0.9814475096117015,0.2212657597523453
57,7440.0,124.0,2.066666666666667,26.895039349954942,27.034828239540094,0.00035132126309941994,78.77366629424803,78.26504214847984,78.76779014850919,1.0000746008708352,7.460087083514252e-05,357.2871716835159,370.875302033784,89.3668442989601,91.04195602357876,3.9979835305393387,4.07367458073651,64491.12733494199,350080802466.3933,343517761133.6855,96533711.7460177,23398191.323393486,23088.840089069316,21407.038323751545,1307.6688607519309,3.696708177045018,0.9821259498287596,0.22144815786219496
57,7500.0,125.0,2.0833333333333335,26.873960074168977,26.829192644350172,0.00035132126309941994,78.62126698301388,78.71124657305599,78.6154233391385,1.0000743320283372,7.433202833712813e-05,357.34728830863867,360.02573459613086,89.38674039041365,89.89718300754205,3.99776618710847,4.004861137483318,64081.89855214979,350084659787.59607,357794342291.152,96551541.72733802,23404164.50354503,23097.328227365695,21425.344547323217,1308.3688436923285,3.6989176794948477,0.9828008238401704,0.22162962873793912
57,7560.0,126.0,2.1,26.85288079838301,27.016702725525665,0.00035132126309941994,78.46970569766425,78.93745536516708,78.4638944369022,1.0000740628642482,7.406286424811385e-05,357.4070504240619,357.62620443454637,89.40652514588835,89.33807348851481,3.99754995332685,4.0030659994086655,63672.702318808275,350088492452.14856,354315421729.6262,96569266.74984598,23410104.31370447,23105.76807869626,21443.55010712497,1309.0651119769818,3.7011151546485124,0.9834721387374863,0.2218101739188829
57,7620.0,127.0,2.1166666666666667,26.817546147926382,26.75340255273185,0.0007615176412311904,78.22104237807581,78.39752689752392,78.21176491785998,1.000118619752739,0.00011861975273887034,357.50661015792906,357.0386577942584,89.43859046158566,88.492133955233,3.99722992405029,4.034693727409484,163557.6367039565,350095698655.24207,350187737816.78955,96598795.48519778,23419731.165088743,23119.71403855017,21473.4195749434,1310.1851227512152,3.704688819763895,0.9845558812134723,0.22209904123844781
57,7680.0,128.0,2.1333333333333333,26.771834945621848,26.72903315576994,0.0007615176412311904,77.89824607231833,78.24394668793624,77.88906549204358,1.0001178673824977,0.00011786738249776851,357.636514298555,363.4167708761172,89.48001672539695,89.22462899017604,3.9968311069509186,4.0730544356326845,161781.02031409572,350105490810.68066,343989176727.61066,96637324.74339658,23432168.691906415,23137.860712116148,21512.193905965323,1311.628498298859,3.7093125153670954,0.9859544680680088,0.2224706313525111
57,7740.0,129.0,2.15,26.72614607087621,26.81224607117755,0.0007615176412311904,77.57949483643648,77.15939169178694,77.57042043050014,1.00011698281234,0.00011698281233986848,357.7646749460053,362.9476852226158,89.52091663323453,88.75275166800695,3.996436680957594,4.089424591366771,159645.50631025495,350115136578.7771,312720519081.38416,96675338.70565283,23444448.36290572,23155.773322925306,21550.482342707888,1313.0544412543777,3.713879547650521,0.9873363510229733,0.22283791381337048
57,7800.0,130.0,2.1666666666666665,26.680453842794858,26.710748142677254,0.0007615176412311904,77.26458526993075,77.41758093214261,77.2556305946507,1.000115909678183,0.00011590967818301126,357.8911867868881,361.1365839879642,89.5613163860668,87.14035475753226,3.9960465212921528,4.144309315618757,157005.04942537993,350124646478.4407,346254184973.17053,96712864.33811903,23456578.151751243,23173.46352944865,21588.30931766353,1314.4638215887653,3.7183923153377165,0.9887022953829234,0.22320109305479674
57,7860.0,131.0,2.183333333333333,26.634763021500028,26.753166931696747,0.0007615176412311904,76.95355827158215,76.8642116587218,76.94471179739834,1.0001149718281759,0.00011497182817587036,358.01602867480614,347.99122297501185,89.60121061089788,88.33494274565633,3.9956606192468334,3.9394515030930215,154741.93813191183,350134017866.36316,349765830730.40234,96749895.54227042,23468556.412798643,23190.928437326787,21625.669918065763,1315.8564339490094,3.7228501492114034,0.9900520923414327,0.22356011356555028
57,7920.0,132.0,2.2,26.58907279919676,26.622622529928464,0.0007615176412311904,76.6463841747233,76.55875897638438,76.63764143452873,1.000114078930809,0.00011407893080885217,358.1392179415644,367.35214061958806,89.64060339476434,88.69264874205948,3.995278973796849,4.1418555633391945,152607.68534170534,350143252981.64026,367055548770.44794,96786437.39769858,23480384.363831952,23208.170068516207,21662.56770747824,1317.2323839113778,3.727253431636562,0.9913858387516346,0.2239149953546442
57,7980.0,133.0,2.216666666666667,26.54338201225039,26.581076016570726,0.0007615176412311904,76.34302024429903,76.08801671053544,76.33439520487532,1.0001129902110386,0.00011299021103863613,358.2607795537573,344.29160678857244,89.67950062507288,92.05191992354479,3.994901589066093,3.7401893091912632,149960.5773422902,350152355049.7073,341037775497.04004,96822497.23709995,23492063.76544614,23225.191450789425,21699.007819240916,1318.591835862254,3.7316027697235583,0.9927036934747857,0.22426577310224483
57,8040.0,134.0,2.2333333333333334,26.49769138597189,26.455369285406967,0.0007615176412311904,76.04349311771121,75.51147275216383,76.03496187443727,1.0001122015854762,0.00011220158547621904,358.3806979493313,362.3555937912719,89.71789863211444,87.54017912996622,3.9945284431912595,4.139306058002257,148119.74691052074,350161322060.1024,366012099403.58264,96858070.43911457,23503593.49930063,23241.990312145907,21734.98705366588,1319.9346457074826,3.7358975952434577,0.9940054921066519,0.2246124053084304
57,8100.0,135.0,2.25,26.452000680162875,26.565272800367318,0.0007615176412311904,75.7477569341224,75.63121755980741,75.73932413922768,1.0001113397167267,0.00011133971672666246,358.4990000675994,368.60855083027525,89.75580464576278,88.9507140641224,3.994159502914373,4.143963932257523,146091.32677356616,350170155967.50977,321855959120.2583,96893164.9532907,23514975.73169496,23258.57019306194,21770.51091956243,1321.2610402857072,3.7401387579943233,0.9952914663770933,0.22495494771221436
57,8160.0,136.0,2.2666666666666666,26.406309813520284,26.345564286077813,0.0007615176412311904,75.45579617042084,75.88470776434858,75.44746616359954,1.0001104080394594,0.00011040803945931942,358.61569502705987,350.64962294583216,89.79322111320693,88.20154561861129,3.993794749549464,3.975549640162338,143888.02527982986,350178857433.5569,359636040666.78827,96927783.45104337,23526211.187883988,23274.932145166895,21805.581281568622,1322.5710804163518,3.744326473148142,0.9965616696985489,0.2252934115542078
57,8220.0,137.0,2.283333333333333,26.36061899617034,26.57374877293126,0.0007615176412311904,75.16760521062007,75.35999991015484,75.15937434567918,1.0001095121535077,0.0001095121535076697,358.7307863793369,359.8886799856408,89.83014895345357,90.47360841059046,3.9934341705836087,3.9778305111075216,141787.13067549278,350187426738.63416,321399701225.44684,96961926.96047556,23537300.13359756,23291.07644532877,21840.198814277424,1323.8647739510043,3.7484607584109852,0.9978160994226535,0.22562779395688004
57,8280.0,138.0,2.3,26.31492906647511,26.31711439533633,0.0007615176412311904,74.88318428269937,74.98783060706603,74.87503928137583,1.0001087812627776,0.00010878126277747521,358.84427487371914,358.0724678944069,89.86658824819031,88.19748854543151,3.9930777596972518,4.0598941511805045,140119.70180148492,350195864016.4059,351512388107.8555,96995595.69299161,23548242.584433213,23307.00298310889,21874.363490303935,1325.1420995928402,3.7525415323701736,0.9990547235389506,0.22595808437425413
57,8340.0,139.0,2.316666666666667,26.269239154743985,26.33423721219145,0.0007615176412311904,74.60250323058985,74.7907307928208,74.59444125747481,1.000108077397982,0.00010807739798206049,358.9561774734251,357.9740297024206,89.9025436514585,91.10778797086775,3.992725488002382,3.929126561791676,138525.47415849465,350204170430.2859,369502731583.8603,97028794.63025284,23559039.929071844,23322.713920324473,21908.078931998774,1326.4031968157524,3.756569298115039,1.000277678647203,0.2262843153520624
57,8400.0,140.0,2.3333333333333335,26.223549212334586,26.162797783750495,0.0007615176412311904,74.32554650360873,74.92414788709833,74.31756617364312,1.000107381476231,0.0001073814762309774,359.0665033477579,358.7470383852903,89.93801761940304,89.16677795553228,3.9923773377710474,4.023326250099544,136954.91228436603,350212346648.6958,345492410588.3031,97061526.46185082,23569692.896548793,23338.210333718205,21941.34700731182,1327.648128534869,3.760544281255214,1.0014850214607822,0.22660649906532893
57,8460.0,141.0,2.35,26.177859190604533,26.152801264871975,0.0007615176412311904,74.0522985510733,74.37535567029022,74.04440033332129,1.0001066686706417,0.0001066686706416645,359.1752616660203,359.45584836265596,89.9730126081688,91.25968184197771,3.9920332914740055,3.9388242552179613,135344.87805970223,350220393340.05615,370162209327.7275,97093793.87798786,23580202.216145016,23353.49330458064,21974.169584192954,1328.8769581235783,3.764466709604001,1.0026768094291096,0.22692464790632272
57,8520.0,142.0,2.3666666666666667,26.132169040911446,26.318198629731846,0.0007615176412311904,73.78274382230083,74.37900892640002,73.7749304454018,1.0001059082923138,0.00010590829231373308,359.2824615975153,354.98248737438945,90.00753107390067,87.13381335385985,3.991693331778276,4.07399233099976,133618.76477021512,350228311172.7882,352916489359.188,97125599.56946987,23590568.617384426,23368.563918692264,22006.54853059205,1330.0897494083301,3.768336813151592,1.0038531007293017,0.22723877448223817
57,8580.0,143.0,2.3833333333333333,26.086478714612944,26.139090419505536,0.0007615176412311904,73.51686676660854,73.78792145316434,73.50914362603129,1.0001050636723037,0.00010506367230375612,359.3881123115459,364.8972737937446,90.04157547274353,88.49829355517153,3.991357441544725,4.1232125404345865,131686.87496361966,350236100815.3126,357308674735.33954,97156946.22769833,23600792.830030665,23383.4232662665,22038.48571445899,1331.2865666634352,3.7721548240383598,1.0050139542578354,0.22754889161287606
57,8640.0,144.0,2.4,26.040788163066647,25.855612773897782,0.0007615176412311904,73.25465183331374,73.09118423886,73.2470274005097,1.0001040920440682,0.00010409204406836002,359.49222297741494,358.31225961884155,90.0751482608423,87.3290752410368,3.9910256038256713,4.103012182710794,129447.19985017368,350243762936.0504,367083402719.992,97187836.54466349,23610875.58408463,23398.07244189251,22069.98300374365,1332.4674746059582,3.7759209765285107,1.0061594296222829,0.22785501232834982
57,8700.0,145.0,2.4166666666666665,25.995097337630174,26.040133533488913,0.0007615176412311904,72.99608347173366,72.57989588035386,72.98856970530537,1.0001029444262113,0.00010294442621120443,359.5948027644255,349.70600724929676,90.1082518943418,90.32431052147481,3.9906978018625354,3.871670929236193,126786.79323928876,350251298203.42285,388318100092.0426,97218273.21293658,23620817.60978116,23412.51254447848,22101.042266395914,1333.6325383905378,3.77963550698351,1.0072895871329912,0.22815714986676472
57,8760.0,146.0,2.433333333333333,25.949406189661147,26.04734020787395,0.0007615176412311904,72.74114613118557,72.9219078384357,72.733758890179,1.000101565505747,0.00010156550574710406,359.6958608418804,356.2525860168364,90.140888829387,90.11177944586302,3.990374019083505,3.953451903930765,123583.97326242784,350258707285.85046,347990077902.31085,97248258.92566216,23630619.637586437,23426.744677195267,22131.665370365652,1334.781823604334,3.783298653835814,1.0084044877948735,0.22845531767193794
57,8820.0,147.0,2.45,25.903714747069188,25.884701608408626,0.0007615176412311904,72.48983741456777,72.2704854337293,72.48258413821021,1.0001000692296473,0.00010006922964734352,359.795400427436,363.6793047388624,90.1730599031692,87.57436371765873,3.9900542447355796,4.152805562040631,120133.1218288283,350265990159.70557,331865335611.7697,97277794.61440206,23640281.911052264,23440.769148918524,22161.852603593015,1335.915341955597,3.7869104716290565,1.0095041393331812,0.2287495158189854
57,8880.0,148.0,2.466666666666667,25.8580235926719,25.904160223177033,0.0007615176412311904,72.24220670532937,72.34373089575449,72.23503801050323,1.0000992412411425,9.924124114245107e-05,359.8934000820686,363.15920447343626,90.20475940942448,88.2780565524569,3.9897384842918537,4.113810596381203,118311.93006199913,350273143993.813,356147124391.3326,97306873.91832119,23649802.704110928,23454.582960676737,22191.598034132167,1337.032885891259,3.7904702433313133,1.0105883279456265,0.22903968921366769
57,8940.0,149.0,2.4833333333333334,25.812332556209434,25.79015272323035,0.0007615176412311904,71.998183752995,71.91256345066704,71.99110929830721,1.00009826844949,9.826844948981017e-05,359.989894455259,357.97502057273636,90.23599576224203,93.69945468143554,3.989426740563456,3.820460020709823,116157.0670286437,350280173795.4868,334881782412.1169,97335507.07669502,23659184.54368315,23468.190446523964,22220.910100478635,1338.1347064490437,3.7939788577614024,1.0116572963314532,0.2293258935943503
57,9000.0,150.0,2.5,25.76664150966426,25.85439994270888,0.0007615176412311904,71.75774038764979,71.44786417201553,71.75078747560691,1.0000969036339182,9.690363391817303e-05,360.08490825457113,366.2217211386223,90.26677551858137,90.64616596538889,3.989118988530258,4.040123674711796,113099.7575536137,350287080229.48145,357009010105.2113,97363701.39491284,23668429.399196282,23481.595077673657,22249.792186405986,1339.2210247939765,3.79743724745407,1.0127112945475343,0.2296081895085491
57,9060.0,151.0,2.5166666666666666,25.720950460052503,25.736083767520082,0.0007615176412311904,71.52089039034146,71.06126150634543,71.51406316204404,1.0000954669332933,9.54669332933165e-05,360.17843153262794,374.4675313078465,90.29709533914732,86.89703282744367,3.988815256790176,4.309324715971003,109911.32949655497,350293863832.5056,363782792079.39215,97391453.89013201,23677536.257194042,23494.795095396214,22278.242636533116,1340.2916927694114,3.8008448254172222,1.0137501482083309,0.22988652936480003
57,9120.0,152.0,2.533333333333333,25.675259409495617,25.84286181166165,0.0007615176412311904,71.28763880906033,71.3168818978305,71.28092736410896,1.0000941548489835,9.415484898339303e-05,360.2704606702035,358.0403917576897,90.3269539970497,88.89724508795346,3.9885155507620773,4.027575785992585,107045.33522777658,350300524814.2446,364456301239.036,97418763.46335703,23686504.73976841,23507.789752827273,22306.260844494813,1341.346644236014,3.8042013240137393,1.0147737750413004,0.23016089004778273
57,9180.0,153.0,2.55,25.629568357993605,25.635558041936985,0.0007615176412311904,71.05798564380638,70.36855643507837,71.05137149392631,1.000093089686251,9.308968625088537e-05,360.36099566729774,357.70805917121874,90.35635149228848,87.96397615803909,3.98821986186608,4.066528990555727,104766.45622084633,350307063174.69836,344647192325.1381,97445630.09353554,23695334.83813581,23520.57888704371,22333.84681029108,1342.3858610336465,3.807506661811999,1.0157821466634438,0.2304312628225862
57,9240.0,154.0,2.566666666666667,25.583877305546473,25.635218095559622,0.0007615176412311904,70.83193089457961,70.70894139390752,70.82538738365237,1.0000923893418585,9.23893418584337e-05,360.4500365239107,350.1427265542422,90.38528782486368,93.33717699078238,3.9879281816565295,3.751374723801866,103321.46766312575,350313478913.8672,364190119997.4813,97472053.75997818,23704026.543660656,23533.162337743444,22361.000533921924,1343.4093252802077,3.8107607586343093,1.0167752351208215,0.2306976390834734
57,9300.0,155.0,2.5833333333333335,25.538186252154212,25.55377811600391,0.0007615176412311904,70.60947456138004,70.67274957737318,70.60296728875544,1.0000921671266023,9.216712660233067e-05,360.5375832400424,345.89873417606896,90.41376299477531,91.35510364562928,3.987640501821349,3.786309909053646,102947.92319691216,350319772031.75024,348665389894.7365,97498034.44235963,23712579.847855322,23545.539947244615,22387.72201538734,1344.417019371641,3.8139635355578463,1.0177530128889938,0.2309600103540812
57,9360.0,156.0,2.6,25.492495198151115,25.389381380021433,0.0007615176412311904,70.39052450963946,70.68192549827367,70.38410389301823,1.0000912225384155,9.122253841558358e-05,360.6236954486665,360.375525657113,90.44179184695753,92.63097611158676,3.9873568190566306,3.8904429250857837,100967.05617007152,350325947981.2272,343124095307.5598,97523589.81280077,23720999.219455294,23557.71981647017,22414.02232190272,1345.4094350823798,3.817116960892875,1.0187160151026493,0.2312185044597812
57,9420.0,157.0,2.6166666666666667,25.446804143519856,25.42498924090106,0.0007615176412311904,70.17508551379717,69.99139539352579,70.16879030875259,1.0000897151713302,8.971517133016475e-05,360.7083700595856,364.6132998893805,90.4693736121417,89.82819414634113,3.987077125193843,4.059007345682368,97770.60527191382,350332006479.7283,340474862976.40625,97548718.9357189,23729284.418589696,23569.701370963827,22439.900879961857,1346.3865295051291,3.820220855057954,1.0196641868884129,0.23147310639037322
57,9480.0,158.0,2.6333333333333333,25.401113088097322,25.368558456721,0.0007615176412311904,69.96320252929294,70.15360815428362,69.95702008156263,1.0000883749439742,8.837494397420618e-05,360.79157797594047,357.70048773630424,90.49650104700359,90.64997206468666,3.9868014100185647,3.9459525423907875,94978.89752507825,350337944866.6173,333668200503.1412,97573413.15983361,23737433.25289981,23581.48043604195,22465.352289511917,1347.3480377787382,3.823274146322504,1.0205972282423463,0.23172374177504107
57,9540.0,159.0,2.65,25.35542203188352,25.37195928062746,0.0007615176412311904,69.75487555612679,69.96399884206562,69.74878719562308,1.0000872898404187,8.728984041879646e-05,360.87331919773106,364.00928603372125,90.52317415154326,91.86158248940168,3.986529665802476,3.962584533917843,92764.05264253989,350343763141.8939,349910189710.955,97597672.46661532,23745445.714624994,23593.056866928644,22490.376550552894,1348.293943630697,3.826276761988346,1.0215151137516703,0.2319704027675753
57,9600.0,160.0,2.6666666666666665,25.309730974878445,25.166004795490704,0.0007615176412311904,69.55010459429872,69.8597590218514,69.54408607686307,1.000086542476509,8.654247650903275e-05,360.9535937249574,352.5186228790421,90.54939292576069,87.9956120936381,3.9862618849459848,4.006093195918895,91282.10969370768,350349461305.55835,350124862807.791,97621496.83788377,23753321.79614708,23604.430521371658,22514.973663084795,1349.224231058377,3.8292286305713716,1.02241781842101,0.2322130816479855
57,9660.0,161.0,2.683333333333333,25.2640399170821,25.304825083233556,0.0007615176412311904,69.3488896438087,69.9497575681408,69.34291159708276,1.0000862099180472,8.620991804726046e-05,361.0324015576195,367.715637285951,90.57515736965586,90.54193194758753,3.9859980599776597,4.061274476656987,90679.15477278302,350355039357.6107,341041656233.58673,97644886.25580806,23761061.489990614,23615.601259642106,22539.14362710762,1350.1388843290206,3.8321296818025203,1.0233053176728237,0.2324517708226601
57,9720.0,162.0,2.7,25.218348858992044,25.223135508189408,0.0007615176412311904,69.1511956475395,68.94323221170563,69.14525908035179,1.00008585646025,8.58564602499279e-05,361.10976820524473,352.5081762727942,90.60047346900477,88.77566331359245,3.9857382017852654,3.970774907393135,90031.8729130116,350360499728.07166,337114954012.85474,97667848.26617736,23768666.597107276,23626.572462105396,22562.890653686503,1351.0380920983343,3.834980710350038,1.0241778198708271,0.23268651785978278
57,9780.0,163.0,2.716666666666667,25.172657801125748,25.12528359339506,0.0007615176412311904,68.95698614531449,69.0190740172397,68.95112430523366,1.0000850144234759,8.50144234759164e-05,361.1857201983054,353.37761925620924,90.62534744914673,89.44786148635299,3.9854823221613596,3.9506547544473585,88365.82837117862,350365844944.21606,328021368427.23456,97690390.71826881,23776138.991135187,23637.347655472375,22586.21912242224,1351.9220517201447,3.837782548147338,1.0250355435767755,0.2329173727888687
57,9840.0,164.0,2.7333333333333334,25.126966743072536,25.03774675229059,0.0007615176412311904,68.76629007268231,69.40370784924309,68.76050350544159,1.0000841553936595,8.415539365939882e-05,361.26023648167126,362.0446806695508,90.64977436952398,90.11382272069194,3.9852303990193403,4.01763758032671,86676.87901635762,350371073000.34644,353542788218.5556,97712507.35317379,23783477.17268321,23647.92380748487,22609.125557573254,1352.790580072191,3.8405344172561087,1.0258782740545573,0.23314428311247282
57,9900.0,165.0,2.75,25.081275684911546,25.030331144149102,0.0007615176412311904,68.57910185340167,68.52200776147367,68.5733933806898,1.00008324617509,8.324617508984133e-05,361.3333211129285,355.37690584239544,90.67375518224365,91.71736238753314,3.9849824283409325,3.8746960945172226,84898.42367185511,350376184282.98596,362780800701.56006,97734199.35789663,23790681.422636777,23658.301350876718,22631.61062895832,1353.6436952132817,3.8432363910574026,1.0267060258347414,0.2333672506229898
57,9960.0,166.0,2.7666666666666666,25.035584626721928,25.069044057824716,0.0007615176412311904,68.39541591123127,68.46735909539912,68.38979109947392,1.0000822463655308,8.224636553081185e-05,361.4049781496636,358.9884062451918,90.69729083941286,89.20036017728202,3.9847384062392925,4.024517451854647,82952.15724571043,350381179178.65735,378815994591.0169,97755467.91984051,23797752.02204351,23668.480721252286,22653.6750063962,1354.4814155022714,3.8458885443231523,1.027518813922974,0.23358627725546244
57,10020.0,167.0,2.783333333333333,24.98989356858282,24.79413235928969,0.0007615176412311904,68.21522666992982,68.47774516496561,68.2096943041504,1.0000811082036924,8.110820369238262e-05,361.4752116494629,355.4515572549383,90.72038229313875,89.62062295508304,3.9844983289582268,3.9661803894521803,80749.2628813723,350386058073.88354,350627967423.43335,97776314.22680354,23804689.252111986,23678.462357063327,22675.319359705685,1355.3037595962442,3.8484909532060954,1.0283166537970025,0.23380136508681337
57,10080.0,168.0,2.8,24.944202510444356,24.874716746065072,0.0007615176412311904,68.03853790443074,67.90449225083805,68.03310111570626,1.0000799138747951,7.991387479506922e-05,361.5440192028469,366.5977539783794,90.74302891557245,91.12171724773472,3.984262190974785,4.0231655531875194,78462.05584498141,350390820794.661,351840366168.2696,97796737.54939806,23811492.91707574,23688.245798598247,22696.54323544131,1356.110691779053,3.8510434694972275,1.0290994998072023,0.23401250148096597
57,10140.0,169.0,2.816666666666667,24.89851145196818,24.729076849271287,0.0007615176412311904,67.8653603050046,67.76987376902824,67.86001013865005,1.0000788412253936,7.884122539349411e-05,361.61139457038996,352.3700989638659,90.7652285432706,90.56797516165686,3.984030012087708,3.890669945252861,76439.86290739589,350395467633.3683,358353050398.9621,97816736.0224415,23818162.358185872,23697.829937748276,22717.34534948649,1356.9021143230011,3.8535457229624868,1.0298672392694588,0.23421965508155962
57,10200.0,170.0,2.8333333333333335,24.852820393491555,24.890834475194584,0.0007615176412311904,67.69568621916508,67.64023239180656,67.69042047029116,1.0000777916407866,7.779164078668089e-05,361.67735277641276,369.7361772231508,90.78698347035323,91.96648434803807,3.9838018507853565,4.020336102268743,74484.94337719642,350400000647.4741,350325900250.4521,97836314.08263433,23824698.268720955,23707.21663905242,22737.726621058806,1357.6780833447274,3.8559980925597444,1.0306199523486246,0.234422838336672
57,10260.0,171.0,2.85,24.80712933501776,24.85702328877711,0.0007615176412311904,67.52951748244237,67.31566171799031,67.52433170266511,1.0000767986834747,7.67986834745587e-05,361.7418920172309,361.1211450869257,90.80829339686628,89.49595086822532,3.9835776941240737,4.035055682224594,72659.30759983743,350404419534.3334,344078450524.0654,97855471.18154472,23831100.551943928,23716.40556117933,22757.686829674145,1358.4385773650765,3.8584004750242613,1.0313576080555489,0.2346220429599173
57,10320.0,172.0,2.8666666666666667,24.76143827654407,24.704645245776387,0.0007615176412311904,67.36684933520476,66.81775204468146,67.3617439298294,1.0000757908729423,7.579087294234241e-05,361.80501894747636,362.82466593356384,90.82915919209412,88.06780250659229,3.983357571133041,4.119833305780563,70825.59760525209,350408725560.9575,339610457911.9259,97874209.27755725,23837369.46666448,23725.39742050841,22777.226547060047,1359.1836055306048,3.860752969208164,1.0320802196021077,0.23481726763020605
57,10380.0,173.0,2.8833333333333333,24.715747218070305,24.65678980255635,0.0007615176412311904,67.2076814389519,66.8343075595061,67.20265775410628,1.00007475425844,7.475425844008268e-05,361.86673404042006,362.4506605243685,90.84958091785943,91.4899350221904,3.983141478303544,3.9616451846474483,68959.27702128666,350412918817.45483,359106653178.2254,97892528.49785072,23843505.02615553,23734.192169335685,22796.345813877204,1359.9131570900881,3.863055531790323,1.0327877701879853,0.235008506721476
57,10440.0,174.0,2.9,24.67005615959707,24.67878794483324,0.0007615176412311904,67.05201544100397,66.82707498660115,67.04707429249606,1.0000736967057855,7.3696705785468e-05,361.9270361185527,359.6816127985398,90.86955832801769,89.58759844523775,3.9829294075809343,4.014859411801316,67076.91151082033,350416999141.1428,345229664081.70197,97910428.48048115,23849507.15065515,23742.78954821144,22815.04443224933,1360.6272121625598,3.865308075197376,1.0334802321226775,0.23519575241104507
57,10500.0,175.0,2.9166666666666665,24.624365101123406,24.80731634736615,0.0007615176412311904,66.89985607285614,66.92488371923903,66.89499518329661,1.0000726644728235,7.266447282348302e-05,361.9859311508112,367.5925911982331,90.8890911701193,89.30334542830137,3.9827214299378726,4.116224195580228,65263.28651865154,350420968356.11426,373177554005.0019,97927910.97870308,23855375.76427117,23751.1900926588,22833.321833828646,1361.3257337388686,3.867510606932555,1.0341575812286745,0.23537899058003386
57,10560.0,176.0,2.933333333333333,24.578674042649766,24.632658492015295,0.0007615176412311904,66.75120108608526,66.60029317168932,66.74642259296297,1.0000715917488407,7.159174884065824e-05,362.04341630073566,347.2781830116762,90.90817956412918,90.26459941283193,3.9825175032279696,3.847335337116751,63400.12725260131,350424825595.5541,343203243600.5267,97944975.14144057,23861110.895444617,23759.39340063295,22851.178288696025,1362.0087222671982,3.869663047856939,1.0348198023380526,0.23555821961081946
57,10620.0,177.0,2.95,24.532982984176034,24.68808930201956,0.0007615176412311904,66.60605366558805,67.10548215058394,66.6013592231712,1.000070485684851,7.048568485093994e-05,362.09949183126184,356.17783405625306,90.92682317901875,89.35824156482984,3.982317639299377,3.985953929026729,61503.13708601963,350428571136.96826,381277225460.4785,97961621.03416437,23866712.440736994,23767.39937374709,22868.613414281273,1362.6761516579627,3.8717653282594426,1.0354668671703564,0.23573342983203416
57,10680.0,178.0,2.966666666666667,24.487291925702166,24.45397880559823,0.0007615176412311904,66.46442161479409,66.69856779725876,66.45980831811835,1.0000694148357103,6.941483571033616e-05,362.15416050541967,357.55017109725264,90.94502120636696,91.39293528983524,3.982121898499988,3.912229867257798,59692.942792785914,350432206315.2677,336541659369.7941,97977849.461775,23872180.156034067,23775.208139489303,22885.6262732355,1363.3279688880702,3.8738173711665738,1.036098731468364,0.23590460327496832
57,10740.0,179.0,2.9833333333333334,24.441600867228292,24.366920442037973,0.0007615176412311904,66.32630368120773,67.02090409164202,66.32177367206171,1.0000683034981608,6.830349816069079e-05,362.2074228616253,360.05007906490295,90.96277377650871,88.17325006482795,3.981930275692252,4.083438897853736,57838.76441331197,350435731220.58325,364176969554.27606,97993660.57286173,23877514.075733334,23782.819674478276,22902.21701600864,1363.96416723749,3.8758191431486964,1.036715382418361,0.23607173561742112
57,10800.0,180.0,3.0,24.39590980875442,24.45589803950276,0.0007615176412311904,66.19170814231525,65.97844881998529,66.18725963709241,1.0000672108990043,6.721089900429354e-05,362.2592787387274,367.7759857324873,90.98007986698731,89.68516308206459,3.981742808627446,4.10074501839241,56042.69362392433,350439146531.4348,364316093269.1045,98009054.30664551,23882713.889752433,23790.23376265158,22918.384648308038,1364.5846917542885,3.877770512852713,1.0373167674712622,0.23623480898806104
57,10860.0,181.0,3.0166666666666666,24.350218750280547,24.29924693859861,0.0007615176412311904,66.06063615142344,65.7508990221177,66.05627113116621,1.0000660803309434,6.608033094326012e-05,362.30972805962125,371.92481143025617,90.99693932150055,94.46546289182358,3.9815594981667206,3.9371512089679066,54210.35585559885,350442452343.04504,365714968985.0437,98024030.62963325,23887779.546864927,23797.450290491586,22934.129031598342,1365.1895254126339,3.8796714207157095,1.037902864914928,0.2363938164255419
57,10920.0,182.0,3.033333333333333,24.304527691806676,24.30690816848252,0.0007615176412311904,65.93309576702472,65.84553075833371,65.92881364638397,1.0000649506703354,6.49506703354317e-05,362.358770569823,365.518158293775,91.0133511155335,90.92451793927698,3.981380381322738,4.020017554977664,52407.703549282276,350445649322.7656,323075706270.12775,98038589.45421004,23892710.736473188,23804.46903407236,22949.44919789248,1365.7786137276971,3.881521734743899,1.0384736224803568,0.23654874024746597
57,10980.0,183.0,3.05,24.25883663333281,24.379433009032663,0.0007615176412311904,65.80909102017324,65.9287574311198,65.80489325754205,1.0000637910408086,6.379104080853742e-05,362.4064049931176,363.3186556384221,91.02931471797987,92.03433296075899,3.98120546239305,3.947642623686224,50585.84634171589,350448737460.70056,327587649276.7734,98052730.33519208,23897507.324401766,23811.289675697873,22964.344662979747,1366.3519327191643,3.8833213328996976,1.0390290067185823,0.23669957196443692
57,11040.0,184.0,3.066666666666667,24.213145574858938,24.30215426431349,0.0007615176412311904,65.68862985634932,65.6393057689481,65.68451663094501,1.0000626209282688,6.262092826869914e-05,362.452631622274,372.877553090377,91.04482911189956,89.59671601563265,3.9810347842687253,4.161732367794798,48777.80002286073,350451717609.5148,345248212588.31116,98066453.45460653,23902168.94752136,23817.91212994048,22978.814472448084,1366.9094162512874,3.885070131615805,1.0395689650946167,0.23684629038979477
57,11100.0,185.0,3.0833333333333335,24.167454516385067,24.04367037518161,0.0007615176412311904,65.57171962710666,66.3506839966128,65.56769103350709,1.0000614417487648,6.144174876483695e-05,362.49744920934506,361.3682132668344,91.05989329365258,93.84720884191324,3.980868372427725,3.8506016079344834,46986.779203247854,350454590144.21216,339436596870.483,98079758.39610046,23906695.31936255,23824.33604565743,22992.857743227985,1367.4510174105362,3.88676797661482,1.040093446913291,0.23698888034617882
57,11160.0,186.0,3.1,24.1217634579112,24.135112608150664,0.0007615176412311904,65.45836881994737,65.31696536392575,65.45442434213045,1.0000602629670425,6.026296704249878e-05,362.5408561021954,351.7327647006858,91.07450620766282,90.48263007442559,3.9807062502820565,3.8872959861066323,45227.92480904787,350457355325.6549,322695591041.17395,98092644.61105639,23911086.131336823,23830.561014727486,23006.47345579967,1367.9766873223361,3.888414698520286,1.0406023987730855,0.23712732620496624
57,11220.0,187.0,3.1166666666666667,24.07607239943733,24.164068359684958,0.0007615176412311904,65.34858439465303,65.73705286965507,65.34472505338637,1.0000590612518991,5.906125189919103e-05,362.58285133343435,362.28944873679194,91.08866689531233,91.61729123949192,3.9805484446286683,3.9543785221694696,43467.01368586919,350460013590.6472,349156612467.67334,98105111.81022143,23915341.091598153,23836.586757600046,23019.660774153348,1368.4863769628928,3.8900101702971597,1.0410957723291556,0.23726161218188668
57,11280.0,188.0,3.1333333333333333,24.03038134096346,24.031766428016393,0.0007615176412311904,65.24237525683179,65.62277392347922,65.23860229349464,1.0000578332950816,5.783329508167153e-05,362.62343364682613,363.1376089574217,91.10237406235083,91.66671342516509,3.980394993863115,3.961499167894573,41701.43575110907,350462565563.23047,342185048943.62866,98117159.64050019,23919459.80710341,23842.41294281854,23032.41862854629,1368.980023066406,3.891554242468594,1.0415735083999156,0.23739171856306696
57,11340.0,189.0,3.15,23.984690282489588,24.139508698010964,0.0007615176412311904,65.13975174691532,65.37083547585044,65.13606582861863,1.0000565879785617,5.658797856159329e-05,362.66260089507665,358.0372073250879,91.1156262861893,89.01074346307493,3.9802459323055395,4.0224044131663215,39946.236598804266,350465011672.8379,326239260822.8778,98128787.46676487,23923441.84808594,23848.039119903493,23044.745776884603,1369.4575598616693,3.893046740461706,1.042035543174757,0.23751762515193509
57,11400.0,190.0,3.1666666666666665,23.93899922401572,23.95143771846388,0.0007615176412311904,65.04072414030342,65.02138790051626,65.0371260754792,1.0000553232444505,5.532324445049701e-05,362.70035127537415,354.07773049273374,91.12842208506885,88.37303688333674,3.980101300742281,4.006626262715853,38200.31183448354,350467352523.4286,366168026798.5568,98139994.7508766,23927286.765736446,23853.464864820868,23056.64098488603,1369.918917671118,3.894487485922326,1.042481809735218,0.2376393103510246
57,11460.0,191.0,3.183333333333333,23.89330816554185,23.88563241952055,0.0007615176412311904,64.94530307718281,65.38163538935268,64.9417941123008,1.0000540324598355,5.403245983546808e-05,362.7366829465754,367.8836805553648,91.14075989163001,88.52678652367578,3.979961143377384,4.155619954159041,36456.66586720188,350469588762.15125,347285027371.2039,98150780.92406827,23930994.08457461,23858.689714900436,23068.10297445007,1370.3640232996158,3.895876270642127,1.0429122366502845,0.23775675168161925
57,11520.0,192.0,3.2,23.84761710706798,23.704807018893796,0.0007615176412311904,64.85349786489567,64.97731709684209,64.85008169010001,1.000052678033807,5.267803380703784e-05,362.7715946859129,373.2497878000562,91.15263821714129,91.79367798882133,3.9798255078665794,4.06618185454461,34668.42775579535,350471721175.4011,359792370847.9137,98161145.61118507,23934563.36013834,23863.71330536432,23079.130627577655,1370.792807091444,3.8972129202548373,1.0433267570555316,0.23786992737774293
57,11580.0,193.0,3.216666666666667,23.80192604859411,23.834683737447037,0.0007615176412311904,64.76532896259613,64.62169798040954,64.76200124432114,1.0000513838085767,5.138380857679653e-05,362.80508317482025,366.9261258258285,91.16405382184948,92.83638171886952,3.979694495418171,3.9523958068181444,33000.98209266542,350473751392.22876,328496357167.63916,98171087.8245017,23937993.627866328,23868.534828331918,23089.721486712733,1371.2051265330529,3.8984970663499894,1.0437252386681362,0.2379787949384644
57,11640.0,194.0,3.2333333333333334,23.756234990120237,23.776125283102132,0.0007615176412311904,64.68082985783671,64.54126127666402,64.67756590683842,1.000050464963431,5.046496343090545e-05,362.837143117848,366.8266676086658,91.17500178095773,88.31092430001833,3.9795682591763653,4.153808495565589,31845.28046865951,350475681598.8578,354266867078.9438,98180605.9791795,23941283.3805943,23873.153092075867,23099.871529326476,1371.6007630241338,3.8997281918105102,1.044107485469679,0.23808328986176486
57,11700.0,195.0,3.25,23.710543931646367,23.753524426388463,0.0007615176412311904,64.59998446713666,64.64887022339265,64.59678951832396,1.000049459870011,4.9459870011018627e-05,362.86777498561884,362.87177035615525,91.18548478405783,93.07334176551943,3.9794466832626836,3.898772338811489,30602.26926801558,350477509718.17993,330495375285.98486,98189700.20246524,23944433.431249857,23877.568410592125,23109.582687368526,1371.979832437869,3.9009065169599353,1.044473590046497,0.23818344517245338
57,11760.0,196.0,3.2666666666666666,23.664852873172496,23.67551441475841,0.0007615176412311904,64.522792790496,64.76820505427244,64.51968664100526,1.0000481426623786,4.814266237863744e-05,362.8969787781329,368.56705508258653,91.19550283114975,93.3638607045605,3.979329764210454,3.9476415424687272,29005.617529131006,350479235750.1953,333443075242.101,98198370.4886918,23947443.777347624,23881.78073048638,23118.854960838875,1372.342328200505,3.9020320133423,1.044823542241927,0.23827925763744373
57,11820.0,197.0,3.283333333333333,23.619161814698625,23.61683205276034,0.0007615176412311904,64.4492548279147,64.69755989090685,64.44627257181628,1.0000462750750263,4.6275075026205165e-05,362.92475449539023,370.36237415675697,91.20505592223353,90.7614856204791,3.9792174986970017,4.0806116341620315,26809.090295273978,350480859694.9037,341690522532.47534,98206616.83247972,23950314.41652511,23885.790000815192,23127.68834973753,1372.6882440265526,3.903104653769894,1.045157332347527,0.23837072416423766
57,11880.0,198.0,3.3,23.573470756224754,23.700441728423694,0.0007615176412311904,64.37941003035941,64.3795975867663,64.37656335595281,1.0000442191110894,4.42191110895142e-05,362.95108867482315,349.8444189572722,91.2141388302305,89.87977675556395,3.9791099639755925,3.8923596785148367,24488.67828077305,350482381341.7352,365290769172.7095,98214435.24344474,23953043.76259993,23889.5941552483,23136.07811520964,1373.0173748546476,3.9041238340492868,1.045474764462833,0.23845778794028982
57,11940.0,199.0,3.316666666666667,23.52777969775088,23.587124567873026,0.0007615176412311904,64.31331840865785,64.05927179699233,64.31057580084983,1.0000426462953234,4.264629532333601e-05,362.97596656324134,357.2629450949745,91.22274275104691,91.00435626207069,3.979007379265361,3.9257784986264066,22785.415290697416,350483802987.7157,350160641040.5022,98221821.32617205,23955629.20591274,23893.19053658632,23144.017048747362,1373.3293674290535,3.9050885884889937,1.045775512778805,0.2385403494435674
57,12000.0,200.0,3.3333333333333335,23.48208863927701,23.419178591455736,0.0007615176412311904,64.25097471902532,64.46524245416967,64.24832749059232,1.0000412030715258,4.120307152576216e-05,362.99939293835075,347.11335502477016,91.23086774650204,88.73088375005064,3.9789097912232543,3.9119790128831227,21276.197598973453,350485125941.27454,343959137836.59875,98228776.50034022,23958070.68971823,23896.579659957846,23151.505780234755,1373.6241961576225,3.9059989832712176,1.0460595546818006,0.2386183958426913
57,12060.0,201.0,3.35,23.436397580803135,23.318862522654946,0.0007615176412311904,64.19237622775867,64.21511877692137,64.18983680076988,1.000039561200267,3.956120026713124e-05,363.02137050071525,365.04709255534885,91.23851393715788,90.13584364447824,3.9788172213189767,4.049965893648257,19620.305712360903,350486351157.4252,349854543967.32623,98235301.54627204,23960368.322331533,23899.761731457853,23158.54463804456,1373.901864159613,3.906854989213514,1.0463268928686116,0.23869192746445966
57,12120.0,202.0,3.3666666666666667,23.390706522329264,23.344973612101484,0.0007615176412311904,64.13755587949323,63.85807213167274,64.1351229137929,1.000037934997078,3.7934997078069374e-05,363.0418908599509,364.982008230548,91.24567631751258,91.95342461429975,3.9787297931427914,3.969205168393362,18045.56288140535,350487479904.9629,380839693685.2365,98241393.97030252,23962520.591039896,23902.735242055278,23165.129664863234,1374.1621637606504,3.907656062068881,1.046577336416462,0.23876088490138248
57,12180.0,203.0,3.3833333333333333,23.3450154638554,23.35670781123335,0.0007615176412311904,64.08653172217132,63.73662838576635,64.0842058346795,1.0000362942391425,3.629423914250352e-05,363.06094748322477,358.4873450267153,91.25235246073025,90.36195869374355,3.9786475383137683,3.9672374327531714,16522.684368524788,350488511943.7195,345826887916.27765,98247051.83312994,23964526.75205992,23905.499191608935,23171.25869276977,1374.4049982606493,3.9084019127065517,1.0468107908807323,0.23882524097400193
57,12240.0,204.0,3.4,23.299324405381526,23.30353034578361,0.0007615176412311904,64.03933107404691,64.31307230444416,64.03710640733635,1.000034740275371,3.4740275371119424e-05,363.07853611380625,362.3445780364974,91.25853771229136,91.81323987341656,3.9785706106586476,3.9465395027565084,15141.816574098972,350489449577.0764,352627901263.1321,98252273.852763,23966385.423355862,23908.052546523235,23176.92844029222,1374.6301696046103,3.9090920656277035,1.047027078683577,0.23888493787603826
57,12300.0,205.0,3.4166666666666665,23.25363334690765,23.19337494274812,0.0007615176412311904,63.99593160675385,63.78608559325305,63.99384633134077,1.000032585561466,3.258556146606796e-05,363.09466838718436,370.9899610795289,91.26423429449049,90.58834592416783,3.978499038468391,4.095338724807795,13324.765015885552,350490294836.8761,334213483529.6827,98257063.48310417,23968097.248438716,23910.39675993554,23182.14158951661,1374.8377343517532,3.9097268034556194,1.0472262645932773,0.23893998678750794
57,12360.0,206.0,3.433333333333333,23.20794228843378,23.279899330440422,0.0007615176412311904,63.956408499704274,64.02629403399474,63.95444817924209,1.000030651823571,3.0651823571169664e-05,363.1093204526492,361.7315904997728,91.26943147695621,90.25551074052704,3.978433026005288,4.007861542545634,11792.63094007133,350491048312.235,339566798682.0177,98261413.62317169,23969659.006345063,23912.52804838888,23186.889109882926,1375.027278530889,3.910304950888822,1.0474079600151214,0.23899027381689875
57,12420.0,207.0,3.45,23.16225122995991,23.293018715597366,0.0007615176412311904,63.92076774429467,63.66561851155968,63.91893541440144,1.0000286664645046,2.8666464504666495e-05,363.12249374538425,359.65207060694297,91.27412766226972,89.89523207699999,3.978372656586773,4.000791391237325,10316.360743242205,350491711644.10986,354883131066.5207,98265324.72719532,23971070.216112882,23914.446388203025,23191.1702817039,1375.1987230794866,3.9108263879857574,1.0475721027681146,0.23903577494452533
57,12480.0,208.0,3.466666666666667,23.116560171486032,23.22726995352746,0.0007615176412311904,63.889052544164095,64.03732915127004,63.88733240938468,1.0000269245046638,2.6924504663755143e-05,363.1341739356098,368.1700183173244,91.27831680255268,94.36499181590655,3.9783180349514775,3.901553014867788,9102.171898865372,350492284853.968,331116649691.43695,98268792.56711799,23972329.059627086,23916.149579560646,23194.97991535322,1375.3518359609434,3.911290461244768,1.0477184760177298,0.23907642685134123
57,12540.0,209.0,3.4833333333333334,23.070869113012165,23.030556944386092,0.0007615176412311904,63.86123224782576,63.78551856122148,63.85966446492709,1.000024550440592,2.4550440591952503e-05,363.14438028634896,345.31250110871525,91.28200113163278,91.1458111615927,3.9782692730703646,3.788572362327322,7568.864587841819,350492772197.3092,339563958648.37317,98271822.84044176,23973436.213067412,23917.63990910063,23198.321692691155,1375.4866605634006,3.9116975429090743,1.0478471498911528,0.23911223550522953
57,12600.0,210.0,3.5,23.025178054538294,23.121393411170516,0.0007615176412311904,63.83735692197361,63.673708052106285,63.835957829487356,1.0000219169968436,2.1916996843529934e-05,363.1531010680895,369.86226306241616,91.28517246892348,93.65244423631798,3.9782265974435105,3.9493071011486247,6032.925067543292,350493175916.39026,369846564423.0462,98274412.04441673,23974389.211359203,23918.915216111505,23201.189599700425,1375.602863163469,3.9120468267772566,1.0479578294656822,0.23914310729588273
57,12660.0,211.0,3.5166666666666666,22.979486996064423,22.8688813873365,0.0007615176412311904,63.81747203480066,63.263261283278275,63.81623971941067,1.0000193103729615,1.9310372961641754e-05,363.16032822775327,350.43754399597236,91.28782270918371,94.95779716252615,3.9781902717153828,3.69045570208602,4683.730233094102,350493499111.01526,370934621329.9002,98276557.7683273,23975185.624106437,23919.973781013425,23203.578174736213,1375.700107673295,3.9123375798647544,1.0480502292994363,0.23916894785901865
57,12720.0,212.0,3.533333333333333,22.933795937590553,22.89666685085102,0.0007615176412311904,63.80159048525015,64.02991716915363,63.80053833971957,1.0000164911701055,1.649117010544367e-05,363.1660647731742,360.4913794463798,91.28994825374507,87.01932805862818,3.978160484478922,4.142658734430853,3416.246475690973,350493744838.21533,379329820731.0325,98278260.92195529,23975824.36287737,23920.81561341048,23205.485868375912,1375.7782262609808,3.9125695918657826,1.0481242293658273,0.23918970921264027
57,12780.0,213.0,3.55,22.888104879116682,22.996221656832997,0.0007615176412311904,63.789542038397116,63.681626813626856,63.78888290555711,1.0000103330362593,1.0333036259345931e-05,363.1704068458036,376.9443324663899,91.29156326468856,91.59819192206294,3.97813767075974,4.115194029016599,1341.3102562634815,350493927910.4365,360802211222.2069,98279550.06180388,23976309.682764113,23921.45324654579,23206.933129259163,1375.8376162944496,3.912745540393871,1.0481804240052774,0.23920549370342092
57,12840.0,214.0,3.566666666666667,22.84241382064281,22.804674960326288,0.0007615176412311904,63.78118885289727,64.01410585470163,63.781303664293496,0.9999981999208291,0.0,363.1734270791492,362.50960165984685,91.29268048986128,93.26824709254952,3.9781220699230344,3.8867418758297316,0.0,350494058238.02014,347200386140.27203,98280446.75732803,23976645.415705457,23921.896334763194,23207.936514904788,1375.8786677117396,3.912867591620973,1.048219330406317,0.23921640383146725
57,12900.0,215.0,3.5833333333333335,22.79672276216894,22.988254712035225,0.0007615176412311904,63.776656433889904,63.80832947736258,63.77783191833102,0.9999815690749316,0.0,363.175057738334,357.8057818004985,91.29328871575065,92.39562424241089,3.978113428130628,3.8725403365613134,0.0,350494126157.4363,336877987174.1026,98280930.89142388,23976828.19105169,23922.13592327437,23208.48094962039,1375.9010445499898,3.9129337652533067,1.0482404859581909,0.23922235137366243
57,12960.0,216.0,3.6,22.751031703695066,22.728334312459104,0.0007615176412311904,63.77514498192227,63.223349696760536,63.778500048623854,0.9999473950202806,0.0,363.1755914395054,363.66661244236957,91.29349405795381,93.11947411791711,3.9781103263389044,3.9053765701238694,0.0,350494145331.2948,325933269152.67,98281089.34152842,23976889.89722024,23922.214786557015,23208.662505412296,1375.908633750948,3.9129557680179943,1.0482475964072062,0.23922436907631495
57,13020.0,217.0,3.6166666666666667,22.705340645221195,22.584765197755356,0.0007615176412311904,63.773976844929564,63.64212716378261,63.78334153893085,0.9998531796269161,0.0,363.17600783353527,359.8988357691801,91.29365178134009,90.83916120604482,3.9781080146009273,3.9619348196406605,0.0,350494161500.70776,383914314884.7241,98281212.96559209,23976937.293873966,23922.276138549,23208.802822168178,1375.9144497674333,3.912972798211669,1.0482530702101158,0.23922591514076164
57,13080.0,218.0,3.6333333333333333,22.659649586747324,22.767153806057298,0.0007615176412311904,63.77407979419766,64.03872255120415,63.79239100083534,0.9997129562577857,0.0,363.17596647875337,364.2781577005001,91.29363904193049,91.48497462338067,3.9781081167325283,3.9818359156805423,0.0,350494158470.42236,353827478837.1932,98281200.68630296,23976933.465461597,23922.27025398644,23208.790455889728,1375.91399586451,3.9129712674416126,1.0482526134434096,0.2392257947362708
57,13140.0,219.0,3.65,22.613958528273454,22.70001338569233,0.0007615176412311904,63.77395055441099,64.17781576239614,63.805684199556204,0.999502651753628,0.0,363.1760107534521,373.72511965248907,91.293656939258,91.43486510901023,3.9781078218291803,4.0873371356421595,0.0,350494159641.00745,298623578079.9874,98281213.83057451,23976938.84363617,23922.27685787136,23208.805980188426,1375.9146619349285,3.91297314011333,1.0482532289315838,0.2392259718957246
57,13200.0,220.0,3.6666666666666665,22.568267469799583,22.550026108596235,0.0007615176412311904,63.77416745435602,64.41224061970982,63.82325808056806,0.9992308348447196,0.0,363.1759315859107,357.4479550462719,91.2936281146274,90.79362014331623,3.978108210683779,3.9369281066450066,0.0,350494156000.5609,355061363672.9253,98281190.32581282,23976930.18163027,23922.265276187434,23208.779926140975,1375.9136053365573,3.9129699660628603,1.048252222748017,0.2392256911230608
57,13260.0,221.0,3.683333333333333,22.52257641132571,22.560315674121387,0.0007615176412311904,63.77424911068842,64.3168951625862,63.84515079706483,0.9988894742123521,0.0,363.1759017109698,371.76715661257947,91.2936172806484,92.12607938432394,3.978108355532896,4.035417105526352,0.0,350494154605.6631,372445502753.65753,98281181.45595312,23976926.925940365,23922.260908778728,23208.770117572516,1375.9132084500307,3.9129687706745813,1.048251844339683,0.239225585661357
57,13320.0,222.0,3.7,22.476885352851838,22.61769210087009,0.0007615176412311904,63.77433076702082,64.07153966950771,63.871401738302886,0.99848021229157,0.0,363.17587183602893,352.06852275288526,91.29360644666939,92.9031798575742,3.978108500382049,3.789628334494321,0.0,350494153210.765,329650076464.30347,98281172.58609349,23976923.670250446,23922.2565413704,23208.760309004065,1375.9128115635594,3.912967575286544,1.048251465931429,0.23922548019968204
57,13380.0,223.0,3.716666666666667,22.431194294377967,22.232981652192922,0.0007615176412311904,63.774346617762305,62.8183106743182,63.90205155882753,0.9980015517819852,0.0,363.1758660368465,366.9848496947022,91.29360434362857,90.6363087722037,3.9781085284994853,4.04898273844145,0.0,350494152939.9939,311936118060.372,98281170.86431807,23976923.038271323,23922.255693589745,23208.75840501109,1375.9127345218367,3.9129673432434657,1.048251392476617,0.23922545972796172
57,13440.0,224.0,3.7333333333333334,22.385503235904096,22.403841655440598,0.0007615176412311904,63.774359365797324,63.587247553529224,63.93714220864878,0.997454017536157,0.0,363.1758613728262,365.5797472496612,91.29360265224787,88.71880733900856,3.978108551113071,4.120656692923331,0.0,350494152722.22485,373031952818.5816,98281169.479572,23976922.529999003,23922.255011758098,23208.756873715593,1375.912672560663,3.9129671566217326,1.0482513334002306,0.2392254432634835
57,13500.0,225.0,3.75,22.339812177430222,22.397708170486986,0.0007615176412311904,63.774372113832335,63.57258964102538,63.97671696436452,0.996837211095954,0.0,363.1758567088059,354.1652528731894,91.2936009608672,87.58997135941105,3.978108573726656,4.043445241235785,0.0,350494152504.45605,347532052700.7065,98281168.09482604,23976922.021726757,23922.254329926436,23208.755342420096,1375.91261059949,3.9129669699999923,1.0482512743238424,0.2392254267990057
57,13560.0,226.0,3.7666666666666666,22.29412111895635,22.213811686161282,0.0007615176412311904,63.774384861867354,63.8450097635221,64.02082046129179,0.9961506960134409,0.0,363.1758520447856,371.3153967233914,91.29359926948652,91.95528672376072,3.9781085963402423,4.037999444652328,0.0,350494152286.68713,349216061300.83813,98281166.71008003,23976921.513454497,23922.253648094906,23208.7538111246,1375.9125486383218,3.9129667833782733,1.0482512152474683,0.2392254103345297
57,13620.0,227.0,3.783333333333333,22.24843006048248,22.20556052965874,0.0007615176412311904,63.77439760990237,64.25934703700048,64.06949872661873,0.9953940467370357,0.0,363.1758473807653,368.85607910289235,91.29359757810582,93.2667538430492,3.9781086189538297,3.954850618298663,0.0,350494152068.91833,363403820744.82,98281165.32533395,23976921.005182266,23922.252966263288,23208.752279829103,1375.9124866771572,3.9129665967565543,1.0482511561710908,0.2392253938700546
57,13680.0,228.0,3.8,22.20273900200861,22.309958092687808,0.0007615176412311904,63.774410357937384,63.655460208987776,64.12279921362794,0.994566848921709,0.0,363.17584271674497,371.3121084159498,91.29359588672514,91.03427464285603,3.9781086415674176,4.0788165762035735,0.0,350494151851.14954,350415511610.33563,98281163.94058806,23976920.49691002,23922.252284431685,23208.750748533606,1375.912424715989,3.9129664101348425,1.0482510970947168,0.23922537740557992
57,13740.0,229.0,3.816666666666667,22.15704794353474,22.168327418052996,0.0007615176412311904,63.7744231059724,63.36261673116929,64.18077083701893,0.9936686997406372,0.0,363.17583805272466,350.5999219812109,91.29359419534444,90.1080096452939,3.9781086641810073,3.8908852094428856,0.0,350494151633.3805,354943697221.9108,98281162.55584192,23976919.988637716,23922.251602600096,23208.749217238106,1375.9123627548224,3.9129662235131164,1.048251038018341,0.2392253609411048
57,13800.0,230.0,3.8333333333333335,22.111356885060868,22.135967043904397,0.0007615176412311904,63.774435854007415,63.841479733246494,64.24346400937499,0.9926992081980647,0.0,363.17583338870435,354.0651828553751,91.29359250396375,90.90427255080719,3.9781086867945974,3.8949234499124885,0.0,350494151415.6117,359685953319.18134,98281161.17109597,23976919.48036547,23922.250920768536,23208.74768594261,1375.9123007936587,3.912966036891426,1.0482509789419705,0.23922534447663146
57,13860.0,231.0,3.85,22.065665826586994,21.96140589478249,0.0007615176412311904,63.77444860204243,63.89332058155404,64.31093067880778,0.9916579954433449,0.0,363.17582872468404,364.23475591943253,91.29359081258306,88.6438719034729,3.9781087094081884,4.108967129911239,0.0,350494151197.84265,375363601435.0425,98281159.7863499,23976918.97209321,23922.25023893692,23208.74615464711,1375.9122388324904,3.912965850269707,1.048250919865593,0.23922532801215723
57,13920.0,232.0,3.8666666666666667,22.019974768113123,21.823964702213893,0.0007615176412311904,63.77446135007745,63.98673721604342,64.38322436782897,0.9905446950858878,0.0,363.17582406066373,352.8217933459536,91.29358912120237,89.48275288918109,3.9781087320217794,3.9429027600760316,0.0,350494150980.07385,341992389035.8636,98281158.40160388,23976918.463820964,23922.249557105402,23208.744623351617,1375.912176871333,3.9129656636480235,1.0482508607892296,0.23922531154768567
57,13980.0,233.0,3.8833333333333333,21.974283709639252,21.918526753860004,0.0007615176412311904,63.774474098112464,64.0451253633623,64.46040021348183,0.9893589535110285,0.0,363.1758193966434,367.9227041403439,91.2935874298217,89.3630160724683,3.9781087546353713,4.117169723121024,0.0,350494150762.3048,371149275120.27686,98281157.0168578,23976917.955548674,23922.248875273843,23208.743092056116,1375.9121149101702,3.912965477026333,1.0482508017128644,0.23922529508321277
57,14040.0,234.0,3.9,21.92859265116538,21.846981930839902,0.0007615176412311904,63.77448086022698,63.64595563947843,64.5425150087877,0.9881003374526675,0.0,363.1758169226433,365.69500697736333,91.29358653263951,91.32977177437832,3.978108766630609,4.004116071600165,0.0,350494150646.791,358634338924.9476,98281156.28232813,23976917.68593891,23922.248513600643,23208.74227979011,1375.9120820432681,3.912965378034066,1.0482507703761872,0.23922528634973972
57,14100.0,235.0,3.9166666666666665,21.88290159269151,21.97260688585225,0.0007615176412311904,63.77448285042654,63.636236192142995,64.6296272455498,0.9867685389569976,0.0,363.17581619450516,367.493209000583,91.29358626858429,91.21513398046024,3.9781087701610014,4.028862239892188,0.0,350494150612.7932,352161269240.2356,98281156.06614417,23976917.606588364,23922.24840715436,23208.742040727102,1375.912072370007,3.9129653488990286,1.0482507611532892,0.23922528377933716
