batch_id,time_s,time_min,time_hr,T_celsius,T_meas_celsius,cooling_rate_degC_s,c_kg_m3,c_meas_kg_m3,cs_kg_m3,S_supersat_ratio,sigma_rel_supersat,mean_L1_um,mean_L1_meas_um,mean_L2_um,mean_L2_meas_um,aspect_ratio,aspect_ratio_meas,nucleation_rate_m3_s,mu00,mu00_meas,mu10,mu01,mu20,mu11,mu02,mu30,mu21,mu12
48,0.0,0.0,0.0,29.50469200734129,29.512265928257662,0.0005335540993824579,240.0,239.9683207294613,104.86682610297274,2.2886169908902825,1.2886169908902825,124.91490501342743,128.18310202810162,75.2121953210813,74.98955746780386,1.6608331199503614,1.7093460257201274,1861815235025.3557,183713379260.7719,170310944866.9302,22948539.320055094,13817486.564057063,2881.6477576027137,1726.5154821848569,1041.679978641401,0.36365716821815075,0.21686163342800896,0.13016942155440497
48,60.0,1.0,0.016666666666666666,29.472678761378358,29.460357234372612,0.0005335540993824579,104.46363904422348,104.31443061336807,104.44868102680867,1.0001432092513545,0.00014320925135448556,281.6222428947863,269.7770760705437,110.53035769563718,109.57304286164911,2.547917592651584,2.462075242458804,239831.24096556843,299554989996.4126,307167608761.80023,58623428.5229494,21936980.372404903,8432.797183880757,18007.159440836687,1044.5159629099871,-0.15922390218953097,-0.026377300813448912,-0.047543392021277775
48,120.0,2.0,0.03333333333333333,29.44066551541541,29.42437472202726,0.0005335540993824579,104.04794806770015,104.43034961101915,104.03328743344353,1.0001409225318,0.00014092253180015833,281.7674385041713,274.8983096877053,110.58922733080793,110.62913697342395,2.5478741944847334,2.484863546876834,232877.26275197606,299568989555.06775,264695093600.6049,58658313.248199165,21951023.53467892,8443.182957307974,18057.092290869525,1046.0216020586795,-0.158829903243344,-0.02614959267088679,-0.04749262190023451
48,180.0,3.0,0.05,29.40865226945246,29.469323244577364,0.0005335540993824579,103.6351574999741,104.16816408547722,103.6206314215225,1.0001401851952871,0.00014018519528706853,281.911504819087,272.65126918153595,110.64766066715339,108.98122519306821,2.547830682721109,2.501818718761092,231079.51430327064,299582889713.59656,303107508557.6853,58692928.23791009,21964963.1388925,8453.49296793701,18106.67674344923,1047.5169408473648,-0.15843872775962708,-0.025923385945178623,-0.04744214714878936
48,240.0,4.0,0.06666666666666667,29.376639023489513,29.528729341004517,0.0005335540993824579,103.22509192999293,102.86260561267704,103.21069919214189,1.0001394500566676,0.00013945005666753197,282.0545097409127,282.1380689761834,110.70568396165208,108.77426585692878,2.5477870660969404,2.5937942835420342,229284.3318505441,299596696518.7897,301627224669.7345,58727289.76548278,21978805.442089617,8463.731979772041,18155.933868972494,1049.0026347515486,-0.15805018610566535,-0.025698577752161,-0.04739194558132498
48,300.0,5.0,0.08333333333333333,29.344625777526566,29.429561621350278,0.0005335540993824579,102.81774143329571,102.14942004513385,102.80347704848114,1.0001387539140125,0.00013875391401245858,282.1964540902713,283.4021458065626,110.76329790825721,110.20147964269991,2.54774333573932,2.5716727826651833,227612.62141565437,299610410238.13306,300941295200.5516,58761398.00027469,21992550.59344998,8473.899909438347,18204.86485956675,1050.4786796194148,-0.15766430151557387,-0.025475177996357345,-0.04734202072744731
48,360.0,6.0,0.1,29.312612531563616,29.21712310271009,0.0005335540993824579,102.41309624516815,102.64643817050316,102.3989513954207,1.000138134712853,0.00013813471285298087,282.33734250479546,290.26519341466945,110.82050393597746,114.27808903675549,2.5476995003371004,2.539989912863444,226187.97466921338,299624031596.94714,306244822257.20856,58795254.025857,22006198.921681553,8483.996937723641,18253.47088817066,1051.9450872674715,-0.15728109291794112,-0.025253194846539984,-0.047292376912448475
48,420.0,7.0,0.11666666666666667,29.28059928560067,29.309357879791946,0.0005335540993824579,102.01113075943732,102.16426319095754,101.99710873918623,1.0001374746835907,0.00013747468359074402,282.4771850944449,292.0035266918357,110.87730555201567,112.63070206486346,2.547655570164689,2.59257486048229,224624.22486076265,299637561968.60657,280939216521.2103,58828860.24003804,22019751.251357093,8494.023628143172,18301.75503060079,1053.4019209459784,-0.15690057086830578,-0.025032630647539023,-0.04724301772914963
48,480.0,8.0,0.13333333333333333,29.248586039637722,29.36207921391688,0.0005335540993824579,101.61181872250344,101.84489783327189,101.59793568697143,1.000136646826908,0.00013664682690790535,282.6159968107272,280.19075416028494,110.93370845172007,113.60984231326889,2.5476115488713313,2.466254229872833,222508.6765722229,299651001042.9215,288280525244.5333,58862220.19342372,22033208.935215563,8503.98107711738,18349.7204404427,1054.8493318290148,-0.1565226226084171,-0.02481343779901657,-0.04719392793589261
48,540.0,9.0,0.15,29.216572793674775,29.313358653154292,0.0005335540993824579,101.21515777099003,100.81667537341256,101.2014189465908,1.0001357572308989,0.00013575723089887632,282.75377888871503,273.9085974331139,110.98971309703128,111.10196216133345,2.547567436646325,2.465380377669349,220191.23083157084,299664348833.51306,298916902904.1554,58895334.15367627,22046572.071267724,8513.869262398526,18397.367401585452,1056.2873143799006,-0.15614725485746206,-0.024595620568325316,-0.04714510914925851
48,600.0,10.0,0.16666666666666666,29.184559547711828,29.092294327420568,0.0005335540993824579,100.82116256262105,100.96794897358991,100.80754532612141,1.0001350815204912,0.00013508152049123125,282.8905236684545,281.8264313290309,111.04531662298102,107.63939997990525,2.547523229898286,2.6182460268418803,218565.5625183745,299677605255.90454,306972012313.72144,58928200.25803077,22059839.96045816,8523.687461147565,18444.694153341483,1057.7157674936916,-0.15577453639888716,-0.024379210881056324,-0.04709657147435342
48,660.0,11.0,0.18333333333333332,29.15254630174888,29.298817912957258,0.0005335540993824579,100.4298330973965,100.43777579589315,100.41630173355472,1.0001347526607551,0.00013475266075505004,283.02623114994543,274.44370508997116,111.10051902956928,110.22288709521442,2.54747892829032,2.4898976276396843,218056.9583274429,299690770310.0957,323956609104.5759,58960818.47861537,22073012.590246126,8533.435554764,18491.7006957108,1059.1346724976393,-0.1554044825031511,-0.024164216810659056,-0.047048317697437
48,720.0,12.0,0.2,29.120533055785934,28.988749639414085,0.0005335540993824579,100.04108691099876,100.1726224602597,100.02767517645422,1.0001340802385028,0.00013408023850273673,283.1609412693912,285.6386925306286,111.15533511157712,113.57022259684166,2.5474345517033057,2.5150843768670406,216431.32602784384,299703845655.95447,278606107550.7875,58993198.36292389,22086093.491562426,8543.116476519775,18538.396934317134,1060.5444199177891,-0.15503689021505096,-0.023950545316013816,-0.04700032187806391
48,780.0,13.0,0.21666666666666667,29.088519809822987,28.949483820079404,0.0005335540993824579,99.65492569916782,99.47608998140267,99.64165276161393,1.0001332067181348,0.0001332067181347096,283.2946532055708,289.0031052229121,111.20976456477477,110.74357509222078,2.547390099369954,2.60966024423762,214154.96109757817,299716831259.3489,301617436507.1047,59025339.68739417,22099082.579536706,8552.73005164259,18584.782665468,1061.9449836602853,-0.15467177813499688,-0.023738206002441586,-0.04695258720041595
48,840.0,14.0,0.23333333333333334,29.056506563860037,29.119929533085298,0.0005335540993824579,99.27137878455518,99.40554990556569,99.25822169472745,1.0001325541562511,0.00013255415625109667,283.42735275797435,287.7577872768995,111.26380212843587,111.32189441816406,2.5473455637513074,2.5849163705028264,212587.5692531034,299729726530.0635,303793284242.6808,59057239.020617545,22111978.582202688,8562.275082915527,18630.854366922973,1063.33620053704,-0.1543092380321447,-0.023527242378138524,-0.04690512648435252
48,900.0,15.0,0.25,29.02449331789709,29.149669519639474,0.0005335540993824579,98.8904461671608,99.16248791706974,98.87736928005737,1.0001322535904693,0.00013225359046921132,283.55903992660177,284.7798747362966,111.31744780256038,108.52581481464307,2.5473009444982955,2.624074974444441,212144.33341525195,299742531468.09766,317891984860.239,59088896.33602071,22124781.48759356,8571.75145829175,18676.612038682055,1064.718052859227,-0.15394928410894693,-0.023317662010754248,-0.04685794234085838
48,960.0,16.0,0.26666666666666666,28.992480071934143,28.95582233068494,0.0005335540993824579,98.51206576830602,98.21874444726912,98.4990829201095,1.0001318067926281,0.00013180679262816042,283.6897458592037,285.00570885794014,111.37071295493405,108.1651493515481,2.54725626093458,2.6349125440731527,211226.15110309963,299755247398.12854,304136070172.7695,59120319.07493469,22137494.007993653,8581.161447469669,18722.063137643592,1066.090837685926,-0.15359176150804288,-0.023109394334023037,-0.04681101535832344
48,1020.0,17.0,0.2833333333333333,28.960466825971196,28.994317729066147,0.0005335540993824579,98.13622297606693,97.65485223459048,98.12335011531883,1.000131190595643,0.00013119059564288145,283.81947788725984,281.61796234032835,111.42360026127771,112.01191184150461,2.5472115173242496,2.514178695019634,209760.40064198992,299767874631.9552,312944432145.36285,59151508.96957302,22150116.773108542,8590.505504427376,18767.209418993632,1067.4546122229985,-0.15323664369778456,-0.02290242807899112,-0.04676434280780306
48,1080.0,18.0,0.3,28.92845358000825,28.881390517155705,0.0005335540993824579,97.76292189800405,97.00763396621491,97.75015846373105,1.0001305720059548,0.00013057200595468447,283.9482339498166,274.06935972239324,111.47610896941902,109.9952314389395,2.547166711996662,2.491647648148588,208283.4110659271,299780413081.92834,306384921892.80536,59182465.50055796,22162649.591299906,8599.783366429503,18812.050389331514,1068.8093389884816,-0.1528839549004246,-0.02269677543007198,-0.046717928564461886
48,1140.0,19.0,0.31666666666666665,28.8964403340453,28.73099385579581,0.0005335540993824579,97.39214977411714,97.04421962124796,97.37949566069321,1.0001299463848943,0.00012994638489427306,284.07602044915757,277.59452450619784,111.52824141595651,108.14073073235669,2.5471218486236653,2.5669747432466634,206780.65292575757,299792863020.329,334768296585.5202,59213190.17788008,22175093.011250705,8608.99541911752,18856.587581390002,1070.1550662052105,-0.15253367320297784,-0.02249242724653122,-0.04667177048662907
48,1200.0,20.0,0.3333333333333333,28.864427088082355,28.90439067047178,0.0005335540993824579,97.02389572298893,96.99991393981935,97.01134949854968,1.0001293273880232,0.0001293273880231466,284.20284225858177,279.29890343532554,111.57999939604034,111.77470166846939,2.5470769295296067,2.498766708979848,205295.82039198093,299805224805.4281,302975705506.61774,59243684.14671895,22187447.451832265,8618.14192024352,18900.822302246244,1071.4918252453426,-0.1521857923650103,-0.022289380942019932,-0.04662586860095619
48,1260.0,21.0,0.35,28.832413842119408,28.87644948939175,0.0005335540993824579,96.65814780862264,96.08262388883968,96.64570786634853,1.0001287169657995,0.00012871696579962665,284.3287051097139,298.69151321278633,111.63138500877334,110.36167805019589,2.5470319577900775,2.706478539379695,203835.11331466777,299817498747.225,304785187792.8754,59273948.75758067,22199713.40502377,8627.223201882167,18944.755985653606,1072.8196573201785,-0.15184029696319,-0.02208763006410308,-0.046580221652690046
48,1320.0,22.0,0.36666666666666664,28.80040059615646,28.860005576408525,0.0005335540993824579,96.29489352979017,96.13858564941197,96.28255874954029,1.0001281102248432,0.00012811022484324953,284.453615194222,285.27713340272277,111.6824005161703,109.32716615826365,2.5469869368812184,2.6093892618578556,202383.04634159637,299829685129.84607,315957184401.6568,59303985.47118315,22211891.402059376,8636.239636786951,18988.39013326111,1074.1386090410433,-0.15149716650844525,-0.021887166020114535,-0.04653482767646944
48,1380.0,23.0,0.38333333333333336,28.768387350193514,28.990035998532964,0.0005335540993824579,95.93412086798297,95.90169655561637,95.92189022969302,1.000127506226792,0.0001275062267920517,284.5775792678206,289.98963547287076,111.73304837694765,109.10380713182468,2.546941870839833,2.6579240733780334,200936.7460138774,299841784072.15967,300535213109.17334,59333795.883699715,22223982.02236104,8645.191659469929,19031.726188733446,1075.4487355476958,-0.1511563670857008,-0.021687974879803562,-0.04648968274736642
48,1440.0,24.0,0.4,28.736374104230567,28.60750598646452,0.0005335540993824579,95.57581771539945,95.21758033132774,95.56369048420652,1.0001269020810257,0.00012690208102562553,284.7006033021086,277.7863462644257,111.78333077487049,113.6652008817347,2.546896762948406,2.443899664185296,199487.22720511653,299853795856.6947,314512270033.2875,59363381.403993964,22235985.778758615,8654.079628705877,19074.765606461195,1076.750081704302,-0.15081787917288025,-0.021490048456255906,-0.04644478500969562
48,1500.0,25.0,0.4166666666666667,28.70436085826762,28.814768619408152,0.0005335540993824579,95.21997199470971,95.22232388253265,95.2079477860348,1.0001262941692846,0.00012629416928446334,284.8226933393864,290.78397595713693,111.83324991776159,112.63872201160915,2.546851616570523,2.5815631673019794,198023.31176896588,299865720749.6714,288613536569.3341,59392743.458176464,22247903.19008006,8662.90391201718,19117.50983717468,1078.0426935718842,-0.15048168158107345,-0.02129337787780905,-0.046400132362090396
48,1560.0,26.0,0.43333333333333335,28.672347612304673,28.609190475462874,0.0005335540993824579,94.8665731989667,94.72585506258775,94.85465050341146,1.0001256943701966,0.0001256943701965699,284.9438550276668,274.6385454338304,111.88280782231551,116.79852921548034,2.546806435893125,2.3513870189850827,196582.40757476678,299877558987.8679,295030444759.9534,59421883.37824753,22259734.729880273,8671.664849406065,19159.960142969634,1079.3266123217654,-0.15014775436715766,-0.02109795502271261,-0.04635572291964607
48,1620.0,27.0,0.45,28.640334366341726,28.649225792789046,0.0005335540993824579,94.5156090668341,94.44335887219785,94.50378709958534,1.0001250951693217,0.0001250951693216951,285.06409453676514,279.21470257468906,111.93200674756652,109.86506586028176,2.546761224246189,2.54143298771398,195141.0369914687,299889310824.62366,326514086005.5741,59450802.62148148,22271480.92957978,8680.36282297573,19202.11799667926,1080.6018861861503,-0.1498160741583483,-0.02090377007059807,-0.04631155424939237
48,1680.0,28.0,0.4666666666666667,28.60832112037878,28.527316858585152,0.0005335540993824579,94.16706800977936,94.07753200498072,94.15534613255078,1.000124495078719,0.0001244950787189403,285.1834177338963,291.8918399097424,111.98084883897452,112.26641194770204,2.546715984837572,2.599992596589946,193694.71413104606,299900976502.35034,287518584432.0167,59479502.57309899,22283142.293578595,8688.998193104955,19243.984790319464,1081.8685604571401,-0.14948661904524485,-0.020710813876689826,-0.046267624107727556
48,1740.0,29.0,0.48333333333333334,28.576307874415832,28.585790396151342,0.0005335540993824579,93.8209394352879,93.20176056657051,93.80931625479462,1.0001239021981752,0.00012390219817511736,285.3018294228013,282.66256925178936,112.02933594992535,111.1942226341481,2.546670718019117,2.542061651726344,192268.7545576162,299912556219.8002,298532068865.45856,59507984.36464906,22294719.25603658,8697.571240511126,19285.561796264385,1083.126672578108,-0.1491593724447604,-0.020519079530544104,-0.04622393078477138
48,1800.0,30.0,0.5,28.544294628452885,28.36470568590925,0.0005335540993824579,93.4772115107862,93.16816608454067,93.46568621304299,1.0001233104705074,0.0001233104705073129,285.41933573126363,279.3366627477054,112.07747029744193,110.68166141927746,2.546625427695597,2.5237845110540897,190844.3870516007,299924050230.0819,290824321143.83716,59536249.44418353,22306212.338864222,8706.082348435826,19326.850435844168,1084.3762702725817,-0.14883431060532004,-0.020328557080402376,-0.04618047181562579
48,1860.0,31.0,0.5166666666666667,28.512281382489938,28.56450951051283,0.0005335540993824579,93.13587319983505,93.00131777087189,93.12444484801344,1.00012272128806,0.00012272128805985302,285.5359419770058,282.8257330513382,112.125253844981,111.47920578725166,2.54658011630256,2.5370268029275924,189426.03297210849,299935458802.83704,303849380144.5988,59564299.06663981,22317622.003075004,8714.531835279093,19367.852034757223,1085.617393727507,-0.14851141648525612,-0.02013923935437134,-0.046137245591830744
48,1920.0,32.0,0.5333333333333333,28.48026813652699,28.424475280876,0.0005335540993824579,92.79691419447153,93.21419107918648,92.78558109417106,1.0001221429037446,0.00012214290374448831,285.6516527729743,298.29855238126424,112.1726883056594,116.24298054425363,2.5465347856744054,2.5661640039219584,188039.18769267038,299946782269.69824,301566066635.4575,59592134.31900856,22328948.64961323,8722.919958780301,19408.567831197284,1086.8500750439944,-0.14819068147598102,-0.019951122656182818,-0.046094251689691834
48,1980.0,33.0,0.55,28.448254890564044,28.448785848112582,0.0005335540993824579,92.46032252631849,92.77629381583081,92.4490839794966,1.0001215647179844,0.00012156471798442658,285.7664743385095,284.7329685181519,112.21977596319306,114.7220831389288,2.546489439011516,2.481936874989791,186651.18415675018,299958020820.9988,331234208595.5864,59619756.67205319,22340192.816769883,8731.247119504726,19448.999262807258,1088.074365445711,-0.14787207705967376,-0.019764195029727816,-0.046051486868307734
48,2040.0,34.0,0.5666666666666667,28.416241644601097,28.31459839323717,0.0005335540993824579,92.1260869234689,92.40637333244091,92.11494262525,1.0001209825235873,0.00012098252358737436,285.880412219141,285.8065055789175,112.26651886195688,113.46309510699601,2.5464440789391545,2.5189380327533035,185249.27669756295,299969174706.34155,307380391530.2595,59647167.43597981,22351354.985410333,8739.513660145923,19489.14768356997,1089.2903084445497,-0.14755558274703873,-0.01957844782685214,-0.0460089490139195
48,2100.0,35.0,0.5833333333333334,28.384228398638147,28.30452663521592,0.0005335540993824579,91.79419611401572,91.89657271712767,91.78314624574975,1.000120391038202,0.00012039103820199102,285.99347196039827,276.0092192846219,112.3129190463258,109.49164385764172,2.5463987080812522,2.5208245082472422,183817.57899475438,299980244175.3281,278735505129.26556,59674367.921284884,22362435.63652888,8747.719924800112,19529.01444746825,1090.4979477655597,-0.14724117782959922,-0.01939387229244005,-0.04596663597557571
48,2160.0,36.0,0.6,28.352215152675203,28.239245966632947,0.0005335540993824579,91.46464078478539,92.00613988233758,91.45368414815,1.0001198053062317,0.00011980530623168161,286.1056579526642,288.9938403199538,112.35897809821186,114.13237482622644,2.5463533292602762,2.5320934639269943,182402.2847335568,299991229560.2117,300544216656.4804,59701359.16238049,22373435.140318796,8755.866158325807,19568.600673201625,1091.697312487082,-0.14692885480078388,-0.019210465287155642,-0.04592454753518016
48,2220.0,37.0,0.6166666666666667,28.320201906712253,28.211850812905734,0.0005335540993824579,91.13741139526641,91.0693741315107,91.12654573222412,1.0001192370780105,0.0001192370780104455,286.2169747203926,287.70251919082835,112.40469765320219,113.0131938061904,2.5463079452733073,2.5457427535781156,181039.06378332165,300002131183.6531,281586908818.8722,59728142.22603598,22384353.879971996,8763.95261846391,19607.907506777476,1092.8884335927123,-0.146618604436501,-0.019028222926491978,-0.04588268321866762
48,2280.0,38.0,0.6333333333333333,28.288188660749306,28.422062036396014,0.0005335540993824579,90.81249571738299,90.35315915672685,90.8017204901586,1.0001186676548222,0.00011866765482217472,286.3274283730052,287.02187981676997,112.45007998142611,111.63207872517388,2.5462625586420145,2.5711415848789025,179670.98753807586,300012949254.9075,296074633319.5943,59754718.55851126,22395192.39101015,8771.979702349592,19646.936417033743,1094.071362653749,-0.14631039890053543,-0.018847133376628022,-0.04584103981521581
48,2340.0,39.0,0.65,28.25617541478636,28.257821360948313,0.0005335540993824579,90.48988291371177,90.72152088798407,90.47919800635077,1.0001180924189916,0.00011809241899167251,286.43702419979843,293.02982692796706,112.49512702467557,109.12981891881681,2.546217172028874,2.6851490255468673,178284.27797620773,300023684041.9109,314314393075.9885,59781089.41012946,22405951.130322576,8779.947737016162,19685.68870576302,1095.2461408968338,-0.14600421967648813,-0.018667188764334597,-0.0457996154770961
48,2400.0,40.0,0.6666666666666666,28.224162168823412,28.227313116833873,0.0005335540993824579,90.16956214682946,90.21594376822198,90.15896795720462,1.0001175056665452,0.00011750566654521046,286.5457674900687,287.0977064833635,112.53984072474259,113.5421471687948,2.5461717880952164,2.5285562554718677,176862.0515174817,300034335812.59973,284676090949.36176,59807256.03149083,22416630.554921687,8787.857050791732,19724.165674757893,1096.4128097454777,-0.14570004805343117,-0.01848838112026563,-0.04575840832331268
48,2460.0,41.0,0.6833333333333333,28.192148922860465,28.106671692096583,0.0005335540993824579,89.85152562325783,89.61584250626895,89.84102011094605,1.0001169344726808,0.0001169344726808238,286.653661919006,287.87671114862326,112.58422233758868,110.86431826008416,2.546126410674691,2.5966579298604775,175486.01289909505,300044904982.187,299175511913.44525,59833219.28750691,22427230.957514703,8795.70782958885,19762.3682601719,1097.5713884009238,-0.14539788568931655,-0.01831071118006733,-0.04571741954138275
48,2520.0,42.0,0.7,28.160135676897518,28.0995288794769,0.0005335540993824579,89.53576278643418,89.73622791134699,89.52534432743226,1.0001163744086123,0.0001163744086122349,286.7607126269753,286.05381121511647,112.62827374172512,109.08999995950991,2.5460810425325713,2.62218178862672,174142.62654491529,300055391832.198,317338009064.6975,59858980.39371008,22437752.78018318,8803.5003908394,19800.297730060625,1098.7219165736824,-0.14509771545095518,-0.01813417162478892,-0.045676647481731614
48,2580.0,43.0,0.7166666666666667,28.12812243093457,28.065956001285983,0.0005335540993824579,89.22226237868117,89.6346942540549,89.21193055796869,1.0001158120965197,0.00011581209651960834,286.86692512612024,283.79598145715516,112.6719969736313,111.73149002703026,2.546035686163048,2.5399820712003285,172791.80980971004,300065796610.235,304051097941.4004,59884540.654801905,22448196.50300099,8811.235086335888,19837.955436697626,1099.8644393300729,-0.14479951527928492,-0.017958753014434947,-0.04563608974781097
48,2640.0,44.0,0.7333333333333333,28.096109184971624,28.061920530464377,0.0005335540993824579,88.91101400893865,89.0715799643031,88.90076884513907,1.0001152426906164,0.00011524269061640943,286.972304469045,279.8042939823959,112.71539387452921,115.07742458867028,2.5459903443933523,2.431443829947716,171419.33213808664,300076119605.83044,283164544566.09796,59909901.2658664,22458562.55934766,8818.912228185727,19875.342628258288,1100.9989955406727,-0.14450326878925068,-0.017784448324862367,-0.04559574479513673
48,2700.0,45.0,0.75,28.064095939008677,28.11966871760146,0.0005335540993824579,88.60200728614653,89.14955270272849,88.59184932263383,1.0001146602491129,0.00011466024911279856,287.07685570835406,286.7491312305505,112.75846628564089,110.77840345773517,2.5459450200495635,2.588493084213411,170007.89353069256,300086361108.5172,304410459010.7869,59935063.42225239,22468851.382720247,8826.532129692481,19912.460552918,1102.1256242577547,-0.14420895942391,-0.017611250445815685,-0.04555561104961736
48,2760.0,46.0,0.7666666666666667,28.03208269304573,27.86265630542567,0.0005335540993824579,88.29523515110515,88.95247435220894,88.28516221508691,1.000114095458008,0.00011409545800790784,287.18058192859326,299.2355930853452,112.80121536782572,113.3869753254168,2.5458997138651904,2.6390649563280895,168648.6962921481,300096521359.6376,290667024660.0184,59960027.84818059,22479063.243429303,8834.094950169543,19949.31005862868,1103.2443451326944,-0.14391658321144973,-0.017439157834669317,-0.04551568855764865
48,2820.0,47.0,0.7833333333333333,28.00006944708278,27.87101118067697,0.0005335540993824579,87.99068666044343,87.8994811244432,87.98069783791803,1.0001135342497942,0.00011353424979422669,287.28348850860516,280.21006618266705,112.84364307508707,108.82769955575247,2.5458544290124028,2.5748046437305727,167299.91922087607,300106600656.7124,307471570313.6253,59984795.8176367,22489198.602262318,8841.601030824895,19985.892459909366,1104.3552007966537,-0.14362612117939833,-0.017268162291378175,-0.04547597541932058
48,2880.0,48.0,0.8,27.968056201119833,28.0723960206637,0.0005335540993824579,87.68835206563769,87.35364173203274,87.67844659718061,1.00011297495384,0.00011297495383997741,287.38558012146166,291.6519643125366,112.88575111744163,112.36593016492847,2.5458091679124113,2.5955551107391335,165956.67683417563,300116599279.9807,305849646038.0041,60009368.43581739,22499257.86155857,8849.050658377542,20022.2089277539,1105.458227035193,-0.14333755876398513,-0.01709825755986394,-0.04543647029773501
48,2940.0,49.0,0.8166666666666667,27.936042955156886,27.888870933262012,0.0005335540993824579,87.38822186848589,87.40448733799613,87.37839898941921,1.0001124177048364,0.00011241770483646302,287.4868612923749,279.6196700281243,112.92754115379068,112.06855062069904,2.545763932828929,2.4950770620252722,164619.43015150094,300126517506.0619,309351206825.7443,60033746.77275023,22509241.41149795,8856.444108977637,20058.26060308745,1106.5534583290737,-0.14305088220824302,-0.016929437731954877,-0.04539717195358728
48,3000.0,50.0,0.8333333333333334,27.90402970919394,28.003830009610777,0.0005335540993824579,87.09028651879588,87.41151159899569,87.08054560152661,1.0001118610041082,0.00011186100410811529,287.58733694642024,281.0351370518238,112.96901490769768,113.44232868101713,2.545718728107844,2.477339281724837,163283.8649743631,300136355652.1864,291842013338.3235,60057931.993921846,22519149.65797925,8863.781688202434,20094.04863308024,1107.640930690004,-0.14276607692412213,-0.016761696600777753,-0.045358079202612256
48,3060.0,51.0,0.85,27.87201646323099,27.835927944431905,0.0005335540993824579,86.79453594184882,86.5875319772023,86.78487711061359,1.000111296248342,0.00011129624834194639,287.68701389187447,290.08154410722136,113.01017444018358,111.07841412029364,2.5456735671543234,2.6115023913923925,161925.04817562058,300146114213.06323,291059310370.1421,60081925.71376485,22528983.088400498,8871.06383776215,20129.574227908717,1108.7206879072583,-0.14248312409478103,-0.016595026414005787,-0.04531919102881865
48,3120.0,52.0,0.8666666666666667,27.840003217268045,27.66202462845055,0.0005335540993824579,86.50096165220691,86.38222868807463,86.49138428388027,1.000110732050434,0.00011073205043419299,287.7858941847662,289.63129058725474,113.05102092942579,116.24680434660507,2.545628441201092,2.491520452671379,160568.3060277664,300155793248.6389,287946778407.6569,60105728.4144668,22538741.977426544,8878.290658422658,20164.838406844683,1109.7927536142179,-0.14220201585594694,-0.016429423444771274,-0.045280506078606564
48,3180.0,53.0,0.8833333333333333,27.807989971305098,27.80903476583681,0.0005335540993824579,86.20955451060459,86.31568101217458,86.200057978494,1.0001101685118698,0.00011016851186988943,287.8839821702142,287.4351206460809,113.09155596570484,114.11759836992448,2.5455833524610396,2.518762441129623,159214.03185223564,300165393033.7877,310084046964.36346,60129341.12383288,22548426.699201465,8885.46241605944,20199.842267697815,1110.857160913416,-0.14192273921026555,-0.016264882090219146,-0.045242023199835835
48,3240.0,54.0,0.9,27.77597672534215,27.668491566887802,0.0005335540993824579,85.92030547027753,85.40961513979454,85.91088914147896,1.0001096057658425,0.00010960576584253741,287.98128213962775,291.74967388715663,113.13178112054841,111.74400417976295,2.5455383030942222,2.610875420374394,157862.7049598712,300174913842.1465,302403427472.59906,60152764.857033044,22558037.623470858,8892.579373301545,20234.586897166533,1111.9139425190551,-0.14164528137930787,-0.016101396835292547,-0.045203741262888286
48,3300.0,55.0,0.9166666666666666,27.743963479379204,27.901269065793695,0.0005335540993824579,85.63320557696265,85.70483328419967,85.62386880960175,1.0001090439790996,0.00010904397909966424,288.0777983307067,283.834846748862,113.17169794673164,112.06936750245161,2.5454932952079674,2.532671086438075,156514.89432578304,300184355946.114,307409391469.5739,60176000.61659849,22567575.115580723,8899.641789513364,20269.07337083799,1112.963130754497,-0.1413696298070306,-0.01593896225423741,-0.045165659161193084
48,3360.0,56.0,0.9333333333333333,27.711950233416253,27.71045954222322,0.0005335540993824579,85.3482459688981,84.82324383406112,85.3389881092785,1.000108483353561,0.00010848335356097745,288.17353492744104,284.7262867955016,113.21130797827698,111.57061398930244,2.545448330856983,2.5519827902246877,155171.26148000054,300193719616.8519,308226994972.08594,60199049.39241871,22577039.536475927,8906.64992077717,20303.302753188087,1114.0047575496428,-0.1410957721628563,-0.01577757301209104,-0.04512777581173966
48,3420.0,57.0,0.95,27.679936987453306,27.571962496333235,0.0005335540993824579,85.06541787682325,85.4081747870693,85.05623825646855,1.0001079241281166,0.00010792412811652217,288.2684960601111,291.68946704512337,113.25061273045418,112.8070819612974,2.5454034120434645,2.585737189312264,153832.56379511696,300203005124.2843,326748908165.2059,60221912.16173783,22586431.242698878,8913.60401987539,20337.276097581464,1115.0388544384368,-0.14082369634505199,-0.015617223866161822,-0.04509009015559684
48,3480.0,58.0,0.9666666666666667,27.64792374149036,27.501725963162627,0.0005335540993824579,84.78471262397872,84.90946747215558,84.77561055659382,1.0001073665801419,0.00010736658014188312,288.36268580528804,295.1921460643935,113.28961369978032,109.85311008108516,2.5453585407171992,2.68715328902846,152499.6568490489,300212212737.09753,300220912483.55896,60244589.88915256,22595750.58638814,8920.50433627417,20370.994446271496,1116.0654525563823,-0.14055339048364246,-0.015457909667404124,-0.04505260115840182
48,3540.0,59.0,0.9833333333333333,27.615910495527412,27.548081542327797,0.0005335540993824579,84.50612162610638,84.94664260710071,84.49709640445583,1.00010681102706,0.00010681102705998154,288.45610818583293,294.7415806023794,113.32831236401988,115.61238588215808,2.545313718775659,2.549394499156906,151173.49682338335,300221342722.7395,308253676356.9697,60267083.52660781,22604997.915277407,8927.351116105521,20404.4588304003,1117.0845826380992,-0.14028484294375687,-0.015299625361931746,-0.04501530781086238
48,3600.0,60.0,1.0,27.583897249564465,27.54985551056224,0.0005335540993824579,84.22963639144932,84.60552642549202,84.22068728415309,1.0001062578279138,0.00010625782791392194,288.5487671708976,281.7651394879457,113.36671018218459,111.23498300348781,2.545268948064108,2.533062278430077,149855.14284386337,300230395347.42236,296255077808.7555,60289394.01339531,22614173.57269381,8934.144602151646,20437.670269998747,1118.0962750148756,-0.1400180423283821,-0.015142365992314666,-0.044978209129238333
48,3660.0,61.0,1.0166666666666666,27.55188400360152,27.601526230759667,0.0005335540993824579,83.95524852075187,84.0025522189635,83.94637476901978,1.0001057073847024,0.00010570738470241966,288.6406666759239,291.10354511583597,113.40480859453352,114.97890022814028,2.545224230375689,2.5317997001035013,148545.75857633512,300239370876.119,292216500407.32904,60311522.276149035,22623277.897556856,8940.88503382761,20470.62977398643,1119.1005596123086,-0.1397529774817201,-0.014986126699053415,-0.04494130415582864
48,3720.0,62.0,1.0333333333333334,27.51987075763857,27.510473617232687,0.0005335540993824579,83.68294970725958,83.59809375561994,83.67415052156181,1.0001051601437592,0.00010516014375910048,288.73181056264445,293.6656891876483,113.44260902257314,109.746897404299,2.5451795674515187,2.6758450228055817,147246.61389768994,300248269572.5654,287393002975.6949,60333469.22884345,22632311.2243772,8947.5726471659,20503.33834017169,1120.0974659479325,-0.13948963749173515,-0.014830902721858052,-0.04490459195943686
48,3780.0,63.0,1.05,27.48785751167562,27.517286032509713,0.0005335540993824579,83.41273173671925,83.82570635977291,83.40400629339997,1.0001046165970564,0.00010461659705630642,288.8222026390821,288.64039894073875,113.48011286905721,114.14696192306938,2.545134960980777,2.528673510691166,145959.08632345268,300257091699.26,296877934305.1045,60355235.772789955,22641273.88325523,8954.207674799967,20535.79695525161,1121.0870231289045,-0.13922801169337617,-0.014676689401021292,-0.04486807163584183
48,3840.0,64.0,1.0666666666666667,27.455844265712674,27.391027998042148,0.0005335540993824579,83.14458648737893,83.27871074734591,83.13593392521834,1.0001040772834568,0.00010407728345692955,288.9118466595501,294.03040006646694,113.51732151798679,112.2962667223459,2.5450904126007954,2.6183452811789483,144684.66228349102,300265837517.46387,291817624408.3441,60376822.79663491,22650166.19988002,8960.790345948917,20568.006594812006,1122.0692598497244,-0.1389680896712271,-0.01452348217872057,-0.044831742308248934
48,3900.0,65.0,1.0833333333333333,27.423831019749727,27.45050264843758,0.0005335540993824579,82.8785059299879,83.31054975335648,82.86992534672947,1.0001035427897698,0.00010354278976987169,289.0007463246521,287.04653186354165,113.55423633461034,114.84443062006267,2.5450459238971357,2.499437981569794,143424.93787332354,300274507287.1997,268200867052.03177,60398231.17635536,22658988.495527923,8967.320886401532,20599.968223327447,1123.0442043899511,-0.13870986126249818,-0.014371276600343208,-0.04479560312776121
48,3960.0,66.0,1.1,27.39181777378678,27.415494271022048,0.0005335540993824579,82.61448212779663,82.57280505252727,82.6059725766365,1.0001030137518474,0.00010301375184749934,289.08890528128205,271.53151119120616,113.59085866542357,112.43001061275163,2.5450014964036813,2.4151159437888507,142181.61977983863,300283101267.2532,316081403739.79,60419461.77525753,22667741.087061465,8973.799518501502,20631.682794161236,1124.0118846119913,-0.13845331655959114,-0.014220068315733414,-0.04475965327380438
48,4020.0,67.0,1.1166666666666667,27.359804527823833,27.386201950994582,0.0005335540993824579,82.35250723655692,82.13146881601905,82.34406772260444,1.0001024908555758,0.00010249085557580246,289.1763271226246,283.30492880321634,113.62718983816961,115.62684346940424,2.544957131602709,2.4501657253852223,140956.52599826618,300291619715.1725,292153564441.5026,60440515.44397396,22676424.28692819,8980.226461132217,20663.151249565406,1124.9723279589016,-0.13819844591289865,-0.014069853080441064,-0.04472389195457316
48,4080.0,68.0,1.1333333333333333,27.327791281860886,27.213961830982335,0.0005335540993824579,82.0925735045217,81.82846579176652,82.08420298124233,1.000101974837732,0.00010197483773193746,289.2630153881544,289.02444814451286,113.66323116183888,110.79671119000298,2.5449128309249676,2.608601329771159,139751.58631232436,300300062887.2676,281899100834.13995,60461393.02045989,22685038.40315938,8986.60192970169,20694.374520680747,1125.9255614522372,-0.13794523993361096,-0.013920626757006005,-0.04468831840746734
48,4140.0,69.0,1.15,27.29577803589794,27.299363365173097,0.0005335540993824579,81.8346732724452,81.9068622108927,81.82637063808804,1.0001014664868113,0.00010146648681128168,289.34897356363683,281.5340397696904,113.6989839266691,114.6101754443926,2.544868595749759,2.456448903232743,138568.84286292663,300308431038.6118,293583136100.93756,60482095.32999164,22693583.739368945,8992.9261361284,20725.353527536783,1126.871611689874,-0.13769368949611405,-0.013772385316135782,-0.044652931899517245
48,4200.0,70.0,1.1666666666666667,27.26376478993499,27.240110415983494,0.0005335540993824579,81.57879897358289,81.65270208756078,81.5705630676046,1.000100966643708,0.0001009666437078548,289.4342050811274,297.3820016060146,113.73444940414538,109.35685159817754,2.544824427405002,2.719372378227562,137410.45053233503,300316724423.0399,283252782757.50037,60502623.18516338,22702060.594752356,8999.199288826596,20756.089179051774,1127.8105048439538,-0.13744378574071803,-0.013625124837920666,-0.04461773172779493
48,4260.0,71.0,1.1833333333333333,27.23175154397204,27.110231513544086,0.0005335540993824579,81.32494313369145,81.51992518843285,81.31677273318061,1.0001004762023407,0.00010047620234073911,289.51871331897223,289.78249765743095,113.76962884700016,111.07982131778768,2.5447803271673077,2.6087771317924044,136278.67744932676,300324943293.1499,297160812928.2099,60522977.38588452,22710469.264085352,9005.421592692277,20786.58237303273,1128.742266658779,-0.1371955200762116,-0.013478841513020257,-0.044582717219836976
48,4320.0,72.0,1.2,27.199738298009095,27.23944509492952,0.0005335540993824579,81.0730966037716,80.83709463602166,81.06499218714052,1.0000999743096548,9.997430965484322e-05,289.6025057724892,302.49667888695564,113.80452433000055,108.67027711031892,2.544736314109313,2.7836192833102813,135116.97293680016,300333088189.30164,303511872948.97705,60543159.711677074,22718810.239944354,9011.593558789027,20816.834208458535,1129.6669436149004,-0.1369488695496166,-0.013333525987810901,-0.04454788715213809
48,4380.0,73.0,1.2166666666666666,27.167725052046148,27.274916782388168,0.0005335540993824579,80.82324985561952,80.67530987214397,80.81521407076134,1.0000994340601652,9.94340601652519e-05,289.6855909965002,286.4204767915277,113.83913813357906,113.85500971528431,2.544692411994393,2.5156598511367703,133853.30438483763,300341159727.75574,322270036375.11206,60563172.194319606,22727084.06449148,9017.715777709003,20846.845829858186,1130.584587443711,-0.13670380751986144,-0.013189167488615539,-0.044513240171568214
48,4440.0,74.0,1.2333333333333334,27.1357118060832,26.946935040857934,0.0005335540993824579,80.57539876498144,80.1235709675343,80.56743111429496,1.0000988941880893,9.889418808920832e-05,289.7679649572348,289.46557151954306,113.87346999244924,111.57185551820072,2.544648590900487,2.594431814144406,132592.8401906654,300349157654.9525,296636838709.79205,60583013.870545566,22735290.667686373,9023.787905591977,20876.617732637533,1131.4951858205786,-0.13646035161297476,-0.01304577236022375,-0.044478776706895484
48,4500.0,75.0,1.25,27.103698560120254,27.145224733380278,0.0005335540993824579,80.32953616052312,80.52951513090547,80.32163613700553,1.0000983548629925,9.835486299254909e-05,289.8496309765454,292.02545498054656,113.90752111625423,112.3328485406574,2.544604852569168,2.5996443495764447,131336.11021344698,300357082229.5115,277696572775.0161,60602685.527207255,22743430.334304586,9029.810145034673,20906.150778218114,1132.3987635743197,-0.1362184937595572,-0.012903337023541184,-0.044444496187306726
48,4560.0,76.0,1.2666666666666666,27.071685314157307,27.044010727204686,0.0005335540993824579,80.08565496146991,79.78545218409418,80.07782204720216,1.0000978162750622,9.781627506220949e-05,289.9305923271567,281.51407876367193,113.94129269680829,111.2264293763315,2.544561198709993,2.530999874240114,130083.69075887925,300364933709.1321,321183752036.37744,60622187.939552605,22751503.344919503,9035.78269540034,20935.445817143423,1133.2953451202138,-0.13597822615304622,-0.012761858008746074,-0.044410398073610136
48,4620.0,77.0,1.2833333333333334,27.03967206819436,26.96435734634624,0.0005335540993824579,79.84374817760678,79.66438579921785,79.83598184229402,1.0000972786346902,9.727863469015239e-05,290.01085223266597,280.3044167006226,113.97478590809676,117.6350554734742,2.544517631000556,2.3828306585346843,128836.20226639468,300372712350.5936,323477858843.4978,60641521.87122232,22759509.97590162,9041.705752805894,20964.503689078934,1134.1849544581382,-0.13573954125190113,-0.012621331956378157,-0.044376481858616756
48,4680.0,78.0,1.3,27.007658822231413,27.031767092435675,0.0005335540993824579,79.6038089092783,79.85330629836376,79.59610860884344,1.0000967421720666,9.67421720665255e-05,290.0904138675432,287.2407866828834,114.00800190627608,113.8732967555033,2.5444741510865287,2.5224595657366136,127594.30704585504,300380418409.7555,319364463679.32007,60660688.07424861,22767450.49941729,9047.57951010963,20993.325222812084,1135.0676151707194,-0.13550243178183052,-0.012481755618347634,-0.04434274706748287
48,4740.0,79.0,1.3166666666666667,26.975645576268462,27.09580323544361,0.0005335540993824579,79.36583034738864,79.53892847077964,79.35819552262748,1.0000962071366526,9.62071366526715e-05,290.1692803571309,293.3265414206317,114.0409418296737,114.5786776585422,2.5444307605817076,2.5600447431831856,126358.70672817038,300388052141.5564,314660438245.9079,60679687.28905207,22775325.183427826,9053.404156899007,21021.911236252286,1135.943350421474,-0.13526689073792397,-0.012343125858961912,-0.04430919325809235
48,4800.0,80.0,1.3333333333333333,26.943632330305515,26.983294420407606,0.0005335540993824579,79.12980577340157,79.04235331640251,79.1222358487166,1.000095673796421,9.567379642109917e-05,290.24745477764435,298.23443184841165,114.0736067987882,111.23715951448212,2.5443874610680552,2.681068387129969,125130.13914906369,300395613800.01587,306704707447.64154,60698520.24443978,22783134.29168856,9059.17987947815,21050.26253643091,1136.8121829530683,-0.13503291138691154,-0.012205439655957662,-0.04427582002139108
48,4860.0,81.0,1.35,26.91161908434257,26.749670457015313,0.0005335540993824579,78.89572855934047,78.9358110982722,78.8882229415484,1.000095142437137,9.514243713696228e-05,290.3249401561712,294.27572835337145,114.10599791628924,114.76888808786131,2.5443442540957415,2.5640723131175474,123909.37540462859,300403103638.2328,288763869714.08636,60717187.65760267,22790878.083747715,9064.906860856252,21078.379919501316,1137.6741350854554,-0.1348004872691959,-0.012068694101483146,-0.04424262698175596
48,4920.0,82.0,1.3666666666666667,26.87960583837962,26.78021963050688,0.0005335540993824579,78.66359216778831,78.0895285642275,78.65615024502316,1.000094613361345,9.461336134518081e-05,290.4017394706718,295.2338580873007,114.13811626701758,117.29622695852647,2.5443011411831846,2.5169936471331624,122697.21621001397,300410521908.386,301543197569.7607,60735690.23411399,22798556.814945564,9070.585280735831,21106.264170738814,1138.5292287142129,-0.1345696122008917,-0.011932886403036136,-0.04420961379731603
48,4980.0,83.0,1.3833333333333333,26.847592592416675,26.776960616925148,0.0005335540993824579,78.43339015188768,78.44117666207532,78.42601129259548,1.0000940868873807,9.408688738068592e-05,290.4778556499793,294.2844866731958,114.16996291798498,112.41639561565187,2.544258123817091,2.617807527643434,121494.48840959322,300417868861.73425,294740392385.45526,60754028.66792643,22806170.73641336,9076.21531550093,21133.916064540685,1139.3774853087652,-0.13434028027591083,-0.01179801388449242,-0.04417678016030724
48,5040.0,84.0,1.4,26.815579346453728,26.848945457412196,0.0005335540993824579,78.20511615534076,78.65067717686314,78.1977997073862,1.0000935633480985,9.356334809858137e-05,290.5532915737991,294.6629758796351,114.20153891837434,113.35841910631117,2.5442152034524885,2.5993920716492234,120302.04086263776,300425144748.61646,335495510298.57275,60772203.64137012,22813720.095072538,9081.79713820589,21161.336364426203,1140.2189259107017,-0.13411248586800184,-0.01166407398699576,-0.04414412579739757
48,5100.0,85.0,1.4166666666666667,26.783566100490777,26.729525016538854,0.0005335540993824579,77.97876391240933,78.3113641403711,77.97150920229184,1.000093043089607,9.304308960689074e-05,290.6280500727093,283.78709650353056,114.2328452995397,117.90676993350844,2.544172381512766,2.406877032282095,119120.74045515436,300432349818.4513,298801209452.483,60790215.82515097,22821205.133633673,9087.330918564083,21188.525823036583,1141.0535711321136,-0.13388622363261504,-0.011531064269908242,-0.044111650470006314
48,5160.0,86.0,1.4333333333333333,26.75155285452783,26.75793288811538,0.0005335540993824579,77.75432724791479,77.4853896796201,77.74713358011489,1.0000925264697056,9.25264697055812e-05,290.7021339281608,286.9314443475904,114.26388307500606,114.24317832473797,2.5441296593897094,2.511584923976672,117951.46748699626,300439484319.7378,299327936422.888,60808065.87834799,22828626.090595573,9092.81682293702,21215.48518213503,1141.8814411539406,-0.13366148850887072,-0.011398982411707337,-0.044079353974634916
48,5220.0,87.0,1.45,26.719539608564883,26.899948365332037,0.0005335540993824579,77.53180007723813,77.55696317976694,77.52466673369099,1.0000920138563336,9.201385633353203e-05,290.77554587247687,290.7462515743255,114.29465324046956,108.94222935193676,2.5440870384435343,2.668811289285009,116795.11122679235,300446548500.05347,298846140013.72534,60825754.448411465,22835983.200244322,9098.255014323251,21242.2151726067,1142.7025557243378,-0.13343827572146338,-0.011267826210902498,-0.04404723614317474
48,5280.0,88.0,1.4666666666666666,26.687526362601936,26.65810211736745,0.0005335540993824579,77.31117640631993,77.2177979014284,77.30410264603283,1.0000915056257684,9.150562576852033e-05,290.8482885888536,300.455414844382,114.32515677379743,111.41374423712007,2.5440445200029163,2.696753590875894,115652.56499299029,300453542606.05774,293498535153.74445,60843282.17116094,22843276.692652628,9103.645652347986,21268.716514458734,1143.51693415712,-0.133216580782495,-0.011137593586882488,-0.04401529684321703
48,5340.0,89.0,1.4833333333333334,26.65551311663899,26.638000239581096,0.0005335540993824579,77.0924503316604,77.06702671608633,77.08543539048277,1.0000910021606817,9.10021606817829e-05,290.9203647113595,297.7791919478978,114.35539463502798,112.15707985982202,2.5440021053650255,2.6550191242503196,114524.72103778392,300460466883.4885,276457379447.2117,60860649.67078304,22850506.793678567,9108.988893252259,21294.98991682024,1144.324595330132,-0.1329963994933081,-0.011008282580823092,-0.04398353597836202
48,5400.0,90.0,1.5,26.623499870676042,26.646801949072316,0.0005335540993824579,76.87561604031934,77.02819374312126,76.86865913087148,1.000090503848077,9.050384807702744e-05,290.9917768249358,293.6196865331869,114.38536776637055,120.34130314899114,2.543959795795558,2.4398911998623176,113412.46532087134,300467321577.1647,289600259604.25684,60877857.55982971,22857673.72496499,9114.284889882838,21321.036077942288,1145.1255576837502,-0.13277772794628362,-0.010879891356506022,-0.04395195348851022
48,5460.0,91.0,1.5166666666666666,26.591486624713095,26.636779933464975,0.0005335540993824579,76.66066780991616,76.3371106307469,76.65376812168769,1.0000900110770488,9.001107704867112e-05,291.06252746539616,293.9621248986833,114.41507709220565,114.11126767250839,2.543917592528759,2.5761007733463686,112316.67201864335,300474106930.98364,308729179784.82684,60894906.43921578,22864777.703938574,9119.533791681897,21346.855685197927,1145.9198392193412,-0.13256056252656734,-0.010752418201162683,-0.043920549350163984
48,5520.0,92.0,1.5333333333333334,26.559473378750145,26.602849481617522,0.0005335540993824579,76.44760000862985,75.99543152685636,76.44075670826004,1.0000895242363432,8.952423634327372e-05,291.1326191194269,289.81954651035403,114.44452351908477,116.00033069722448,2.5438754967674595,2.498437243828379,111238.19774054736,300480823187.9243,303463525759.63477,60911796.89821786,22871818.943808928,9124.735744677208,21372.44941508217,1146.7074574977596,-0.13234489991379306,-0.010625861526289526,-0.0438893235767055
48,5580.0,93.0,1.55,26.527460132787198,26.634772533158408,0.0005335540993824579,76.23640709519901,76.35122244042724,76.22961932694186,1.0000890437118417,8.904371184175489e-05,291.2020542245873,290.96358908688313,114.47370793573054,112.58977024221008,2.5438335096830977,2.5842808672665756,110177.8757544297,300487470590.0443,292064715598.18036,60928529.51447159,22878797.65356785,9129.890891472183,21397.817933211998,1147.4884296378932,-0.13213073708372036,-0.01050021986844385,-0.043858276218682324
48,5640.0,94.0,1.5666666666666667,26.49544688682425,26.64599088368235,0.0005335540993824579,76.02708228819981,75.94672033792048,76.02035050531514,1.0000885523789345,8.855237893438107e-05,291.27084341063164,294.33030837627916,114.50263306282382,107.99215153640236,2.5437916632958206,2.7254786962649344,109093.37563065461,300494049238.40674,302080324409.5979,60945106.8092162,22885714.483296856,9135.000049847236,21422.962054172865,1148.2628305521976,-0.13191800275139443,-0.01037546511985532,-0.04382739984376016
48,5700.0,95.0,1.5833333333333333,26.463433640861304,26.3050642385675,0.0005335540993824579,75.81962005732748,75.6336715915378,75.8129448623963,1.000088048221096,8.804822109610031e-05,291.3389900707019,301.2374172716641,114.53129998996604,113.88969832545092,2.5437499626410056,2.644992670108308,107980.16542165201,300500559355.3175,299176280511.5976,60961529.58687341,22892569.69050719,9140.063442854182,21447.882442265636,1149.0306839734913,-0.13170668558452547,-0.010251592589737513,-0.0437966935972276
48,5760.0,96.0,1.6,26.431420394898357,26.582443952630353,0.0005335540993824579,75.61401618319815,75.6835853639644,75.60739710885439,1.0000875453275324,8.754532753231137e-05,291.4064899909668,279.7520623302832,114.55970809255102,117.6769198782536,2.5437083844133404,2.3772891287408746,106873.13794418534,300507001290.6218,296869893646.707,60977796.84710431,22899363.120105505,9145.080667518065,21472.579604323215,1149.7919597568307,-0.1314968374854928,-0.010128622289620637,-0.04376616356723151
48,5820.0,97.0,1.6166666666666667,26.39940714893541,26.29854738048548,0.0005335540993824579,75.41026545465878,75.24809827272568,75.40370204724468,1.0000870435699563,8.704356995620104e-05,291.47334561146096,306.9530660554743,114.5878582326484,114.7675155725655,2.5436669303974675,2.674564004667272,105772.00475776676,300513375279.31433,294474037728.1451,60993909.16818839,22906094.974960506,9150.051869212286,21497.054166309925,1150.5466746629318,-0.13128845493074337,-0.010006552599344687,-0.04373580976803648
48,5880.0,98.0,1.6333333333333333,26.367393902972463,26.250436258224973,0.0005335540993824579,75.20836275019128,75.17460163187081,75.20185457224473,1.0000865427851957,8.654278519560931e-05,291.53955932881826,294.5498352970995,114.61575125578442,108.80378782106713,2.543625602367675,2.707165266906887,104676.39787016806,300519681555.374,284026686779.35944,61009867.118115544,22912765.454029053,9154.977190324324,21521.306743423138,1151.2948450454114,-0.1310815346496561,-0.009885382007583488,-0.043705632246689774
48,5940.0,99.0,1.65,26.335380657009516,26.164957617965737,0.0005335540993824579,75.0083030379124,75.07093566802104,75.00184967090499,1.0000860427714213,8.60427714213194e-05,291.60513349627223,283.219259155961,114.64338799094169,111.93922147126983,2.543584402087914,2.530116392033794,103585.86267099425,300525920351.7615,332459088804.2637,61025671.254584014,22919374.75235492,9159.856770247483,21545.33794009327,1152.0364868494235,-0.13087607362590603,-0.009765109112505499,-0.04367563108328998
48,6000.0,100.0,1.6666666666666667,26.30336741104657,26.32433611791012,0.0005335540993824579,74.8100813755738,74.92244572032946,74.80368242291036,1.000085543284183,8.554328418310574e-05,291.6700704236557,295.47665936337603,114.67076925055945,115.18149298595294,2.543543331311809,2.5653136776010634,102499.85068364059,300532091900.4204,281546711671.36084,61041322.12499869,22925923.06106861,9164.690745371889,21569.148349983796,1152.7716156104252,-0.13067206909905238,-0.009645732622489689,-0.043645806391197084
48,6060.0,101.0,1.6833333333333333,26.27135416508362,26.062082153409314,0.0005335540993824579,74.61369291056208,74.3465753513284,74.60734800085214,1.0000850440322562,8.504403225625285e-05,291.7343723774011,290.4348708322514,114.69789583053324,113.20600099930346,2.5435023917826722,2.5655430654602704,101417.71216738687,300538196432.27673,300948098258.939,61056820.26646912,22932410.567385852,9169.479249076394,21592.73855599121,1153.500246452828,-0.1304695185657181,-0.009527251356793442,-0.0436161583173007
48,6120.0,102.0,1.7,26.23934091912067,26.411563733015008,0.0005335540993824579,74.41913287989867,74.5518226745094,74.41284167051064,1.0000845446732956,8.454467329551623e-05,291.79804158054,279.2055865288163,114.72476851021521,113.99840248046334,2.5434615852335143,2.4492061331882753,100338.68859087769,300544234177.2394,283861833017.5518,61072166.20580834,22938837.45460759,9174.222411720388,21616.109130245077,1154.2223940888416,-0.1302684197810855,-0.00940966424616363,-0.04358668704222257
48,6180.0,103.0,1.7166666666666666,26.207327673157724,26.256227365242722,0.0005335540993824579,74.22639661023992,74.0583270970619,74.2201587911475,1.000084044809308,8.404480930810511e-05,291.86108021270354,285.09276054112826,114.751388052414,115.64777345327076,2.543420913387058,2.4651815770264207,99261.90503718134,300550205364.1992,301780219678.6472,61087360.45953089,22945203.90211895,9178.92036063553,21639.260634107985,1154.9380728172055,-0.13006877076012913,-0.009292970333531159,-0.043557392780547044
48,6240.0,104.0,1.7333333333333334,26.175314427194778,26.357438583308355,0.0005335540993824579,74.0354795178771,74.34426398817656,74.02929481581423,1.0000835439818556,8.354398185568848e-05,291.9234904101223,291.1141467617754,114.77775520339465,111.12063876454897,2.5433803779557493,2.619802675708251,98186.36236586375,300556110221.0298,309737688683.32434,61102403.53385097,22951510.08538823,9183.573220117949,21662.193618175592,1155.647296521951,-0.12987056977891953,-0.009177168774609612,-0.04352827578106355
48,6300.0,105.0,1.75,26.14330118123183,26.11593139849311,0.0005335540993824579,73.84637710873636,74.35917335921121,73.84024529166439,1.0000830416671527,8.304166715256853e-05,291.98527426562634,286.57392418863674,114.8038706928787,112.5849240472186,2.5433399806417696,2.545402296211937,97110.92957344254,300561948974.58813,312623509066.344,61117295.92468196,22957756.175966904,9188.18111142052,21684.90862227658,1156.3500786712812,-0.12967381537586675,-0.009062258838495652,-0.04349933632694647
48,6360.0,106.0,1.7666666666666666,26.111287935268884,26.128497821469608,0.0005335540993824579,73.65908497837873,74.00441877931242,73.65300586028705,1.0000825372708237,8.253727082378865e-05,292.04643382864504,288.6784088877245,114.82973523404424,111.95307691631764,2.5432997231370464,2.578566099648204,96034.33584670497,300567721850.71277,326131125024.9892,61132038.117633104,22963942.341488183,9192.744152744912,21707.406175472694,1157.046432316367,-0.1294785063530064,-0.008948239908310285,-0.043470574735998024
48,6420.0,107.0,1.7833333333333334,26.079274689305937,26.151108090256088,0.0005335540993824579,73.47359881200013,74.60909593096395,73.46757225804214,1.0000820301225801,8.20301225801667e-05,292.10697110520726,285.07881776593047,114.85534952352577,112.00423859707233,2.543259607123263,2.545250263175148,94955.1629762247,300573429074.2256,290754278056.3072,61146630.58800942,22970068.74566689,9197.26245923429,21729.68679605871,1157.7363700902133,-0.12928464177720755,-0.008835111481774405,-0.043441991360839705
48,6480.0,108.0,1.8,26.047261443342986,26.1277580386003,0.0005335540993824579,73.28991438443144,73.5876728725524,73.28394031641622,1.000081519470561,8.15194705610286e-05,292.16688805794115,290.0399074424389,114.88071424141427,115.01707940612177,2.543219634271873,2.5217116356981815,93871.83761758453,300579070868.9304,296154496799.8881,61161073.800809205,22976135.548298344,9201.73614296566,21751.75099156246,1158.4199042065356,-0.12909222098132034,-0.008722873171802092,-0.04341358658912675
48,6540.0,109.0,1.8166666666666667,26.01524819738004,25.959432324479476,0.0005335540993824579,73.10802756013834,73.03439264957049,73.10210596238538,1.0000810044755208,8.100447552093678e-05,292.2261866060745,285.71051246741854,114.90583005125725,115.62917645167377,2.5431798062441056,2.4709205862659482,92782.62389861527,300584647457.61487,282552458394.0166,61175368.2107234,22982142.905258134,9206.165312943063,21773.599258744813,1159.0970464586699,-0.12890124356529498,-0.00861152470702109,-0.043385360843731124
48,6600.0,110.0,1.8333333333333333,25.983234951417092,25.963375082699027,0.0005335540993824579,72.92793429322148,73.8962305857766,72.92206521879137,1.0000804842047808,8.04842047808111e-05,292.28486862543446,291.9518544101605,114.9306976000587,115.33076627242956,2.5431401246909786,2.531430804166548,91685.61628510502,300590159062.04724,313604972056.1381,61189514.26213312,22988090.968501076,9210.55007508988,21795.23208359969,1159.7678082184557,-0.1287117093974608,-0.008501065932390972,-0.04335731458295777
48,6660.0,111.0,1.85,25.951221705454145,25.964872468012906,0.0005335540993824579,72.74963062741638,73.0541309865625,72.74381420473158,1.0000799576259287,7.995762592860804e-05,292.34293594844746,299.4088028903387,114.95531751827905,115.51516092398224,2.5431005912533102,2.5919437803265706,90578.73278834834,300595605902.9801,289157179413.7325,61203512.389109075,22993979.886060774,9214.89053224212,21816.64994135406,1160.4322004352143,-0.12852361861546058,-0.008391496809716514,-0.04332944830071339
48,6720.0,112.0,1.8666666666666667,25.9192084594912,26.053816459996977,0.0005335540993824579,72.57311269609345,72.76918740710262,72.56734913596263,1.0000794236002752,7.94236002753486e-05,292.4003903641395,284.3872977734229,114.9796904198352,114.57685379469825,2.5430612075617263,2.4820658654408105,89459.70866492756,300600988200.14734,317138641365.70764,61217363.01540935,22999809.80204892,9219.186784141682,21837.85329646792,1161.0902336346735,-0.12833697162741942,-0.008282817418162836,-0.04330176252671025
48,6780.0,113.0,1.8833333333333333,25.88719521352825,25.946560117284815,0.0005335540993824579,72.398376722258,72.38180013861471,72.39266632531233,1.0000788808761376,7.888087613754136e-05,292.45723361813606,301.4632772397121,115.00381690210058,113.82897375061545,2.543021975236669,2.648387904297364,88326.09092661606,300606306172.2666,308762924955.625,61231066.554478824,23005580.856654733,9223.438927429263,21858.84260263434,1161.7419179179687,-0.12815176911298565,-0.008175027954806069,-0.04327425782663141
48,6840.0,114.0,1.9,25.855181967565304,25.77547172619502,0.0005335540993824579,72.22541901855024,72.49964021656538,72.21976218311086,1.0000783280817935,7.832808179344398e-05,292.5134674126618,294.7696614954213,115.02769754590511,117.77230562072745,2.542982895888409,2.502877564821513,87175.23349794249,300611560037.03784,310608917696.6454,61244623.40944672,23011293.186144292,9227.647055637935,21879.618302779418,1162.3872629606212,-0.1279680120243576,-0.0080681287351414,-0.04324693480232744
48,6900.0,115.0,1.9166666666666667,25.823168721602354,25.763888301221996,0.0005335540993824579,72.05423598724526,71.69530591631863,72.04863321763119,1.0000777637182534,7.776371825330647e-05,292.569093406541,302.6280047793389,115.05133291553513,120.02401461709998,2.542943971117053,2.5213954536080236,86004.29355125103,300616750011.1426,317993234282.6943,61258033.97312617,23016946.922859848,9231.811259186696,21900.1808290623,1163.0262780115645,-0.12778570158729607,-0.00796212019353959,-0.04321979409197496
48,6960.0,116.0,1.9333333333333333,25.791155475639407,25.739209882824262,0.0005335540993824579,71.8848257552154,71.72984781857322,71.87927603554203,1.0000772088977443,7.720889774438042e-05,292.62411462279164,295.063147158456,115.07472380002831,110.86743623121643,2.542905209412457,2.661404982280779,84860.22112623435,300621876121.49146,291202065595.2798,61271298.959321916,23022542.25377591,9235.931755708429,21920.530406483307,1163.6589821327543,-0.12760481870063956,-0.007856995141912293,-0.043192833855064894
48,7020.0,117.0,1.95,25.75914222967646,25.78395513911074,0.0005335540993824579,71.71718521401021,71.4623476464364,71.71168734238155,1.0000766663264025,7.666632640246671e-05,292.67853290033014,286.781430726806,115.09787077633585,114.8709225798037,2.5428666136585463,2.4965537342800723,83748.59648868987,300626938546.9424,321784710427.5956,61284418.80302656,23028079.31448567,9240.008654175486,21940.667408429872,1164.2853856669135,-0.12742536120121528,-0.007752752773170002,-0.04316605432153642
48,7080.0,118.0,1.9666666666666666,25.727128983713513,25.737648779501964,0.0005335540993824579,71.55131099529508,70.80745835216835,71.54586394303831,1.0000761337127904,7.613371279025276e-05,292.7323497337598,293.5836238072287,115.12077435328182,115.39252554051671,2.5428281852537302,2.5442169883364363,82664.00883631203,300631937505.6874,292557473456.5287,61297393.85808557,23033558.22413844,9244.042032572019,21960.59223950677,1164.9054963387916,-0.12724733160365886,-0.007649394054540792,-0.043139456295468115
48,7140.0,119.0,1.9833333333333334,25.695115737750562,25.664168390568992,0.0005335540993824579,71.3872003219068,71.850306925222,71.38180274224548,1.000075615625467,7.561562546704543e-05,292.78556700607294,288.48778744046837,115.14343509716578,115.0650028649661,2.5427899277019206,2.507172296158734,81615.98240845044,300636873156.9989,308375587777.82654,61310224.569653034,23038979.115919426,9248.032005744768,21980.30523330716,1165.5193245860464,-0.12707072637265426,-0.007546917696151567,-0.04311303984532344
48,7200.0,120.0,2.0,25.663102491787615,25.852190271966514,0.0005335540993824579,71.22485055074462,71.84676014408521,71.21950074509778,1.000075117146159,7.511714615905133e-05,292.8381865951106,300.85620361392756,115.16585356430049,112.81603744654372,2.542751844682942,2.6667857728692517,80614.91877780919,300641745654.00305,280952715610.5685,61322911.381561995,23044342.120677292,9251.978688968273,21999.806707320633,1166.1268806962908,-0.1268955416796942,-0.007445322314469038,-0.04308680500675477
48,7260.0,121.0,2.0166666666666666,25.63108924582467,25.667496269433205,0.0005335540993824579,71.06425828366791,71.14181819799788,71.05895505757351,1.0000746313549094,7.463135490947114e-05,292.89021013592605,292.10784419946134,115.18803029230807,113.3229798744826,2.542713938181513,2.5776576341621285,79645.37367920626,300646555214.75854,299215825254.4702,61335454.681369424,23049647.36464247,9255.882172843543,22019.09706973225,1166.7281734589742,-0.12672177886260982,-0.007344608403450081,-0.04306075245704477
48,7320.0,122.0,2.033333333333333,25.59907599986172,25.40321063295575,0.0005335540993824579,70.90541810557744,70.82899181425216,70.90016288708085,1.000074121388197,7.412138819703266e-05,292.9416386835036,291.9674063288525,115.209965787766,114.38214956875233,2.5426762058340153,2.552560932187745,78628.7100829951,300651302223.1387,302474607367.9659,61347854.72236335,23054894.96619138,9259.742487638505,22038.17697100438,1167.3232082501818,-0.1265494521909254,-0.00724478113844107,-0.043034884474497215
48,7380.0,123.0,2.05,25.567062753898774,25.70746613781179,0.0005335540993824579,70.74832881977545,70.9291413132802,70.7431215430091,1.0000736082413777,7.360824137778814e-05,292.99247437932456,292.68029245480454,115.23166058724952,115.43606776028132,2.542638654048386,2.535431933306971,77610.17083018746,300655986730.3508,303540613082.721,61360112.008954644,23060085.0518443,9263.55977931607,22057.0465548845,1167.9119964826295,-0.12637855057017688,-0.007145836549938167,-0.04300920020786725
48,7440.0,124.0,2.066666666666667,25.535049507935824,25.462328437775813,0.0005335540993824579,70.59298757425661,70.65660525958569,70.58782843730515,1.000073088194745,7.308819474514338e-05,293.0427188814621,301.81980237620496,115.25311519982986,117.16316521316793,2.5426012856431206,2.5760639175893787,76582.13520033463,300660608924.5067,316142500237.05676,61372226.9336313,23065217.74119188,9267.334143736967,22075.706163955834,1168.4945467043617,-0.1262090736029826,-0.007047774543055496,-0.04298370013082753
48,7500.0,125.0,2.0833333333333335,25.503036261972877,25.375240899510764,0.0005335540993824579,70.43939157616471,70.1286911812627,70.43428108505996,1.0000725568718245,7.255687182457235e-05,293.09237382281543,292.02229978963777,115.27433012385806,111.52254120123882,2.5425641034556294,2.6185047134345063,75535.8143421172,300665168993.55884,299867608967.92633,61384199.88292593,23070293.151294574,9271.06567504302,22094.156133696597,1169.0708671957364,-0.12604102106645598,-0.006950595098595969,-0.04295838474222524
48,7560.0,126.0,2.1,25.47102301600993,25.332162078644068,0.0005335540993824579,70.28753809179261,70.38045801351451,70.28247710510973,1.000072009224651,7.200922465081929e-05,293.1414408111098,297.9400166429084,115.29530584696518,117.7871997268562,2.5425271103422458,2.5294770342942132,74461.27771922444,300669667125.3032,300312743928.5939,61396031.23741484,23075311.39668235,9274.75446565263,22112.396792480034,1169.6409659687215,-0.1258743929129409,-0.006854298273410109,-0.04293325456621533
48,7620.0,127.0,2.1166666666666667,25.439009770046983,25.542395969483064,0.0005335540993824579,70.13742682192022,70.13373913989236,70.13241422066199,1.000071473388075,7.147338807499491e-05,293.18991961250657,286.7142481606741,115.31604232342524,114.19699762474367,2.5424903049499483,2.510698653416701,73417.05367435756,300674103417.0939,306210627650.4188,61407720.937276244,23080272.463898063,9278.400464860752,22130.428176248493,1170.204836156825,-0.12570919866542596,-0.006758888252081263,-0.042908311118200704
48,7680.0,128.0,2.1333333333333333,25.406996524084033,25.34741872101647,0.0005335540993824579,69.98905506759898,69.41644207457642,69.9840902599279,1.0000709419477005,7.094194770049672e-05,293.23781184826464,285.0777098034645,115.33654003781008,115.48686629522722,2.542453690323416,2.468485975493527,72387.5770774475,300678478059.5858,291546114751.6876,61419269.3664372,23085176.4668165,9282.003766523412,22148.25060919999,1170.7624857378723,-0.1255454383118355,-0.006664365108205672,-0.042883554941302915
48,7740.0,129.0,2.15,25.374983278121086,25.431191244918086,0.0005335540993824579,69.84242040954219,69.73471068752107,69.83750315677561,1.0000704099165105,7.040991651056113e-05,293.28511894584585,295.60382077585956,115.35679941545273,118.84905113217768,2.5424172691337565,2.487220705254975,71362.61013985763,300682791234.89624,280134093153.617,61430676.86253458,23090023.505133927,9285.564449634243,22165.864381939547,1171.3139210631743,-0.125383112889363,-0.006570729368467809,-0.04285898669393662
48,7800.0,130.0,2.1666666666666665,25.34297003215814,25.318984346787236,0.0005335540993824579,69.69752093212931,69.32159428361443,69.69265095140375,1.000069877966458,6.987796645810737e-05,293.33184196762176,292.55269922672204,115.37682077316076,114.0433563713348,2.5423810432802054,2.5652761242324873,70343.58071502057,300687043108.08777,302606569049.98865,61441943.675941706,23094813.652535647,9289.082564967699,22183.269724571725,1171.859145476883,-0.12522222537439376,-0.006477982396527082,-0.04283460724148691
48,7860.0,131.0,2.183333333333333,25.31095678619519,25.151717412990244,0.0005335540993824579,69.55435483429888,69.7372961566067,69.54953179102603,1.0000693468834174,6.934688341744568e-05,293.3779819084185,294.9113892844747,115.39660440482997,115.44917117602829,2.542345014582934,2.5544695235171138,69332.1070343951,300691233841.9607,339328507900.7603,61453070.04093224,23099546.97724618,9292.558158230298,22200.466853440244,1172.3981617077861,-0.1250627791453347,-0.006386125730196923,-0.04281041749837389
48,7920.0,132.0,2.2,25.27894354023224,25.31669830573371,0.0005335540993824579,69.412920268301,70.05374868961164,69.40814393058098,1.000068815234777,6.881523477697431e-05,293.42353999566143,300.0566404765688,115.41615064081252,115.06995115596311,2.5423091860759337,2.6076020495557444,68325.35804683823,300695363622.77356,308471461052.70886,61464056.24727279,23104223.556316033,9295.991292264982,22217.45599049705,1172.9309733065893,-0.12490477714206705,-0.006295160759959728,-0.04278641842587971
48,7980.0,133.0,2.216666666666667,25.246930294269294,25.258941013943655,0.0005335540993824579,69.27321532707595,69.21417571007281,69.26848573345205,1.0000682791542765,6.827915427647918e-05,293.46851771286833,290.0773745149525,115.43545985256382,115.55439558004969,2.5422735621072716,2.5103101708840057,67315.78272025623,300699432662.2567,287672993866.4411,61474902.64582902,23108843.47674103,9299.382048802348,22234.237364818375,1173.457584759095,-0.1247482217987077,-0.006205088703230999,-0.04276261103193546
48,8040.0,134.0,2.2333333333333334,25.214917048306347,25.313368827186356,0.0005335540993824579,69.13523866604926,68.82802175345506,69.13055567221276,1.000067741301816,6.77413018159617e-05,293.5129156422468,293.3427981828809,115.45453222371023,118.77280183165534,2.5422381433543215,2.4697809065635696,66308.82316521544,300703441098.4236,325780060298.73615,61485609.37248844,23113406.780367196,9302.730442799453,22250.811137914672,1173.9779959390362,-0.12459311829073272,-0.0061159118468356866,-0.0427389963803102
48,8100.0,135.0,2.25,25.1829038023434,25.274479359835528,0.0005335540993824579,68.9989888446706,69.2687393579236,68.9943523293838,1.0000672013741743,6.720137417436461e-05,293.55673469034673,294.6390691951018,115.47336799248106,113.44735935254316,2.5422029321034563,2.5971434758520613,65304.01365428072,300707389100.60803,292463364771.5435,61496176.640511096,23117913.522232145,9306.036513124374,22267.17748282502,1174.4922079794724,-0.12443947110017817,-0.006027632232985525,-0.04271557558134376
48,8160.0,136.0,2.2666666666666666,25.150890556380453,25.10601132126551,0.0005335540993824579,68.86446452721678,69.07274023088041,68.85987439821788,1.0000666589801246,6.665898012468323e-05,293.59997571428767,290.714608385315,115.49196737777696,112.69476420774153,2.5421679306398444,2.579663841786045,64300.736158014086,300711276837.4331,335235349416.523,61506604.651375115,23122363.752773464,9309.300294897796,22283.33655999665,1175.0002214815486,-0.12428728506374753,-0.005940252060341322,-0.04269234979490388
48,8220.0,137.0,2.283333333333333,25.118877310417506,25.14677198836992,0.0005335540993824579,68.73166448279183,69.0526988167544,68.72712068349408,1.0000661136281073,6.611362810723707e-05,293.6426395217585,300.7564235334734,115.51033057916996,117.9239489601807,2.5421331412474655,2.550427001346687,63298.20339653882,300715104476.81067,308364419578.8473,61516893.59477478,23126757.5178279,9312.52181948832,22299.288517284935,1175.5020365137716,-0.12413656537362527,-0.005853773684396657,-0.04266932023053194
48,8280.0,138.0,2.3,25.086864064454556,25.047039237950667,0.0005335540993824579,68.60058779283088,68.96583504887047,68.59609010233724,1.0000655677384371,6.556773843707739e-05,293.6847275956102,303.39425019348295,115.52845789727185,118.96732338188853,2.5420985698325103,2.550231791124515,62301.19067472894,300718872191.10986,314762012047.7462,61527043.820522726,23131094.887740433,9315.70117299023,22315.03346502799,1175.9976562542925,-0.12398731248546468,-0.00576819774336812,-0.042646487713059233
48,8340.0,139.0,2.316666666666667,25.05485081849161,25.13119048141875,0.0005335540993824579,68.47123339174526,68.0270361520394,68.46678168506268,1.0000650199494268,6.501994942672403e-05,293.7262404898131,283.8813997500057,115.54634946727252,115.70787980598706,2.542064217900787,2.453431868477784,61307.20106268928,300722580145.71497,306174464604.39105,61537055.45800841,23135375.892924964,9318.838366782118,22330.57153122446,1176.4870789278957,-0.1238395333867004,-0.005683527305631486,-0.0426238536438559
48,8400.0,140.0,2.3333333333333335,25.022837572528662,25.19186925277325,0.0005335540993824579,68.3436003886783,68.08314976176574,68.33919457602552,1.000064469777265,6.446977726487452e-05,293.76717895301124,300.06373512199883,115.56400544558353,116.79166832549957,2.542030088177755,2.5692220979814944,60315.45956272703,300726228507.0408,325591822442.2856,61546928.68274516,23139600.5689999,9321.93342817678,22345.90282288416,1176.9703034518843,-0.12369323370721119,-0.005599764966154552,-0.042601419328002876
48,8460.0,141.0,2.35,24.990824326565715,25.100963738820898,0.0005335540993824579,68.21768801666295,68.0361724931434,68.21332803450919,1.0000639168660932,6.391686609327439e-05,293.8075437509828,296.0772807256236,115.58142598034539,116.39590330166796,2.5419961837202525,2.543708776057764,59325.45751126261,300729817441.2654,315274176492.39056,61556663.67425305,23143768.94965586,9324.986386097444,22361.02743213525,1177.4473285436525,-0.12354841896537394,-0.005516913305143589,-0.04257918608057798
48,8520.0,142.0,2.3666666666666667,24.958811080602768,24.93633660242277,0.0005335540993824579,68.0934956177731,68.21940444349596,68.08918143562235,1.0000633607580498,6.336075804978546e-05,293.8473356147898,288.87798818722126,115.59861120281428,117.89962476538648,2.541962507657151,2.4502027785251395,58336.52014281463,300733347113.96106,304405547856.64136,61566260.60375506,23147881.064572066,9327.997266889593,22375.945438007904,1177.9181524594405,-0.12340509493309071,-0.005434975022481581,-0.04255715525785009
48,8580.0,143.0,2.3833333333333333,24.92679783463982,24.894696038176992,0.0005335540993824579,67.97102275300111,67.84878659996622,67.96675427122143,1.000062802495506,6.280249550599463e-05,293.88655524746815,292.920872534595,115.61556122619425,117.10030770417312,2.5419290632728795,2.501452628754759,57350.74093636302,300736817674.6227,300910350359.354,61575719.635425925,23151936.939173102,9330.966096118966,22390.656893235773,1178.3827731951405,-0.12326326678052268,-0.005353952612010104,-0.04253532812750338
48,8640.0,144.0,2.4,24.894784588676874,25.080454486712608,0.0005335540993824579,67.85026911039908,68.03915103591031,67.84604615085786,1.0000622432666428,6.224326664274397e-05,293.9252033184342,289.09330421151907,115.63227614661344,118.25132917550616,2.541895853937513,2.444736192203411,56370.41542673562,300740229269.60266,306465990832.7233,61585040.925346375,23155936.59483145,9333.892897064245,22405.161835290066,1178.841188317696,-0.12312293979055866,-0.005273848633704503,-0.04251370597707016
48,8700.0,145.0,2.4166666666666665,24.862771342713923,24.838410396104084,0.0005335540993824579,67.73123429970079,67.4000181537373,67.72705680274156,1.0000616813598058,6.16813598056802e-05,293.96328045098073,297.17082820535495,115.64875604530694,113.15341864936224,2.5418628829506535,2.6262646922425077,55392.5589627455,300743582071.0259,310101424239.76086,61594224.61916977,23159880.049321756,9336.777687347509,22419.460311049625,1179.2933945884088,-0.12298412095884004,-0.005194666323259156,-0.04249229035678859
48,8760.0,146.0,2.433333333333333,24.830758096750976,24.790776284976253,0.0005335540993824579,67.61391813966516,67.18377051819971,67.60978607473375,1.0000611163734026,6.111637340257443e-05,294.00078723977174,303.7175300633667,115.66500098556281,114.77814824258172,2.541830153759897,2.6461267646648623,54416.62422231491,300746876236.3342,295011412254.6064,61603270.85538632,23163767.316184893,9339.620483640218,22433.552342285137,1179.739388488697,-0.12284681675733822,-0.0051164087402266745,-0.04247108274020306
48,8820.0,147.0,2.45,24.79874485078803,24.758355155443244,0.0005335540993824579,67.49832056171955,67.21892240723407,67.49423393535533,1.0000605477849878,6.054778498769655e-05,294.03772424497566,295.2231559425305,115.68101101374626,115.15028600135199,2.541797669887545,2.56380740503818,53441.876047118654,300750111921.8523,314064125790.6846,61612179.76422697,23167598.404940903,9342.421300081493,22447.437937233557,1180.179166043261,-0.12271103388457405,-0.00503907905383727,-0.0424500846380127
48,8880.0,148.0,2.466666666666667,24.766731604825083,24.957355801016128,0.0005335540993824579,67.38444160995975,67.48534518155603,67.38040047482775,1.0000599749348997,5.997493489977978e-05,294.0740919922658,292.93625269219416,115.6967861592995,114.97713434358383,2.5417654349306105,2.5477783418816013,52467.372782639104,300753289282.78735,269710388658.53125,61620951.46766323,23171373.32108821,9345.180148275758,22461.117090598094,1180.6127228196328,-0.12257677926574928,-0.004962680543119546,-0.04242929759814151
48,8940.0,149.0,2.4833333333333334,24.734718358862136,24.76252740437658,0.0005335540993824579,67.27228155469872,67.35842704351462,67.26828590613242,1.0000593986975062,5.939869750625497e-05,294.1098908500546,299.25936364889685,115.71232640544395,111.74064644524302,2.5417334521434145,2.6781603039637405,51494.87554836026,300756408462.2612,322716587239.97003,61629586.05021703,23175092.059063226,9347.897028302337,22474.58976990873,1181.040053194558,-0.12244406033059363,-0.004887216731903621,-0.042408723213891886
48,9000.0,150.0,2.5,24.70270511289919,24.606455389244225,0.0005335540993824579,67.16184094569853,67.0302186027674,67.15789056609108,1.000058822270535,5.882227053510518e-05,294.14512097194137,296.4606877154765,115.72763167544515,115.303459741643,2.541701724242167,2.5711343647428024,50530.08329901767,300759469586.1687,313544494832.135,61638083.5452742,23178754.59893866,9350.571924492964,22487.85590912797,1181.4611500092087,-0.122312885144364,-0.004812691452499962,-0.04238836312789118
48,9060.0,151.0,2.5166666666666666,24.67069186693624,24.613225229193258,0.0005335540993824579,67.05312004071013,67.26405611160561,67.04921491648358,1.0000582426540179,5.824265401784151e-05,294.17978291455626,294.1582787503771,115.74270198006158,120.62421789115713,2.5416702555054673,2.4386336665478323,49567.943122953264,300762472818.37805,291406455247.3324,61646444.081986725,23182360.941856816,9353.204850665978,22500.915477294748,1181.8760082595254,-0.1221832610112159,-0.004739108167099104,-0.04236821899121335
48,9120.0,152.0,2.533333333333333,24.638678620973295,24.67906472957626,0.0005335540993824579,66.94611939688386,66.89058021078623,66.94225954517556,1.0000576594177508,5.7659417750816095e-05,294.21387699814653,293.0258220062789,115.7575372649483,112.9762419152964,2.541639049600231,2.5936941877211153,48607.92647220294,300765418303.6034,308675430264.96124,61654667.73324287,23185911.073359326,9355.795803314628,22513.76840748409,1182.2846212769527,-0.12205519591928038,-0.004666470669961953,-0.04234829250567307
48,9180.0,153.0,2.55,24.606665375010344,24.675571031825363,0.0005335540993824579,66.84083968969475,66.97186266764737,66.8370251672819,1.0000570719956985,5.7071995698576164e-05,294.24740350234856,280.4394439727775,115.77213745737792,118.55068984715378,2.5416081102474,2.3655656861579235,47649.306896139635,300768306184.89417,310528021049.85443,61662754.56221241,23189404.974613935,9358.344775935315,22526.414618557857,1182.6869818972373,-0.12192869809866735,-0.004594782872647585,-0.04232858541095519
48,9240.0,154.0,2.566666666666667,24.574652129047397,24.587830840565054,0.0005335540993824579,66.73728171294245,66.58858343389629,66.73351262635774,1.0000564796672073,5.647966720730378e-05,294.28036266618824,299.6523829306047,115.78650246624089,115.3533829695402,2.5415774412219565,2.597690464004249,46691.140746262325,300771136603.63745,320483789881.93286,61670704.62234759,23192842.622414663,9360.851759025507,22538.854015164743,1183.0830824601671,-0.12180377602149406,-0.004524048804103842,-0.042309099484608925
48,9300.0,155.0,2.5833333333333335,24.54263888308445,24.456977671081145,0.0005335540993824579,66.63544644222054,66.16200784997244,66.63172289560868,1.0000558824903523,5.588249035222398e-05,294.3127546559928,299.2213329816803,115.80063216450968,119.47608305593029,2.5415470464607117,2.5044454532511407,45733.808602737095,300773909706.7051,311600462498.548,61678517.949677825,23196223.98497656,9363.316736704743,22551.08648011632,1183.4729141655553,-0.12168043911006521,-0.004454272908009926,-0.04228983665466357
48,9360.0,156.0,2.6,24.510625637121503,24.417315543424014,0.0005335540993824579,66.53533528199749,66.30466387164597,66.53165707913325,1.0000552850030455,5.52850030454147e-05,294.3445794404761,295.66808034684516,115.81452632097455,117.23077355941595,2.5415169304817065,2.5221029544515634,44784.947324945235,300776625674.2781,318423633189.94165,61686194.53281826,23199549.005567312,9365.739673563512,22563.111844707677,1183.856464566321,-0.12155870049419448,-0.004385461200740792,-0.042270799438143936
48,9420.0,157.0,2.6166666666666667,24.478612391158556,24.70649880165327,0.0005335540993824579,66.43694921959522,66.51025022299115,66.43331641319315,1.0000546835021673,5.468350216737166e-05,294.37583721845544,295.8549445617546,115.82818483398532,114.64655623824787,2.5414870969477734,2.580582917352844,43838.67806813087,300779284624.5714,277913300779.55536,61693734.4156605,23202817.658553332,9368.120559672956,22574.929990341585,1184.2337261485172,-0.12143856757564109,-0.004317617309206767,-0.04225198944064834
48,9480.0,158.0,2.6333333333333333,24.44659914519561,24.352200443306423,0.0005335540993824579,66.34028958720413,66.92424962519507,66.3367022675145,1.0000540774498432,5.407744984311244e-05,294.4065280336056,286.60122778149133,115.8416075209191,116.94370244096315,2.5414575499605405,2.4507623907852296,42894.39273659065,300781886699.6481,280840751606.86456,61701137.604876876,23206029.898918077,9370.45937004438,22586.540756995168,1184.6046886035765,-0.1213200505253198,-0.004250746038968245,-0.04223340870750958
48,9540.0,159.0,2.65,24.414585899232662,24.310192136017484,0.0005335540993824579,66.24535784131818,66.44220723424861,66.24181614660871,1.0000534661474503,5.3466147450279044e-05,294.43665188596765,302.40753066662,115.85479417911883,114.24507888887872,2.5414282936858874,2.647007062428998,41951.269422165344,300784432040.583,306247299420.4861,61708404.096693754,23209185.676873893,9372.75607636082,22597.9439697142,1184.9693410646832,-0.1212031598242227,-0.004184852341682088,-0.04221505933277436
48,9600.0,160.0,2.6666666666666665,24.382572653269715,24.391360107260883,0.0005335540993824579,66.15215556273492,66.40425799806268,66.14865969113562,1.0000528487140272,5.284871402718701e-05,294.46620873194917,289.3405228722955,115.86774458589318,116.20250630217966,2.5413993323539694,2.4899680056803404,41008.25375724082,300786920787.45886,329688584347.34326,61715533.87688911,23212284.937861532,9375.010646974828,22609.139438613092,1185.327672106503,-0.12108790626361454,-0.004119941315188669,-0.042196943459241076
48,9660.0,161.0,2.683333333333333,24.35055940730677,24.475636102433892,0.0005335540993824579,66.06068447052667,65.93704138544253,66.05723467928861,1.000052224275733,5.2224275733057324e-05,294.4951984848114,297.4710593054167,115.88045849552998,117.2686502129773,2.541370670328953,2.536663112990258,40064.36699520095,300789353081.87244,310559817819.6301,61722526.920912504,23215327.62183529,9377.223046707732,22620.126957196666,1185.6796696162073,-0.12097430109049156,-0.004056018268343564,-0.04217906330706356
48,9720.0,162.0,2.7,24.31854616134382,24.34686953277679,0.0005335540993824579,65.97094694492257,65.83532613369184,65.96754302820847,1.0000515998710555,5.159987105553484e-05,294.52362103289823,292.77788723901847,115.89293552751772,118.82242122695406,2.5413423147174163,2.4639952983267754,39130.69612001267,300791729160.5665,288855762477.3857,61729383.19831735,23218313.636508107,9379.393229375433,22630.906239551514,1186.0253159722652,-0.12086236145372808,-0.003993091147220795,-0.04216142224492048
48,9780.0,163.0,2.716666666666667,24.28653291538087,24.237405927674388,0.0005335540993824579,65.88294470628762,66.08682034189228,65.8795867954421,1.0000509704296712,5.0970429671170254e-05,294.5514761935818,284.95033679289895,115.90517544894512,112.93235265129876,2.5413142687776555,2.5231949047651576,38199.68141694013,300794049118.86865,298094950073.12933,61736102.66156089,23221242.924945623,9381.521156662478,22641.477079027183,1186.3646002223904,-0.12075209664886444,-0.003931164407410037,-0.042144022084658506
48,9840.0,164.0,2.7333333333333334,24.254519669417924,24.187896975798424,0.0005335540993824579,65.79667991230012,65.84523044925497,65.79336818041327,1.0000503353450119,5.033534501185962e-05,294.57876375151324,290.63303912586156,115.91717793995338,118.6045598273481,2.541286537394043,2.450437314964401,37270.735709091015,300796313107.1687,321993717618.13806,61742685.255304635,23224115.40942499,9383.606782444811,22651.839216443095,1186.6975079696076,-0.12064351954100161,-0.003870244102719411,-0.042126865327889895
48,9900.0,165.0,2.75,24.222506423454977,24.27721463308064,0.0005335540993824579,65.71215485235624,65.96934267352638,65.70888952594468,1.000049693830395,4.969383039507435e-05,294.60548344796865,299.3106941038437,115.92894265906457,115.51866865515623,2.541259125552226,2.5910157863517225,36343.05503781467,300798521276.19434,315248926989.5932,61749130.913823545,23226931.00707178,9385.650057154751,22661.992376796716,1187.0240241889442,-0.12053664338354153,-0.0038103364679820118,-0.0421099545403103
48,9960.0,166.0,2.7666666666666666,24.19049317749203,24.115719690785788,0.0005335540993824579,65.62937194757,66.18731562970943,65.62615331980108,1.0000490448945443,4.90448945442793e-05,294.63163498084907,296.30462444514933,115.94046924318157,118.04262916689753,2.5412320383391607,2.5101493124675462,35415.60115722419,300800673777.01074,311633049415.5773,61755439.56100595,23229689.62985964,9387.6509277796,22671.93626926353,1187.3441332273142,-0.12043148181817287,-0.003751447919086104,-0.042093292351709
48,10020.0,167.0,2.783333333333333,24.158479931529083,24.125735994098186,0.0005335540993824579,65.54833375077328,65.9057443351763,65.54516219627334,1.0000483873163735,4.838731637349139e-05,294.6572180046806,306.53980397192043,115.95175730758797,111.48895559968739,2.5412052809431462,2.7495082568768807,34487.08655616239,300802770761.0216,300164594769.0532,61761611.110352874,23232391.184610367,9389.609337860966,22681.670587197073,1187.6578188034218,-0.1203280488748355,-0.0036935850529591363,-0.04207688145595334
48,10080.0,168.0,2.8,24.126466685566136,24.25457430556445,0.0005335540993824579,65.46904340736414,65.60244805686828,65.46591893779149,1.0000477266587462,4.772665874625887e-05,294.6822321536718,298.63875362056183,115.96280635765845,112.17695087276562,2.5411788607874644,2.662211366034424,33565.86360808707,300804812440.2947,305922746254.4968,61767645.470541835,23235035.551941603,9391.525223605218,22691.19495277174,1187.9650604280614,-0.12022636240081752,-0.0036367562446351087,-0.04206072533118155
48,10140.0,169.0,2.816666666666667,24.09445343960319,24.194391683733215,0.0005335540993824579,65.39150366540879,64.68594307190502,65.38842647657948,1.0000470601449694,4.706014496940105e-05,294.7066769921866,294.0426175041772,115.97361597850434,118.17565658421921,2.5411527829468588,2.4881826427139364,32648.29554242816,300806798957.98083,304163183207.04834,61773542.53347647,23237622.6314867,9393.398522233794,22700.509035889503,1188.2658410919594,-0.12012643669683953,-0.0035809682176655144,-0.04204482669325227
48,10200.0,170.0,2.8333333333333335,24.062440193640242,23.996779173909207,0.0005335540993824579,65.31571754668963,65.21519726532304,65.31268789634044,1.0000463868575429,4.638685754289514e-05,294.7305520483181,278.8262334320095,115.9841857064136,116.37864371338738,2.541127053254988,2.39585395168113,31733.503608751576,300808730476.1559,312362461856.6515,61779302.1823858,23240152.311240003,9395.229166321835,22709.61247357349,1188.5601420545809,-0.12002828750821948,-0.003526228368622597,-0.04202918854393278
48,10260.0,171.0,2.85,24.03042694767729,24.039963446769004,0.0005335540993824579,65.24168826501257,65.28475911323997,65.23870643398195,1.0000457064707995,4.5706470799531344e-05,294.7538568098021,285.30972491838395,115.99451504450161,114.24566665436734,2.541101677926055,2.4973352011813676,30821.482208591784,300810607165.1293,301108845055.6233,61784924.290839314,23242624.47128868,9397.017084486753,22718.504879780943,1188.8479434782894,-0.11993193141729819,-0.003472544484221629,-0.04201381404335791
48,10320.0,172.0,2.8666666666666667,23.998413701714345,23.993671429279782,0.0005335540993824579,65.16941918658978,64.87307830851778,65.16648548137893,1.0000450186194512,4.5018619451075505e-05,294.7765907220342,299.6618187093475,116.004603470301,113.88838116719465,2.5410766633713946,2.631188674720266,29912.203355248388,300812429198.2545,271844815920.01584,61790408.72226751,23245038.9856223,9398.762201721824,22727.18585016206,1189.1292247360252,-0.11983738554881285,-0.00341992460403695,-0.041998706448109324
48,10380.0,173.0,2.8833333333333333,23.966400455751398,24.105810638708505,0.0005335540993824579,65.09891383140307,65.33840373015097,65.0960285871709,1.0000443228918074,4.432289180740231e-05,294.7987531881384,281.43563483575014,116.01445043550048,116.231729715362,2.5410520162058177,2.42133224314009,29005.612531474566,300814196752.1112,299783946602.1081,61795755.32997841,23247395.72207065,9400.464439384203,22735.654961896194,1189.4039644006807,-0.11974466757990854,-0.0033683770252128653,-0.04198386911333696
48,10440.0,174.0,2.9,23.934387209788447,23.770295163757435,0.0005335540993824579,65.0301764571573,64.89313875938515,65.0273394586063,1.000043627781401,4.362778140101593e-05,294.82034365861574,292.65055991504397,116.02405471380922,116.07490887828625,2.541027758302659,2.5212215348100018,28113.16964856277,300815910564.621,293308680828.8939,61800963.976542234,23249694.3854471,9402.123667513224,22743.91170354734,1189.672111750935,-0.11965382909649946,-0.0033179250425856566,-0.04196931194902831
48,10500.0,175.0,2.9166666666666665,23.9023739638255,23.900573506708618,0.0005335540993824579,64.96321063426053,65.24208466718328,64.96042196341762,1.0000429287673729,4.292876737297568e-05,294.8413614120882,290.3173362213281,116.03341599671141,115.83602173564925,2.541003889952223,2.5062785467880166,27229.142547847972,300817570569.19495,282516515899.97253,61806034.48639691,23251934.901376814,9403.739821520328,22751.955646237642,1189.9336564914029,-0.11956487397434756,-0.0032685708826072357,-0.04195503562330671
48,10560.0,176.0,2.933333333333333,23.870360717862553,23.782230501949194,0.0005335540993824579,64.89802018651471,65.37324932652656,64.89528013174404,1.0000422227127321,4.2222712732058244e-05,294.86180569980036,297.22779158439243,116.04253384216828,111.91660997623802,2.540980414137179,2.655796951386389,26349.89211534962,300819176794.4961,331451534329.07556,61810966.67707646,23254117.1634243,9405.312825336514,22759.786330651554,1190.1885828287195,-0.11947781213045161,-0.0032203194552256065,-0.04194104196546089
48,10620.0,177.0,2.95,23.838347471899606,23.779792875203327,0.0005335540993824579,64.83460927633493,64.79154188801968,64.83191815809246,1.000041509156584,4.15091565840246e-05,294.8816757585814,299.72630486247175,116.05140758052853,121.64075830978027,2.5409573387032105,2.464028579131053,25475.323871130488,300820729444.9265,315415415962.95184,61815760.362020016,23256241.010464594,9406.84258453334,22767.403256799276,1190.4368653574875,-0.11939266434028184,-0.0031731804831078847,-0.04192733489872236
48,10680.0,178.0,2.966666666666667,23.80633422593666,23.761596703120045,0.0005335540993824579,64.77298222737797,64.48697717550051,64.77034040334276,1.0000407875582984,4.078755829840113e-05,294.90097078343047,299.36558391663914,116.06003651425804,113.71268291431824,2.540934671748115,2.6326490259860384,24605.29041683511,300822228729.6312,314848807559.0478,61820415.344647706,23258306.274724975,9408.329000935177,22774.805905322635,1190.6784777875673,-0.11930945201905985,-0.0031271639862744394,-0.041913918462625155
48,10740.0,179.0,2.9833333333333334,23.774320979973712,23.647756361913693,0.0005335540993824579,64.71314352591924,64.4873855878863,64.71055139679393,1.0000400572869392,4.005728693933801e-05,294.9196899275872,301.0983953431033,116.06841991766352,114.10057525155459,2.5409124216285273,2.638885866081564,23739.588506854896,300823674862.6907,264356378298.749,61824931.41837621,23260312.781718716,9409.771972606832,22781.99373732969,1190.913392933,-0.11922819723233502,-0.003082280287038941,-0.04190079681522718
48,10800.0,180.0,3.0,23.742307734010765,23.639244554570684,0.0005335540993824579,64.65509782222972,64.45806880622521,64.65255583825709,1.0000393176099487,3.9317609948681504e-05,294.9378323026019,289.9032535767766,116.07655703661607,119.01229099962259,2.5408905969666598,2.4359102000456065,22877.9570256546,300825068063.3135,315089955784.5365,61829308.36663717,23262260.350179404,9411.171393841898,22788.96619422933,1191.1415827009278,-0.11914892270636557,-0.0030385400148524866,-0.04188797423530399
48,10860.0,181.0,3.0166666666666666,23.710294488047815,23.562190183498203,0.0005335540993824579,64.59884993195298,64.30366003931846,64.5963586001954,1.0000385676810826,3.85676810824872e-05,294.95539697840604,287.7345999094719,116.08444708827489,114.89311463653671,2.5408692066570393,2.5043676535336137,22020.07610963764,300826408556.025,281925292897.1188,61833545.96289235,23264148.79199478,9412.5271551505,22795.722697565874,1191.363018080605,-0.11907165183879442,-0.0029959541111939103,-0.041875455124542604
48,10920.0,182.0,3.033333333333333,23.678281242084868,23.641263676679248,0.0005335540993824579,64.54440483748218,63.94356151585593,64.54196472990112,1.000037806527757,3.780652775698913e-05,294.97238298338215,294.94752634512065,116.09208926081075,119.7088968399172,2.54084825987326,2.463873063165425,21165.567854868263,300827696570.8622,287623058650.0073,61837643.97065139,23265977.912140816,9413.839143247475,22802.262648853663,1191.5776691323808,-0.11899640870895212,-0.002954533834428119,-0.04186324400972996
48,10980.0,183.0,3.05,23.64626799612192,23.681010600859636,0.0005335540993824579,64.49176768933695,64.69753765990086,64.48937945173371,1.0000370330374326,3.703303743260938e-05,294.98878930443453,301.0971149450134,116.09948271312969,119.84729230188255,2.5408277660747425,2.5123397380274715,20313.998481195424,300828932343.5625,322394849859.38,61841602.14348787,23267747.508615598,9415.107241040852,22808.585429411647,1191.7855049767477,-0.11892321808832662,-0.002914290764584493,-0.04185134554491743
48,11040.0,184.0,3.066666666666667,23.614254750158974,23.560485500844766,0.0005335540993824579,64.44094380754046,64.64405612323462,64.43860816939454,1.0000362459434224,3.624594342234143e-05,295.00461488705923,299.4326745585992,116.10662657459663,113.12441037590243,2.540807735013501,2.6469324663316334,19464.882747160806,300830116115.7567,306284245715.5208,61845420.22505635,23269457.372373596,9416.331327620064,22814.69040019801,1191.9864937834354,-0.11885210545088754,-0.0028752368082063384,-0.04183976451359239
48,11100.0,185.0,3.0833333333333335,23.582241504196027,23.403200686867116,0.0005335540993824579,64.39193868299638,64.3148251247929,64.38965646825338,1.000035443809894,3.54438098940635e-05,295.0198586354148,293.90726278391094,116.11351994475898,114.33633454110289,2.5407881767409215,2.570549982763825,18617.690743952455,300831248135.1593,289691638469.26,61849097.94910902,23271107.28725955,9417.511278244769,22820.576901644745,1192.180602760529,-0.11878309698329659,-0.0028373842030706697,-0.04182850583081699
48,11160.0,186.0,3.1,23.550228258233076,23.47360692644629,0.0005335540993824579,64.34475797886583,64.0540324250224,64.34253011773258,1.0000346250159757,3.462501597579522e-05,295.0345194123919,296.0206168550829,116.12016189307016,114.02689171988925,2.5407691016145493,2.596059687238227,17771.85744369022,300832328655.76184,288262715972.0825,61852635.039512336,23272697.029942364,9418.646964333384,22826.244253492263,1192.3677981435885,-0.11871621959532064,-0.0028007455229808187,-0.04181757454538104
48,11220.0,187.0,3.1166666666666667,23.51821501227013,23.689565568243655,0.0005335540993824579,64.29940753194437,64.46175207263757,64.29723507372998,1.000033787739269,3.378773926900231e-05,295.0485960396844,296.9289342220509,116.12655145861336,118.3426831412911,2.5407505203048895,2.5090603520248305,16926.795866115343,300833357938.02185,328336262431.966,61856031.21026379,23274226.369849473,9419.73825345216,22831.691754623967,1192.5480451848925,-0.11865150092979349,-0.0027653336824293717,-0.04180697584192039
48,11280.0,188.0,3.1333333333333333,23.486201766307182,23.612866983866283,0.0005335540993824579,64.25589335403897,64.43317225738213,64.25377748110725,1.0000329299383581,3.292993835805421e-05,295.0620872978591,287.69467927716926,116.13268764982497,113.33807665067451,2.5407324438022147,2.5383762260576272,16081.914054899464,300834336249.05676,303907107690.9844,61859286.16550881,23275695.069100514,9420.78500930396,22836.918682900894,1192.721308142609,-0.11858896937295782,-0.0027311619413392663,-0.04179671504303428
48,11340.0,189.0,3.15,23.454188520344236,23.447846756831815,0.0005335540993824579,64.21422163334503,64.2294526511293,64.21216367621902,1.0000320493347084,3.204933470844918e-05,295.0749919264262,289.460056880082,116.13856944421835,112.89804862713939,2.5407148834233872,2.5639066432056925,15236.637003958993,300835263862.83374,329024340326.6653,61862399.59955716,23277102.88244152,9421.787091717604,22841.92429499626,1192.8875502701248,-0.11852865406434177,-0.0026982439096929767,-0.04178679761139126
48,11400.0,190.0,3.1666666666666665,23.42217527438129,23.400234209807287,0.0005335540993824579,64.1743987358233,64.37478022017875,64.17240018950922,1.000031143393549,3.114339354897397e-05,295.0873086239096,294.13161936368317,116.14419578810737,114.52563825749489,2.5406978508186904,2.568260031892329,14390.433977254173,300836141060.3616,316736461089.5163,61865371.196899235,23278449.557179004,9422.744356636831,22846.707826230104,1193.0467338053022,-0.11847058490701912,-0.002666593552214991,-0.041777229151820805
48,11460.0,191.0,3.183333333333333,23.39016202841834,23.35753975625616,0.0005335540993824579,64.13643120657689,64.23053806511477,64.13449374815411,1.0000302093040663,3.020930406625589e-05,295.0990360479174,291.9674299214749,116.14956559632996,119.04738072229507,2.54068135797868,2.4525313211430912,13542.852547571152,300836968129.8834,302020367964.7433,61868200.63222426,23279734.833113864,9423.656656110426,22851.268490403843,1193.198819959889,-0.11841479257721232,-0.002636225192880204,-0.04176801541337838
48,11520.0,192.0,3.2,23.35814878245539,23.26429657034005,0.0005335540993824579,64.10032577122824,63.97436006407895,64.09845127876575,1.0000292439587088,2.9243958708751757e-05,295.1101728152119,299.07186829611356,116.15467775197185,119.03754963603109,2.5406654172410383,2.512416201530987,12693.560310398901,300837745367.0657,294218328470.10187,61870887.57043493,23280958.442475393,9424.52383828086,22855.605479634913,1193.3437689088641,-0.11836130853455984,-0.0026071535196035,-0.0417591622914264
48,11580.0,193.0,3.216666666666667,23.326135536492444,23.21540927189731,0.0005335540993824579,64.06608933729609,63.913925459787265,64.06427991015646,1.0000282439315977,2.8243931597625814e-05,295.12071750177995,296.4808182044041,116.15953110609006,117.02684934627311,2.5406500412974484,2.533442708750887,11842.395628618066,300838473075.1913,282909428074.30176,61873431.66666567,23282120.109855443,9425.345747374653,22859.717964191328,1193.4815397799084,-0.11831016503168001,-0.0025793935887126196,-0.041750675829661965
48,11640.0,194.0,3.2333333333333334,23.294122290529497,23.368935742792488,0.0005335540993824579,64.03372899557249,63.72364826683349,64.03198697615653,1.0000272054561825,2.720545618248028e-05,295.13066864290346,297.4154213003098,116.16412447743656,117.59413901186424,2.540635243200485,2.529168747689909,10989.42909473124,300839151565.3524,294736388848.431,61875832.566298604,23283219.552142322,9426.122223692364,22863.605092326296,1193.6120906428841,-0.11826139512400147,-0.0025529608294352357,-0.04174256222217032
48,11700.0,195.0,3.25,23.26210904456655,23.22629544917215,0.0005335540993824579,64.0032520214997,64.00192344045767,64.00158001849911,1.0000261244019306,2.612440193053832e-05,295.1400247332296,293.38252108818637,116.16845665218186,115.30869660953219,2.5406210363705157,2.5443225854998817,10135.037339577442,300839781156.63806,313347558173.9608,61878089.90498018,23284256.478454754,9426.853103598187,22867.265990112817,1193.7353784993702,-0.11821503267947975,-0.0025278710484375466,-0.0417348278154277
48,11760.0,196.0,3.2666666666666666,23.230095798603603,23.27778655794162,0.0005335540993824579,63.97466587654731,64.09797693750424,63.9730667897641,1.000024996250195,2.4996250194960357e-05,295.1487842268409,301.0045172568967,116.17252638363873,117.99077754228263,2.5406074346026144,2.551085123148969,9279.991416378192,300840362176.3291,307031003616.4993,61880203.30863786,23285230.59007615,9427.53821951017,22870.69976127827,1193.8513592722556,-0.11817111238829625,-0.002504140434243851,-0.04172747911030772
48,11820.0,197.0,3.283333333333333,23.198082552640653,23.176558833523096,0.0005335540993824579,63.94798227622805,64.25977887852528,63.94645525638869,1.0000238796635912,2.3879663591087576e-05,295.1569452608986,295.60952414680384,116.1763312504529,115.37597974599436,2.5405944746576594,2.5621409655424126,8470.618403970604,300840895563.93774,285413488975.5052,61882172.49838537,23286141.266165793,9428.17740045373,22873.904998553855,1193.9599366763086,-0.11812968141992641,-0.002481797109371797,-0.04172053012764909
48,11880.0,198.0,3.3,23.166069306677702,23.225503731263768,0.0005335540993824579,63.923191025211125,63.896005167703635,63.92175360173598,1.0000224872346917,2.248723469167642e-05,295.1645119554303,298.5947911520161,116.17987216669022,118.61842508052074,2.540582171857963,2.517271587017983,7512.5495682445635,300841382451.469,295527083183.5955,61883998.18384719,23286988.78601238,9428.77074240947,22876.88292660394,1194.0611309499054,-0.11809081923729536,-0.002460865052409389,-0.041713989051230804
48,11940.0,199.0,3.316666666666667,23.134056060714748,23.231668387941202,0.0005335540993824579,63.90034977184255,63.61278173819231,63.89897022924163,1.0000215894340077,2.1589434007672384e-05,295.1714668397147,283.824281003868,116.18314094993205,118.61299188381307,2.5405705546118416,2.3928599767712386,6925.479411968887,300841821759.7239,310188548207.27356,61885676.03258711,23287771.212232858,9429.316807620853,22879.626620702267,1194.1547100488715,-0.11805464081403372,-0.0024413993920866517,-0.04170787238423124
48,12000.0,200.0,3.3333333333333335,23.1020428147518,23.026034992514553,0.0005335540993824579,63.879424379037395,64.51263397522365,63.878113765616554,1.0000205174095411,2.0517409541088186e-05,295.177822271047,297.3261118670554,116.1861417340825,111.96102456314149,2.540559638744406,2.655621570338305,6255.472113942943,300842215263.4104,295645808498.9775,61887209.23578346,23288489.4654091,9429.816566096066,22882.14018139958,1194.2407601569084,-0.11802111043036234,-0.002423387938174315,-0.041702182607600946
48,12060.0,201.0,3.35,23.070029568788854,22.901164043888446,0.0005335540993824579,63.86042392649184,63.89996627749986,63.8591930641291,1.0000192746306942,1.927463069417422e-05,295.18357770513416,295.95473652669745,116.18887238834608,116.6161413813067,2.5405494660325276,2.537853962763154,5521.161929761891,300842564312.99805,288791296341.9947,61888597.76675093,23289143.04505658,9430.26989612462,22884.422518041687,1194.319199039328,-0.11799029099787361,-0.0024068622606669976,-0.04169693409845099
48,12120.0,202.0,3.3666666666666667,23.03801632282591,23.00477639820033,0.0005335540993824579,63.843359730872585,63.92030728106367,63.8422172079508,1.0000178960407666,1.7896040766575794e-05,295.18873255978286,292.37297657859204,116.19133021217189,118.73081749513064,2.540540090390149,2.4624860061338563,4760.046246772985,300842870623.7318,315801317583.9394,61889841.484457135,23289731.327728808,9430.676586242393,22886.472271269227,1194.3899229144226,-0.11796228536120168,-0.002391869477731845,-0.0416921470962075
48,12180.0,203.0,3.3833333333333333,23.006003076862964,22.978705746874844,0.0005335540993824579,63.828238212680176,63.534122797474154,63.827195513578864,1.000016336282566,1.6336282566106338e-05,295.1933148686711,296.5989523675394,116.19350268825802,117.61383702360095,2.540532026654378,2.5218032152800394,3966.780699741068,300843149361.12354,297352324598.93304,61890946.99223763,23290251.30715415,9431.037445967027,22888.2886698509,1194.4523152367565,-0.11793779622079725,-0.0023787352534281325,-0.04168797886593012
48,12240.0,204.0,3.4,22.973989830900017,23.036592849990583,0.0005335540993824579,63.81505760971332,63.419881261789264,63.814137534334044,1.000014418049273,1.441804927288757e-05,295.19731874327533,301.86065340006684,116.19539255345009,117.4920258860346,2.54052516417537,2.5692011957719316,3090.1159043067964,300843397276.13403,287192021513.5862,61891912.90645689,23290703.63943678,9431.352310187649,22889.871925462532,1194.506508909457,-0.1179166722646805,-0.0023673896085441015,-0.04168439570771376
48,12300.0,205.0,3.4166666666666665,22.94197658493707,22.871923291876016,0.0005335540993824579,63.80381772184044,63.67956719210981,63.803053063930676,1.0000119846601854,1.198466018540283e-05,295.20073131306094,305.3785509240143,116.19700483940598,115.48084337480311,2.540519282068012,2.6444087348139784,2135.2012903378604,300843607808.94824,325767282857.08765,61892736.181538224,23291089.535520807,9431.6207582918,22891.22206214396,1194.552758531514,-0.11789861814363789,-0.0023576956167765672,-0.04168133094045334
48,12360.0,206.0,3.433333333333333,22.909963338974123,23.002822633905918,0.0005335540993824579,63.79451854906152,63.78966803942516,63.793952140126436,1.0000088787246453,8.878724645272272e-06,295.20355257802805,285.4589332323263,116.19833954612565,111.73749384095377,2.5405143802493426,2.554728260136621,1171.9517741956938,300843780959.567,300671337544.3889,61893416.81722027,23291408.995268375,9431.842788458103,22892.33907989518,1194.5910636933531,-0.11788363425196735,-0.002349653492306203,-0.041678784654663126
48,12420.0,207.0,3.45,22.877950093011176,22.749500924765805,0.0005335540993824579,63.78716009137657,63.925963665333846,63.786845048454346,1.000004938995211,4.938995211084524e-06,295.2057825381765,295.3743567251317,116.19939667360913,114.43050639946908,2.5405104586504517,2.58125534893641,362.6624108659696,300843916727.98975,329683821079.0607,61893954.81328666,23291662.018565565,9432.018399179826,22893.222978716196,1194.6214240557565,-0.11787172091661091,-0.0023432634126656637,-0.041676756925419056
48,12480.0,208.0,3.466666666666667,22.84593684704823,22.812151337639555,0.0005335540993824579,63.78174234878559,63.336357186849426,63.78174232603223,1.0000000003567378,3.5673785367914736e-10,295.2074211935064,294.5513832440774,116.20017622185641,112.68334966603787,2.540507517216484,2.6139743282130485,1.8920650765493233e-06,300844015114.2168,300582551542.68146,61894350.169567406,23291848.60532272,9432.147589265252,22893.873758607002,1194.643839349861,-0.11786287839695575,-0.0023385255187111653,-0.041675247812337446
48,12540.0,209.0,3.4833333333333334,22.813923601085282,22.786603965960058,0.0005335540993824579,63.77826532128858,63.8414795863469,63.778654765455286,0.9999938938165419,0.0,295.20846854401765,279.8473886751284,116.2006781908675,117.10678560416552,2.540505555906633,2.3896769707354526,0.0,300844076118.24805,327189114423.2413,61894602.885938585,23291968.755474165,9432.230357837587,22894.291419567606,1194.6583093771824,-0.11785710688487683,-0.002335439914613602,-0.041674257359568756
48,12600.0,210.0,3.5,22.781910355122335,22.69747045881022,0.0005335540993824579,63.77672900888553,63.47507985036456,63.777593418779226,0.9999864464955894,0.0,295.2089245897103,306.8178710835485,116.2009025806424,119.20721665544909,2.540504574694142,2.573819603307746,0.0,300844099740.0836,315435051324.9297,61894712.96232182,23292022.46897845,9432.266704334848,22894.475961598004,1194.6648340095799,-0.11785440650478662,-0.002334006667885191,-0.04167378559581536
48,12660.0,211.0,3.5166666666666666,22.749897109159388,22.723137341204616,0.0005335540993824579,63.77555792761018,63.89313844914928,63.77856960158268,0.999952779217356,0.0,295.20927298568245,292.6560310936683,116.20107332942914,121.65152083518134,2.5405038398291424,2.405691511988339,0.0,300844118126.5189,296651869006.38165,61894797.05090994,23292063.341666162,9432.294435768054,22894.61663202147,1194.6697925796143,-0.11785236522453246,-0.0023329221172261327,-0.041673429877547186
48,12720.0,212.0,3.533333333333333,22.71788386319644,22.582859830773184,0.0005335540993824579,63.774881211152035,64.04742474895613,63.781594897126354,0.9998947394466202,0.0,295.20947408940594,309.9247004097166,116.20117208225054,117.31718760173219,2.5405034114496554,2.6417672188140706,0.0,300844128642.6587,301415703836.8319,61894845.590361476,23292086.980579942,9432.310453245242,22894.69791928371,1194.6726621941452,-0.11785118075958678,-0.002332293124412743,-0.04167322321064848
48,12780.0,213.0,3.55,22.685870617233494,22.576275402014737,0.0005335540993824579,63.77499965447443,63.61661763675342,63.78668116059717,0.9998168660618456,0.0,295.2094355038829,290.95149778880153,116.20115610612199,116.50781679428562,2.540503428677419,2.497270190055367,0.0,300844125122.969,299946245432.3637,61894836.295846164,23292083.158331856,9432.307536592256,22894.683691857597,1194.6722259771504,-0.11785131237877522,-0.0023323680114373246,-0.04167324218674828
48,12840.0,214.0,3.566666666666667,22.653857371270547,22.70524951730029,0.0005335540993824579,63.77480284681083,63.73607767029507,63.79384052345098,0.9997015750034182,0.0,295.209493129415,305.2837143702096,116.20118515867766,113.78704182958272,2.5405032894139064,2.682939194670592,0.0,300844127754.55225,291816091004.9967,61894850.20939815,23292090.11329107,9432.312166148826,22894.707332417787,1194.6730773268537,-0.11785094866328194,-0.0023321761346721814,-0.04167317771125312
48,12900.0,215.0,3.5833333333333335,22.6218441253076,22.6463110500103,0.0005335540993824579,63.77481583996612,63.74677798179459,63.80308539784685,0.9995569249088119,0.0,295.20948813733725,296.3992761264839,116.20118369937286,119.51566209315433,2.5405032783580026,2.4800036324566466,0.0,300844126992.0443,321971026141.7844,61894849.01072371,23292089.76464863,9432.31182082479,22894.70577167841,1194.6730442786993,-0.1178509461336148,-0.0023321764581787363,-0.04167317593806885
48,12960.0,216.0,3.6,22.589830879344653,22.601045439227146,0.0005335540993824579,63.774976983788335,63.34378955973101,63.81442848118096,0.9993817777839339,0.0,295.209439093059,304.1796685364164,116.20116063034747,114.05242662378438,2.540503360651986,2.6670161919464417,0.0,300844123914.68396,323010782678.0553,61894837.17951894,23292084.243203893,9432.307968011984,22894.68641506313,1194.6723834931981,-0.11785120234619839,-0.0023323142204638714,-0.04167321928065082
48,13020.0,217.0,3.6166666666666667,22.557817633381703,22.524196011197922,0.0005335540993824579,63.77502925216963,63.59972567775064,63.82788276071834,0.9991719369926957,0.0,295.209423047279,294.8191447975967,116.20115320095435,115.69538803116868,2.540503384994414,2.5482359307025413,0.0,300844122848.1793,299461816977.75684,61894833.30945516,23292082.46510364,9432.306713713406,22894.68013657889,1194.672171849592,-0.11785128237030662,-0.002332357472095481,-0.04167323263932321
48,13080.0,218.0,3.6333333333333333,22.525804387418756,22.70615720907454,0.0005335540993824579,63.77508152055092,64.16238338899895,63.84346151833419,0.9989289428211278,0.0,295.2094070014991,305.45160740019975,116.20114577156123,117.1840628812655,2.5405034093368455,2.60659683484172,0.0,300844121781.6747,288447315490.2808,61894829.439391494,23292080.68700333,9432.305459414973,22894.673858094655,1194.6719602059948,-0.11785136239437222,-0.0023324007237128797,-0.04167324599799471
48,13140.0,219.0,3.65,22.49379114145581,22.554377603757935,0.0005335540993824579,63.77511265871717,63.248854851062944,63.86117833534817,0.9986523005231903,0.0,295.2093974424472,304.4604623417835,116.2011413456029,111.6714176321569,2.5405034238385134,2.7263956059434054,0.0,300844121146.3191,320561832221.40607,61894827.13385433,23292079.627724692,9432.304712183934,22894.67011777438,1194.671834122264,-0.11785141006763311,-0.0023324264902733205,-0.041673253956235
48,13200.0,220.0,3.6666666666666665,22.46177789549286,22.53008112869793,0.0005335540993824579,63.775120818759824,64.3210251428913,63.8810470974764,0.99834181993675,0.0,295.20939493740985,299.62186707113875,116.20114018573986,115.9536556058501,2.540503427638809,2.583979483058421,0.0,300844120979.8185,294286768462.42413,61894826.5296672,23292079.350131005,9432.304516365228,22894.669137589077,1194.6718010808581,-0.11785142256082537,-0.0023324332426319927,-0.04167325604176586
48,13260.0,221.0,3.683333333333333,22.429764649529915,22.28126429361082,0.0005335540993824579,63.77512897880247,63.85298976745503,63.9030819998897,0.9979977018778617,0.0,295.20939243237245,297.3461175137026,116.2011390258768,116.18787049540163,2.5405034314391046,2.559183813644908,0.0,300844120813.31775,297913535473.46796,61894825.92547995,23292079.072537273,9432.304320546478,22894.66815740378,1194.6717680394577,-0.11785143505405316,-0.002332439994995994,-0.04167325812729761
48,13320.0,222.0,3.7,22.397751403566968,22.488883435555405,0.0005335540993824579,63.77513713884512,63.68074102566855,63.92729755238163,0.9976197896772997,0.0,295.2093899273351,296.04961035874516,116.20113786601372,112.70762780874075,2.540503435239401,2.626704297788315,0.0,300844120646.81714,314694919959.5961,61894825.32129294,23292078.7949436,9432.304124727787,22894.667177218475,1194.6717349980627,-0.11785144754723476,-0.0023324467473511135,-0.041673260212824914
48,13380.0,223.0,3.716666666666667,22.36573815760402,22.445068238181452,0.0005335540993824579,63.775145298887765,64.10139048988805,63.953708584655686,0.9972079291456326,0.0,295.20938742229777,284.1356107895833,116.20113670615066,118.39601591029117,2.540503439039697,2.399874764408232,0.0,300844120480.3164,325180988893.5538,61894824.717105806,23292078.517349884,9432.303928909067,22894.66619703317,1194.6717019566622,-0.11785146004044478,-0.002332453499711562,-0.041673262298354
48,13440.0,224.0,3.7333333333333334,22.333724911641074,22.387869632611544,0.0005335540993824579,63.77515345893042,63.76069224615076,63.982330251728825,0.996761968625036,0.0,295.2093849172603,284.6182859109038,116.20113554628762,115.7210245580321,2.5405034428399924,2.4595209643012854,0.0,300844120313.81555,291251344843.13727,61894824.112918556,23292078.23975618,9432.303733090288,22894.665216847865,1194.6716689152618,-0.11785147253366546,-0.002332460252079116,-0.041673264383884856
48,13500.0,225.0,3.75,22.301711665678127,22.077955105424156,0.0005335540993824579,63.775161618973065,63.797373964207424,64.01317803945477,0.996281759041318,0.0,295.20938241222296,285.332967544856,116.20113438642456,117.14262266095291,2.540503446640289,2.4357741107666517,0.0,300844120147.3148,305735551568.28436,61894823.508731425,23292077.96216245,9432.303537271597,22894.664236662564,1194.6716358738631,-0.11785148502685772,-0.0023324670044342355,-0.04167326646941483
48,13560.0,226.0,3.7666666666666666,22.269698419715176,22.297444607016317,0.0005335540993824579,63.77516977901571,63.59568786119168,64.04626777017252,0.9957671539561114,0.0,295.20937990718556,290.96395768877176,116.2011332265615,113.92320347738003,2.540503450440585,2.5540359541113498,0.0,300844119980.8142,294467968604.0454,61894822.904544175,23292077.684568733,9432.303341452862,22894.663256477263,1194.6716028324608,-0.11785149752007129,-0.002332473756794684,-0.0416732685549448
48,13620.0,227.0,3.783333333333333,22.23768517375223,22.16236459964195,0.0005335540993824579,63.77517793905836,63.35599492808576,64.08161560848104,0.9952180096192499,0.0,295.2093774021482,299.9496062424004,116.20113206669843,121.36705751550284,2.5405034542408815,2.4714252152326126,0.0,300844119814.31323,284379348420.881,61894822.300357044,23292077.40697503,9432.303145634127,22894.662276291958,1194.671569791064,-0.11785151001327421,-0.002332480509156909,-0.04167327064047388
48,13680.0,228.0,3.8,22.205671927789282,22.184735637005478,0.0005335540993824579,63.77518609910101,63.90377343943902,64.11923806714397,0.9946341850213087,0.0,295.2093748971108,295.76007506993545,116.20113090683536,118.2560057059016,2.5405034580411776,2.5010152617997266,0.0,300844119647.8126,311141434288.60767,61894821.69616985,23292077.12938133,9432.302949815406,22894.661296106653,1194.6715367496636,-0.11785152250648068,-0.0023324872615173575,-0.04167327272600474
48,13740.0,229.0,3.816666666666667,22.173658681826335,22.160511690933387,0.0005335540993824579,63.77519425914366,63.59768262906212,64.15915201312434,0.994015541946344,0.0,295.2093723920735,296.0640398394931,116.2011297469723,113.35759519548009,2.540503461841474,2.6117706478242058,0.0,300844119481.3119,306990553863.18335,61894821.09198266,23292076.85178761,9432.302753996672,22894.660315921352,1194.6715037082668,-0.11785153499968715,-0.0023324940138742534,-0.04167327481153471
48,13800.0,230.0,3.8333333333333335,22.14164543586339,22.173431906032846,0.0005335540993824579,63.77520241918631,64.0211156795984,64.20137467376087,0.9933619450246953,0.0,295.209369887036,298.5071806792983,116.20112858710924,116.04860166275704,2.5405034656417707,2.57226003934778,0.0,300844119314.8115,286102220085.07623,61894820.48779559,23292076.574193954,9432.302558177966,22894.659335736047,1194.6714706668736,-0.11785154749289362,-0.002332500766234702,-0.04167327689706113
48,13860.0,231.0,3.85,22.10963218990044,22.0393193493099,0.0005335540993824579,63.775210579228954,63.53125706347267,64.24592364307632,0.9926732617860324,0.0,295.2093673819987,293.9361251292375,116.20112742724619,116.94861568767809,2.5405034694420667,2.51337840470229,0.0,300844119148.31055,296862968387.3321,61894819.8836084,23292076.296600223,9432.302362359274,22894.658355550746,1194.6714376254768,-0.11785155998609298,-0.002332507518593374,-0.0416732789825911
48,13920.0,232.0,3.8666666666666667,22.077618943937495,22.361847082230085,0.0005335540993824579,63.77521873927161,63.64741928838309,64.29281688823846,0.9919493627123757,0.0,295.20936487696133,285.46583269055355,116.20112626738315,116.5508059300541,2.5405034732423637,2.4492823572740527,0.0,300844118981.80994,292799548578.6458,61894819.27942133,23292076.019006535,9432.302166540598,22894.65737536544,1194.6714045840818,-0.11785157247926747,-0.002332514270944941,-0.041673281068118406
48,13980.0,233.0,3.8833333333333333,22.045605697974548,22.047155615941897,0.0005335540993824579,63.775220252565425,63.80612538347384,64.34207275615493,0.991190017988109,0.0,295.20936441239786,295.9854035398969,116.20112605228455,114.13171704358832,2.5405034739471355,2.593366780128756,0.0,300844118950.9319,302313164649.0791,61894819.167373836,23292075.967526272,9432.302130225682,22894.657193588406,1194.6713984564976,-0.1178515747961697,-0.002332515523184142,-0.041673281454882805
48,14040.0,234.0,3.9,22.013592452011597,21.953191121466553,0.0005335540993824579,63.77522152649613,63.12248596541497,64.3937099802328,0.9903952039115851,0.0,295.20936402131605,294.51241439259115,116.20112587120886,116.24729543130702,2.540503474540431,2.5334990659341816,0.0,300844118924.93823,298018285425.99945,61894819.07304919,23292075.924188882,9432.302099654815,22894.657040563696,1194.6713932981347,-0.11785157674659175,-0.0023325165773524503,-0.041673281780473026
48,14100.0,235.0,3.9166666666666665,21.98157920604865,21.877746740290203,0.0005335540993824579,63.775222800426846,63.95287468013957,64.44774768727366,0.9895648038763096,0.0,295.2093636302343,293.6782256757362,116.20112569013322,120.90828954227942,2.540503475133726,2.4289337545631415,0.0,300844118898.94446,283190792816.1897,61894818.97872466,23292075.880851477,9432.302069083962,22894.65688753899,1194.6713881397736,-0.11785157869699603,-0.002332517631517206,-0.04167328210606236
48,14160.0,236.0,3.933333333333333,21.949565960085703,21.91916078070051,0.0005335540993824579,63.77522407435755,64.37457158816107,64.50420540454616,0.9886987007185546,0.0,295.20936323915254,294.50341166906566,116.20112550905755,115.12239278668638,2.540503475727021,2.5581766026593935,0.0,300844118872.9507,281773126958.53955,61894818.88440001,23292075.837514043,9432.302038513124,22894.65673451428,1194.6713829814107,-0.11785158064741807,-0.0023325186856837377,-0.04167328243165169
48,14220.0,237.0,3.95,21.917552714122756,21.754374620141444,0.0005335540993824579,63.77522534828826,63.97639938586114,64.56310306700313,0.9877967804940042,0.0,295.2093628480707,299.8698544616786,116.20112532798187,115.50760563065077,2.5405034763203163,2.5961048436978937,0.0,300844118846.9569,297195509138.285,61894818.79007536,23292075.794176638,9432.302007942213,22894.65658148957,1194.6713778230478,-0.11785158259785788,-0.002332519739852046,-0.041673282757241914
48,14280.0,238.0,3.966666666666667,21.88553946815981,21.81919724129804,0.0005335540993824579,63.77522662221897,63.94091043313203,64.62446102467398,0.9868589325312785,0.0,295.20936245698897,291.8223304843477,116.20112514690621,116.47649235665781,2.540503476913612,2.5054182571945134,0.0,300844118820.963,297573426774.76105,61894818.69575083,23292075.750839204,9432.301977371404,22894.656428464856,1194.671372664685,-0.11785158454824085,-0.002332520794015025,-0.04167328308282947
48,14340.0,239.0,3.9833333333333334,21.853526222196862,21.638165278897908,0.0005335540993824579,63.77522789614968,64.18668025465492,64.68830005022105,0.9858850494855717,0.0,295.20936206590716,297.603494302786,116.20112496583054,111.45657050848519,2.540503477506907,2.6701296562873282,0.0,300844118794.96924,306418126195.86194,61894818.601426244,23292075.707501784,9432.301946800551,22894.656275440146,1194.6713675063256,-0.11785158649867,-0.0023325218481797805,-0.041673283408418804
48,14400.0,240.0,4.0,21.821512976233915,21.842391346744648,0.0005335540993824579,63.77522917008039,63.271687591864044,64.75464134667563,0.9848750273922177,0.0,295.2093616748254,294.0449188687167,116.20112478475487,121.48275716375849,2.5405034781002027,2.4204662927788574,0.0,300844118768.97546,336293315231.3634,61894818.507101715,23292075.664164364,9432.301916229728,22894.656122415436,1194.6713623479664,-0.11785158844907073,-0.0023325229023409833,-0.04167328373400636
48,14460.0,241.0,4.016666666666667,21.789499730270965,21.81676783374337,0.0005335540993824579,63.7752304440111,64.04779165674529,64.82350655534353,0.9838287657203879,0.0,295.2093612837436,288.8958552017346,116.20112460367919,116.84433402118428,2.540503478693498,2.4724849315274184,0.0,300844118742.9817,292459911143.3362,61894818.412777066,23292075.62082696,9432.301885658817,22894.655969390726,1194.6713571896016,-0.11785159039949633,-0.002332523956512844,-0.04167328405959658
48,14520.0,242.0,4.033333333333333,21.757486484308018,21.7707016576633,0.0005335540993824579,63.77523171794181,63.888668860599715,64.89491776390247,0.982746167426635,0.0,295.2093608926618,299.79261885521464,116.20112442260354,116.23721249370445,2.540503479286792,2.5791449435476763,0.0,300844118716.9879,286922808234.1172,61894818.31845242,23292075.57748957,9432.301855087935,22894.65581636602,1194.6713520312442,-0.11785159234993259,-0.0023325250106829287,-0.04167328438518503
48,14580.0,243.0,4.05,21.72547323834507,21.657042564870128,0.0005335540993824579,63.775232991872514,64.02238514072717,64.96889751467845,0.9816271390085348,0.0,295.20936050158,309.6718097320004,116.20112424152786,121.33139940287718,2.5405034798800883,2.55228087087123,0.0,300844118690.994,318017041918.5205,61894818.22412795,23292075.534152135,9432.301824517155,22894.65566334131,1194.6713468728813,-0.11785159430032266,-0.0023325260648388024,-0.04167328471077347
48,14640.0,244.0,4.066666666666666,21.693459992382124,21.716014008943688,0.0005335540993824579,63.77523426580323,63.64363745483196,65.04546881312146,0.9804715905581729,0.0,295.2093601104982,294.6199692752609,116.2011240604522,115.62477247576841,2.5405034804733835,2.5480696131705227,0.0,300844118665.00024,273420790028.22687,61894818.12980336,23292075.49081473,9432.301793946259,22894.6555103166,1194.6713417145183,-0.11785159625075181,-0.0023325271190071106,-0.041673285036362806
48,14700.0,245.0,4.083333333333333,21.661446746419177,21.638035046620026,0.0005335540993824579,63.775235539733934,64.22275541006282,65.12465513647214,0.9792794358156611,0.0,295.20935971941645,296.9932440227318,116.20112387937654,110.73317322296127,2.540503481066679,2.682062072083276,0.0,300844118639.0065,303775171364.29004,61894818.03547877,23292075.44747728,9432.30176337545,22894.65535729189,1194.6713365561554,-0.11785159820114544,-0.0023325281731700898,-0.04167328536195214
48,14760.0,246.0,4.1,21.629433500456226,21.561740890278426,0.0005335540993824579,63.77523632835956,63.908746189767655,65.20648044263224,0.9780505847799611,0.0,295.2093594773176,307.11405644625086,116.2011237672818,116.3499151390399,2.5405034814339573,2.639572672478918,0.0,300844118622.91516,286943287697.62415,61894817.97708726,23292075.420649365,9432.301744450539,22894.655262562082,1194.6713333628832,-0.11785159940856715,-0.002332528825755631,-0.04167328556350647
48,14820.0,247.0,4.116666666666666,21.59742025449328,21.71068430216262,0.0005335540993824579,63.77523652724326,63.893840732786884,65.2909691792424,0.9767849570767128,0.0,295.20935941626266,285.9486155085254,116.20112373901263,118.58530355068886,2.540503481526581,2.411332660512166,0.0,300844118618.8572,300754878181.89233,61894817.962361455,23292075.413883597,9432.301739677889,22894.65523867215,1194.6713325575693,-0.11785159971305603,-0.0023325289903279867,-0.04167328561433692
48,14880.0,248.0,4.133333333333334,21.565407008530332,21.75902759959877,0.0005335540993824579,63.775236726126955,64.05503202630115,65.37814629297303,0.9754824867676256,0.0,295.2093593552077,304.7522579065963,116.20112371074343,116.62969119479469,2.5405034816192056,2.6129903524960865,0.0,300844118614.79895,260218994472.79596,61894817.94763571,23292075.40711783,9432.30173490521,22894.655214782215,1194.6713317522554,-0.11785160001756267,-0.002332529154903895,-0.04167328566516737
48,14940.0,249.0,4.15,21.533393762567385,21.665574903803634,0.0005335540993824579,63.77523692501065,63.45264365563594,65.46803723902865,0.9741431027199203,0.0,295.20935929415276,294.1195047263446,116.20112368247422,117.4184541005087,2.54050348171183,2.5048831291423923,0.0,300844118610.74097,300329466885.8659,61894817.932910025,23292075.40035209,9432.301730132604,22894.65519089228,1194.671330946936,-0.1178516003220409,-0.002332529319472698,-0.04167328571599782
48,15000.0,250.0,4.166666666666667,21.50138051660444,21.659869282030584,0.0005335540993824579,63.77523712389435,63.77374010850113,65.5606679908835,0.9727667377147923,0.0,295.20935923309776,292.44606910312217,116.20112365420502,118.34982969667209,2.540503481804454,2.471030755622165,0.0,300844118606.68274,293314570123.18,61894817.91818416,23292075.393586323,9432.301725359895,22894.655167002347,1194.6713301416257,-0.11785160062655109,-0.0023325294840521593,-0.041673285766827384
48,15060.0,251.0,4.183333333333334,21.46936727064149,21.480127464136928,0.0005335540993824579,63.77523732277805,63.42317629989546,65.65606505023628,0.971353328500282,0.0,295.2093591720428,286.19799968527053,116.20112362593582,114.27616984275429,2.5405034818970784,2.504441652875514,0.0,300844118602.62476,305744402258.9379,61894817.90345836,23292075.38682054,9432.301720587231,22894.655143112413,1194.6713293363136,-0.11785160093104707,-0.002332529648624515,-0.041673285817656947
48,15120.0,252.0,4.2,21.43735402467854,21.2205627643296,0.0005335540993824579,63.775237521661744,63.35310220857404,65.75425545720734,0.9699028158438577,0.0,295.20935911098786,296.1217678800891,116.20112359766662,115.67148341136894,2.5405034819897025,2.5600239501293056,0.0,300844118598.5665,336188627040.25525,61894817.88873255,23292075.380054787,9432.301715814596,22894.65511922248,1194.671328530998,-0.11785160123552885,-0.0023325298131950944,-0.041673285868488286
48,15180.0,253.0,4.216666666666667,21.405340778715594,21.139053462007656,0.0005335540993824579,63.77523772054544,63.854752788866726,65.85526680077416,0.9684151445848479,0.0,295.2093590499329,285.49035698753187,116.20112356939742,117.96414310952869,2.5405034820823267,2.420145219233751,0.0,300844118594.50854,319645077998.08105,61894817.87400687,23292075.373289034,9432.301711041931,22894.655095332546,1194.6713277256858,-0.11785160154001417,-0.002332529977771003,-0.04167328591931785
48,15240.0,254.0,4.233333333333333,21.373327532752647,21.39456722671061,0.0005335540993824579,63.77523791942914,63.39235209589298,65.95912722945423,0.9668902636866629,0.0,295.2093589888779,294.25805689170386,116.20112354112824,118.14601074346966,2.5405034821749504,2.490630492218871,0.0,300844118590.4503,316531601121.66144,61894817.85928106,23292075.36652331,9432.301706269223,22894.655071442612,1194.6713269203774,-0.11785160184452792,-0.0023325301423469114,-0.04167328597014741
48,15300.0,255.0,4.25,21.3413142867897,21.25092106409209,0.0005335540993824579,63.775238118312835,63.59902481891941,66.06586546224224,0.9653281262887786,0.0,295.20935892782296,290.87068631531713,116.20112351285903,111.90951801623736,2.540503482267575,2.5991594948439833,0.0,300844118586.39233,323409583859.97,61894817.84455526,23292075.359757528,9432.301701496588,22894.655047552682,1194.6713261150544,-0.11785160214902746,-0.002332530306924596,-0.04167328602097964
