batch_id,time_s,time_min,time_hr,T_celsius,T_meas_celsius,cooling_rate_degC_s,c_kg_m3,c_meas_kg_m3,cs_kg_m3,S_supersat_ratio,sigma_rel_supersat,mean_L1_um,mean_L1_meas_um,mean_L2_um,mean_L2_meas_um,aspect_ratio,aspect_ratio_meas,nucleation_rate_m3_s,mu00,mu00_meas,mu10,mu01,mu20,mu11,mu02,mu30,mu21,mu12
53,0.0,0.0,0.0,29.24568176171432,29.249336066647334,0.00045578185446862915,240.0,239.64034310629518,101.56185387717802,2.363091956653722,1.363091956653722,106.49734561936532,108.49288202102997,93.67501874443042,95.91252088447577,1.1368809640691666,1.1311649513592383,2164869465682.0466,237476131090.6844,228126362834.8829,25290577.60911432,22245581.031274676,2707.5040497313075,2369.7891190679957,2088.740766429078,0.29130295870045353,0.2537736171113538,0.22252751715151814
53,60.0,1.0,0.016666666666666666,29.218334850446208,29.099957872351467,0.00045578185446862915,101.2359471586856,100.89040975112515,101.22317496188074,1.0001261785832114,0.00012617858321150514,270.4805650232599,280.3996100406749,125.4444705234602,127.42226716303472,2.1561776608772525,2.200554238152961,149027.9063268013,334760853023.31665,312583646095.4591,71612547.78378457,31691661.13115585,13698.160654504718,19038.143814721374,2526.1785758079386,2.006427935105293,0.9035847139912789,0.357998037901913
53,120.0,2.0,0.03333333333333333,29.190987939178093,29.303581494562472,0.00045578185446862915,100.89910453873532,100.88281820361529,100.88642531431142,1.000125678200852,0.00012567820085199037,270.62052747402436,268.2450046393551,125.49385891652979,126.44550286030386,2.1564443854899964,2.121427797520884,148162.480065441,334769757508.38806,341442337058.1568,71653078.45556852,31705657.91847694,13713.701234724256,19078.60539069138,2528.439779036813,2.0100686204417535,0.9050893048668627,0.3585612492634711
53,180.0,3.0,0.05,29.163641027909975,29.125945355814785,0.00045578185446862915,100.56417933893766,99.9950871594407,100.55159676555112,1.000125135490547,0.0001251354905469698,270.75960987650836,272.59360117301514,125.54294857483687,128.64410051461743,2.1567090222921363,2.118974753467542,147195.37594385285,334778608256.77014,319199797955.2195,71693355.35358703,31719570.31265858,13729.15245592963,19118.83664592233,2530.6882398901544,2.01369042380151,0.9065860423041823,0.3591215238831307
53,240.0,4.0,0.06666666666666667,29.13629411664186,29.208977427432846,0.00045578185446862915,100.23116287307133,100.85226173095505,100.21868119973362,1.0001245443782365,0.00012454437823650278,270.89781435833595,270.6400298164944,125.59173996480573,125.6110477160189,2.156971584550457,2.1545877909430113,146113.09519014548,334787405945.08887,313547091204.45294,71733379.08499688,31733398.438067794,13744.514355576874,19158.83862380417,2532.92395152073,2.0172933026389224,0.9080749079845178,0.35967885332208915
53,300.0,5.0,0.08333333333333333,29.10894720537374,28.987432192841077,0.00045578185446862915,99.90005696629588,99.95627193836637,99.88767055389795,1.0001240034163301,0.0001240034163300137,271.03514044754235,276.0799157355894,125.64023280576671,125.59717635824647,2.1572320776144105,2.1981379179107834,145147.25123178342,334796150548.79016,293254001966.6429,71773149.49746123,31747142.20951593,13759.786722641868,19198.611105098516,2535.146883414236,2.0208771699598707,0.9095558678254188,0.3602332251484701
53,360.0,6.0,0.1,29.081600294105627,29.13964127451945,0.00045578185446862915,99.57085784135923,99.50494876141313,99.55855681783166,1.0001235556633277,0.00012355566332764286,271.1715898638858,274.78765750179514,125.68842771099986,126.32973158826285,2.15749050889077,2.1751622048671035,144397.7499930477,334804842165.1206,327937823053.2665,71812667.07208836,31760801.79498358,13774.969591500587,19238.15454352935,2537.3570467784994,2.0244419968286387,0.9110289129433431,0.3607846369451244
53,420.0,7.0,0.11666666666666667,29.05425338283751,29.169154193999827,0.00045578185446862915,99.24353903841843,99.41412522763734,99.23133203392052,1.0001230156266947,0.0001230156266947714,271.30717611064904,269.3292267229392,125.73632904010812,125.37534324925004,2.157746915166466,2.1481833647905106,143430.77802581948,334813481566.3059,325864423338.52356,71851935.69812116,31774378.426029995,13790.06431308874,19277.47211745617,2539.5546252937165,2.027988065194954,0.9124941592827627,0.361333131394892
53,480.0,8.0,0.13333333333333333,29.02690647156939,28.89608512458438,0.00045578185446862915,98.91811117000393,99.27365384972515,98.90598829700168,1.0001225696564078,0.00012256965640783564,271.4418937719269,284.27182291556704,125.78393504453922,124.77325680867933,2.1580012874920094,2.2783073086843784,142681.44066639323,334822068442.6212,336491448074.9785,71890953.79360908,31787871.600608975,13805.070129880412,19316.562552100553,2541.739521751824,2.0315151602472383,0.9139515223571646,0.36187867831594067
53,540.0,9.0,0.15,28.99955956030127,29.152333318215707,0.00045578185446862915,98.59454453888299,98.46282143223688,98.58251775421478,1.0001219971344026,0.00012199713440260648,271.57575990134035,274.9568028878042,125.83125125564106,127.95953139628229,2.1582536706211566,2.148779382727505,141636.03935619665,334830603511.4215,330328954702.34454,71929726.26795095,31801282.88411206,13819.988811030933,19355.429414697664,2543.911979212382,2.035023669838985,0.9154011617238069,0.3624213369973699
53,600.0,10.0,0.16666666666666666,28.972212649033157,29.15088626281255,0.00045578185446862915,98.27285110024299,98.37476712088348,98.26091260485654,1.0001214979086797,0.00012149790867966521,271.7087676336291,271.06926097517265,125.87827544666408,127.14915705002208,2.1585040521845644,2.1318997881246715,140759.68816593703,334839086483.92114,324842741783.6744,71968251.12320173,31814611.63844095,13834.81943373537,19394.071269188957,2546.071876824961,2.038513338398598,0.9168429760182413,0.36296107080032636
53,660.0,11.0,0.18333333333333332,28.94486573776504,28.908300089837656,0.00045578185446862915,97.95302219540045,97.19428749728894,97.94116510023764,1.0001210634481494,0.00012106344814945757,271.84092199774227,266.0256180953799,125.92500927672293,123.64876793087225,2.158752447660067,2.151461939710597,140031.65333656728,334847517539.2699,311862670283.67145,72006529.7964398,31827858.329361737,13849.562418959198,19432.489155656527,2548.2192769430494,2.041984232931469,0.9182769949855079,0.3634978914775897
53,720.0,12.0,0.2,28.91751882649692,28.9002557824175,0.00045578185446862915,97.63503204221132,97.39668835137566,97.62326754354224,1.00012050916718,0.00012050916718018419,271.9722379540526,278.85573177316996,125.97145767467846,121.71767908223558,2.1589988952610315,2.2910043460881955,139025.07267960635,334855897218.2322,351407223046.99176,72044566.5931525,31841024.351669222,13864.21931527731,19470.68617105462,2550.35439701207,2.045436692720493,0.9197033592798984,0.3640318518806245
53,780.0,13.0,0.21666666666666667,28.890171915228805,28.986267302210557,0.00045578185446862915,97.31889494065024,97.5478460475465,97.30721228968774,1.0001200594558985,0.00012005945589848766,272.1027072048425,274.46067274528986,126.01761790675546,128.75693700885623,2.1592433798120205,2.1316185296207517,138258.518363882,334864225220.87463,309066215442.5359,72082359.10212758,31854108.92322801,13878.789038147886,19508.660597668564,2552.477091759645,2.048870422882157,0.9211219510402806,0.3645629089906839
53,840.0,14.0,0.23333333333333334,28.862825003960687,28.818877569015406,0.00045578185446862915,97.00459473741068,97.39282393833761,96.9929917451886,1.0001196271195816,0.00011962711958161619,272.2323392908015,279.19666507983726,126.06349312071494,122.50973158767903,2.15948592690605,2.278975404333646,137530.20699680812,334872501869.812,384641565547.4083,72119910.06375569,31867112.933079675,13893.27252764676,19546.414375835477,2554.587495122845,2.0522856174501207,0.9225328517529015,0.36509109377386073
53,900.0,15.0,0.25,28.83547809269257,28.82872584836371,0.00045578185446862915,96.69211711934743,96.96812487719937,96.68059836801902,1.000119142325584,0.00011914232558391093,272.361142665758,280.15474137166035,126.10908610572935,122.53020241855182,2.159726559570906,2.286413764458478,136679.73376126104,334880727450.90686,308345969680.82666,72157221.90482748,31880037.16846463,13907.670603409882,19583.949224852087,2556.685724314146,2.0556824420336604,0.9239361312593442,0.3656164328566729
53,960.0,16.0,0.26666666666666666,28.808131181424454,28.84712769595232,0.00045578185446862915,96.38145964366419,96.56936402192045,96.37002466748174,1.0001186569809637,0.00011865698096372224,272.48911877251004,271.35325729850035,126.15439733782135,124.24856019389698,2.159965284783753,2.183954943824203,135826.74871309596,334888902012.94727,327527571645.6893,72194295.02764776,31892881.759376824,13921.98329043587,19621.26543814737,2558.7717867629635,2.0590608704802094,0.9253317811556148,0.36613892379382085
53,1020.0,17.0,0.2833333333333333,28.780784270156335,28.897754035297897,0.00045578185446862915,96.0726254297671,95.94860381341432,96.06126320407365,1.0001182810356064,0.00011828103560649838,272.61626261216264,265.5040247916845,126.19942529271661,128.9185060911805,2.1602020926785968,2.0594717767199446,135222.60016741554,334897025763.8063,287364326944.7513,72231127.98770484,31905646.267225444,13936.209859280352,19658.36264101789,2560.8455883507595,2.0624206857110643,0.9267197153754836,0.3666585349868483
53,1080.0,18.0,0.3,28.753437358888217,28.79521035384186,0.00045578185446862915,95.76559797976256,95.6416647741276,95.75430658936033,1.0001179204445672,0.00011792044456713302,272.7425865244218,264.79552360074587,126.24417393886162,123.06505289640064,2.160437016733203,2.1516711476462587,134651.51954043962,334905098810.82263,339663505038.1127,72267724.32351053,31918331.814715266,13950.351595567408,19695.24281519261,2562.907308288921,2.065762174218481,0.9281000527988112,0.3671753115012768
53,1140.0,19.0,0.31666666666666665,28.726090447620102,28.59482848145835,0.00045578185446862915,95.46036955486545,95.53166191698845,95.44914748584318,1.000117571181282,0.00011757118128196495,272.86809510732246,267.96779440594327,126.2886447922074,123.96700943932403,2.160670070981391,2.161605701532235,134104.2447531335,334913121306.22375,322601697657.10345,72304085.34893039,31930938.82753122,13964.408888336045,19731.906890255326,2564.957004082322,2.0690853991206133,0.9294728213446231,0.3676892643609304
53,1200.0,20.0,0.3333333333333333,28.698743536351984,28.689494831788423,0.00045578185446862915,95.15693259807777,94.53824146812048,95.14577860684113,1.0001172305424366,0.00011723054243667345,272.9927927982279,269.1749727594876,126.33283931780579,125.37397868027988,2.1609012690000657,2.146976394885889,133574.57505787045,334921093403.1681,326234509148.46643,72340212.33182555,31943467.716952622,13978.38210983367,19768.355773953543,2566.99473090394,2.072390419737385,0.9308380473562572,0.3682004039905644
53,1260.0,21.0,0.35,28.671396625083865,28.642490439045734,0.00045578185446862915,94.85527955240158,94.94440914409371,94.84419271635866,1.0001168952544737,0.00011689525447358858,273.11668403450193,267.89755338036935,126.37675898070862,122.1834463513828,2.1611306243119683,2.192584686226093,133055.03982394247,334929015254.8152,365043529325.7624,72376106.5402273,31955918.894320115,13992.271634157281,19804.59037403477,2569.0205441242197,2.075677296243285,0.9321957574954034,0.36870874092448425
53,1320.0,22.0,0.36666666666666664,28.644049713815747,28.41490566626632,0.00045578185446862915,94.55540286083887,94.57115117275751,94.54438262897177,1.0001165614662728,0.00011656146627283487,273.2397732535079,275.0460680544193,126.42040524596764,129.65286222940514,2.161358150386275,2.121403749403992,132536.8861604448,334936887014.3231,347834189920.22125,72411769.24233437,31968292.771035,14006.077837236815,19840.61159824651,2571.0344993094786,2.078946089660519,0.9335459787395681,0.3692142858056968
53,1380.0,23.0,0.38333333333333336,28.61670280254763,28.535767786251238,0.00045578185446862915,94.25729496639165,93.95434814838572,94.24634120970458,1.0001162247419526,0.0001162247419525805,273.36206489260945,276.93195952394905,126.46377957863471,127.8144666132869,2.1615838606391953,2.166671479855479,132010.06889627542,334944708834.8518,332617095892.9443,72447201.70651263,31980589.75855939,14019.801096819574,19876.42035433626,2573.0366522202294,2.0821968618526974,0.9348887383796853,0.369717049385061
53,1440.0,24.0,0.4,28.589355891279514,28.498192668921284,0.00045578185446862915,93.96094831206197,93.89954165491083,93.95006137390956,1.0001158800536498,0.00011588005364979478,273.48356338917,274.78974820896974,126.50688344376167,130.26031056329947,2.161807768434565,2.109543167989276,131463.24414904806,334952480869.5593,375648824524.7337,72482405.20129293,31992810.268414855,14033.44179245388,19912.01755005154,2575.027058809468,2.085429675518103,0.9362240640176136,0.37021704252042165
53,1500.0,25.0,0.4166666666666667,28.562008980011395,28.52637082158882,0.00045578185446862915,93.66635534085185,94.04261019494226,93.65553608716318,1.0001155217741597,0.00011552177415969263,273.60427318055315,270.4173319351412,126.54971830640028,126.40457371633781,2.1620298870844312,2.139300216635988,130883.76804431307,334960203271.60486,352964339940.42596,72517380.99537063,32004954.71218273,14047.000305473346,19947.40409313984,2577.0057752210832,2.0886445941833287,0.9375519835637167,0.3707142761757827
53,1560.0,26.0,0.43333333333333335,28.534662068743277,28.476722432201452,0.00045578185446862915,93.37350849576328,93.58515558716306,93.3627583651366,1.0001151436698628,0.00011514366986279846,273.7241987041225,275.9530223195797,126.59228563160235,126.36341693820447,2.162250229849632,2.183804688144268,130257.70369899986,334967876194.1476,336782663498.92114,72552130.35760388,32017023.501503214,14060.477018981284,19982.58089134868,2578.9728577881724,2.09184168219673,0.9388725252344443,0.3712087614204522
53,1620.0,27.0,0.45,28.50731515747516,28.396578742354894,0.00045578185446862915,93.0824002197983,93.39707147328168,93.07172127349831,1.000114738893338,0.00011473889333806339,273.8433443972414,272.4116817279764,126.63458688441976,126.6954634320935,2.1624688099403686,2.1501297232634076,129569.83756145874,334975499790.34607,294161703668.5164,72586654.55701217,32029017.04807517,14073.87231783464,20017.548852425556,2580.928363031484,2.0950210047218896,0.9401857175498716,0.37170050942821486
53,1680.0,28.0,0.4666666666666667,28.47996824620704,28.518798892948396,0.00045578185446862915,92.79302295595893,92.32456102234221,92.78241792779663,1.000114299976215,0.00011429997621484203,273.96171469727364,276.42893457748204,126.67662352990425,124.4513819954949,2.162685640516777,2.2211801118246215,128803.70915223974,334983074213.3594,315328811769.0483,72620954.8627756,32040935.763655365,14087.186588628763,20052.308884117974,2582.872347657696,2.0981826277312763,0.9414915893313083,0.3721895314764776
53,1740.0,29.0,0.48333333333333334,28.45262133493892,28.359109148459353,0.00045578185446862915,92.5053691472472,91.88511558687989,92.49484149335618,1.0001138188219045,0.00011381882190450264,274.0793140415825,274.8825896866079,126.71839703310768,122.71592489777663,2.1629007346894853,2.239991182200577,127941.65652779254,334990599616.3463,338159408723.6039,72655032.54423285,32052780.0600584,14100.420219681633,20086.861894173435,2584.8048685578815,2.1013266179997174,0.9427901696988918,0.37267583894545053
53,1800.0,30.0,0.5,28.425274423670807,28.607286767437973,0.00045578185446862915,92.2194312366651,92.34611564683483,92.20898518517335,1.0001132866983709,0.00011328669837084898,274.19614686753175,272.44474518590306,126.75990885908185,125.61996838462427,2.163114105520175,2.168801255798198,126964.88132667934,334998076152.46594,358235115850.5398,72688888.87088075,32064550.349155948,14113.573601018768,20121.20879033945,2586.725982805883,2.104453043098111,0.944081488069191,0.37315944331731465
53,1860.0,31.0,0.5166666666666667,28.39792751240269,28.38199665009321,0.00045578185446862915,91.93520166721467,91.65739597446944,91.9248422678101,1.00011269423095,0.00011269423094992341,274.31221761248474,274.866630603235,126.80116047287856,124.47210711417922,2.1633257660221274,2.2082588378703814,125853.53729631059,335005503974.87695,319798695272.8199,72722525.11237231,32076247.042876408,14126.647124357543,20155.35048036353,2588.63574765673,2.1075619713868576,0.9453655741527953,0.3736403561753936
53,1920.0,32.0,0.5333333333333333,28.37058060113457,28.421816460430126,0.00045578185446862915,91.65267288189794,91.61653969625989,91.64240605529847,1.0001120313950866,0.00011203139508669563,274.4275307138051,264.78089013671837,126.84215333954967,126.0461083800988,2.1635357291607726,2.10066691895205,124586.84627045963,335012883236.73865,325143708644.07275,72755942.53851593,32087870.55320461,14139.641183092215,20189.287871993165,2590.5342205450415,2.110653472009698,0.9466424579519632,0.3741185892033281
53,1980.0,33.0,0.55,28.34323368986645,28.110122134281816,0.00045578185446862915,91.37183732371692,91.47467198525537,91.36166991103813,1.0001112875091784,0.00011128750917844522,274.54209060885637,276.9428739064447,126.88288892414693,125.91274027688634,2.163744007854227,2.199482540825003,123143.24669848089,335020214091.20935,345910825759.66785,72789142.41927391,32099421.29218094,14152.556172278826,20223.02187297587,2592.4214590834345,2.11372761488726,0.9479121697582329,0.37459415418425923
53,2040.0,34.0,0.5666666666666667,28.315886778598333,28.38806537368692,0.00045578185446862915,91.09268743567362,91.78058217602879,91.082627247699,1.0001104512274033,0.00011045122740335597,274.65590173500203,280.5024203755379,126.92336869172217,126.77156615475984,2.1639506149738277,2.2126603692274887,121500.57955008112,335027496691.4486,313343049934.18274,72822126.02476114,32110899.67190151,14165.392488619924,20256.55339105915,2594.297521061035,2.1167844707107406,0.9491747401500756,0.3750670630000177
53,2100.0,35.0,0.5833333333333334,28.288539867330215,28.258548934747253,0.00045578185446862915,90.81523490260304,90.98548703840031,90.80527152713175,1.0001097224346531,0.0001097224346530359,274.76895940822146,276.232549929158,126.96359128367658,128.93065544773566,2.164155539632628,2.1424893014767443,120099.74227705126,335034730417.8032,350023421372.9574,72854891.98575732,32122305.30468683,14178.149519448372,20289.88102265922,2596.1623385032326,2.119823876034186,0.9504301073071346,0.3755372952112821
53,2160.0,36.0,0.6,28.261192956062096,28.093824221335737,0.00045578185446862915,90.53948892845507,90.66085410233234,90.52959626027163,1.0001092755142196,0.00010927551421966587,274.88125981148175,265.58128535010724,127.0035545623475,123.76045531859123,2.16435879104895,2.145930092665163,119317.82186752287,335041915953.01953,329484895700.7521,72887439.19057903,32133637.574786335,14190.826649069255,20323.003662196516,2598.0157794670686,2.1228456317356255,0.9516781817808511,0.37600481226602955
53,2220.0,37.0,0.6166666666666667,28.23384604479398,28.211046706116722,0.00045578185446862915,90.26541876804372,90.51574966739378,90.2555950070511,1.000108843789594,0.00010884378959387297,274.99281614725055,280.2803403326211,127.04326442392502,129.113877607385,2.164560375508293,2.1707994951937666,118568.64425563328,335049052692.38257,350570648974.33093,72919771.44898096,32144898.160443917,14203.425376941967,20355.925002786465,2599.858138137408,2.125850109842652,0.9529191336768843,0.3764696872859363
53,2280.0,38.0,0.6333333333333333,28.206499133525863,28.149052091063577,0.00045578185446862915,89.99299680862882,89.97594118998805,89.98326137630754,1.000108191592218,0.00010819159221808008,275.1036517652218,271.70223209844215,127.08272487863442,126.90187683513487,2.1647604112041914,2.1410418732531853,117340.29178829736,335056144558.3081,336795493865.13226,72951895.49582186,32156088.182861134,14215.9480142518,20388.648361274743,2601.689527988314,2.12883776173922,0.9541531062536421,0.37693194983104883
53,2340.0,39.0,0.65,28.179152222257745,28.465821992895187,0.00045578185446862915,89.72223678687605,90.02088043569816,89.71258902570682,1.000107540772973,0.00010754077297300017,275.21375079210844,277.57002794770796,127.12193430963463,126.59869085685689,2.1649588034253964,2.1925189436717942,116117.76719181835,335063188063.5636,322887445743.118,72983806.73226294,32167207.191345334,14228.392880906671,20421.17208761141,2603.509923010497,2.1318082358079984,0.9553799990267411,0.37739158642013404
53,2400.0,40.0,0.6666666666666666,28.151805310989626,28.14129093743753,0.00045578185446862915,89.4531387027854,88.85933449706664,89.44357166164995,1.0001069617520602,0.00010696175206006983,275.32311322791065,273.54507044559625,127.1608927169256,126.53142695979932,2.165155554867099,2.1618745399315307,115052.55671012873,335070183208.1498,304576333432.64825,73015505.14708593,32178255.18176289,14240.75987170214,20453.496181796476,2605.3193116408947,2.1347614817014495,0.9565997932007502,0.37784859059893927
53,2460.0,41.0,0.6833333333333333,28.124458399721508,28.07682788031007,0.00045578185446862915,89.18570255635689,88.48037639405342,89.17620303919934,1.000106525248147,0.00010652524814691613,275.4317390726283,278.5173402215197,127.19960010050738,124.14925023291495,2.1653506682017443,2.2434073480024774,114294.65969684471,335077129992.06604,313021860556.62494,73046990.72914857,32189232.15000777,14253.048882141658,20485.620643829927,2607.1176823907936,2.137697449377473,0.9578124700936108,0.3783029559517903
53,2520.0,42.0,0.7,28.097111488453393,28.1665086931123,0.00045578185446862915,88.91992834759048,89.42786580571459,88.91047696199519,1.0001063022707586,0.00010630227075868946,275.5396283262615,263.5781490465512,127.23805646037994,123.70921667532672,2.1655441460791294,2.130626610774755,113994.05214364834,335084028415.31274,316549796992.39215,73078263.46738583,32200138.09200163,14265.259808437106,20517.54547371178,2608.905023845784,2.140616089100181,0.9590180111369122,0.3787546761016545
53,2580.0,43.0,0.7166666666666667,28.069764577185275,28.060715681650304,0.00045578185446862915,88.6557822179738,88.33331416365866,88.64638728218326,1.0001059821621454,0.0001059821621453376,275.64680152225077,262.654048092412,127.2762677343717,122.85626599495473,2.16573605141794,2.137897045505178,113483.76948544617,335090880059.91016,330967204536.62836,73109329.28949523,32210974.688941225,14277.39484063402,20549.2747385306,2610.6815916823307,2.1435178894057536,0.9602166067633515,0.3792038162862763
53,2640.0,44.0,0.7333333333333333,28.042417665917156,28.185911702238943,0.00045578185446862915,88.3932241251032,88.03204429109714,88.38392790033603,1.0001051800365521,0.0001051800365520296,275.7532829442477,273.66302846941306,127.31424094479134,128.06507786277788,2.165926458013645,2.1369059624720164,111944.01268715494,335097686796.8174,341501304341.169,73140195.2083565,32221743.930004925,14289.456592201015,20580.813248184728,2612.4476907762037,2.146403439266116,0.961408486332596,0.37965045506559036
53,2700.0,45.0,0.75,28.015070754649038,28.10343518702515,0.00045578185446862915,88.1322994301665,87.81501723969751,88.12309276538824,1.0001044750528987,0.00010447505289870697,275.8590450830325,281.13000294367475,127.35196813656538,122.18692464647336,2.166115287572283,2.3008190422753954,110616.60226264891,335104446506.5581,356405851333.7686,73170853.25733805,32232443.55357176,14301.441892863222,20612.15555388283,2614.2029525322832,2.149271970850158,0.9625933523698809,0.38009449047872623
53,2760.0,46.0,0.7666666666666667,27.987723843380923,27.97784813144638,0.00045578185446862915,87.87300813316371,87.69455722171753,87.86387587455775,1.000103936441627,0.00010393644162701212,275.96408793860536,269.6220489082642,127.38944930969386,128.8162238494751,2.166302542589024,2.093075242007747,109644.4241431532,335111159189.1322,320789435939.795,73201303.42595306,32243073.55576788,14313.35064392782,20643.301655624906,2615.947366041186,2.1521234367434126,0.9637711871484775,0.38053591642659423
53,2820.0,47.0,0.7833333333333333,27.960376932112805,27.860670683324418,0.00045578185446862915,87.6153502340948,88.0681709647576,87.60627127328343,1.0001036336860298,0.00010363368602982907,276.06841151096614,272.4988544063151,127.42668446417677,123.87977138001864,2.166488225537852,2.1997042081260103,109170.02019388786,335117824844.54004,316299024488.37427,73231545.70378697,32253633.932745695,14325.182747377221,20674.25155341096,2617.6809204649635,2.1549577898257013,0.9649419730510846,0.3809747268474042
53,2880.0,48.0,0.8,27.933030020844686,27.94489185431101,0.00045578185446862915,87.3593257329598,87.38184777930282,87.35027305516324,1.000103636514002,0.00010363651400200877,276.1720158001148,269.07670020321757,127.46367360001415,125.11107197116586,2.166672338871647,2.1507025394621446,109338.38157236399,335124443472.781,329598657253.51825,73261580.08049804,32264124.68068397,14336.93810586894,20705.005247240988,2619.403605037094,2.157774983271743,0.9661056925700127,0.381410915716736
53,2940.0,49.0,0.8166666666666667,27.905506753153375,27.9711236169767,0.00045578185446862915,87.103316379248,87.2989488033079,87.0942399680078,1.000104213679843,0.0001042136798430681,276.27557081800154,272.2108185099161,127.50064727721873,127.32825107671488,2.1668562216575133,2.13786662589051,110723.82077883554,335131062911.32324,337501657476.3845,73291600.77182221,32274611.192017972,14348.69225643966,20735.757121560728,2621.1260337101285,2.160592959835668,0.9672696663853522,0.3818471776133756
53,3000.0,50.0,0.8333333333333334,27.877741027662896,28.03852436240476,0.0004693997495290498,86.84671562524491,86.7322449232829,86.83758813664159,1.0001051098815523,0.00010510988155225761,276.3793276964591,276.3521684296915,127.53769191359041,121.92904782559742,2.167040374885506,2.2664998485428587,112803.8123022304,335137701090.4595,331106745407.5277,73321680.577876,32285117.978708416,14360.473551887568,20766.58003495449,2622.852189248324,2.1634184646893253,0.9684366458377731,0.3822845250468654
53,3060.0,51.0,0.85,27.84981779271382,27.78667289765654,0.0004693997495290498,86.59030295883657,86.66966780219386,86.58113218766688,1.0001059211278251,0.0001059211278251107,276.48296370041345,281.1576838650485,127.57469645170285,130.66392930250285,2.1672241548705875,2.151762046081856,114721.68865534877,335144334967.5735,315962820901.47205,73351725.94299892,32295613.54041542,14372.24555808543,20797.380355243782,2624.5769536619173,2.1662428319870735,0.9696030960095143,0.38272165708198935
53,3120.0,52.0,0.8666666666666667,27.821806600600976,27.88277371458505,0.0004693997495290498,86.33469392569033,86.54904598524138,86.32552663099004,1.0001061944833476,0.00010619448334763554,276.58622841732875,286.1928694571472,127.61157279860794,124.5774310713473,2.167407096014931,2.297309127310872,115484.83013582989,335150948230.4015,300544961535.97266,73381664.26284173,32306072.88931878,14383.979819003034,20828.084143009095,2626.2962263863556,2.1690592344330746,0.970766211542994,0.38315752929261127
53,3180.0,53.0,0.8833333333333333,27.793768895922696,27.584740648692915,0.0004693997495290498,86.08043231744352,85.71270387142135,86.07133623840981,1.0001056806996527,0.00010568069965261565,276.68890062520626,281.0014123300303,127.64824313033427,127.80160786183274,2.1675887880626385,2.198731432501405,114537.78023685183,335157526468.1964,327743763149.6631,73411431.39180338,32316473.948658735,14395.651150508369,20858.626077933637,2628.006379719771,2.1718616184405732,0.971923505760282,0.3835912161048318
53,3240.0,54.0,0.9,27.765652436515115,27.725206513163823,0.0004693997495290498,85.82705578504358,85.70753291941507,85.81809064348003,1.0001044668029355,0.00010446680293546272,276.7911684140689,274.78691635013075,127.6847736153129,123.4413562085527,2.167769582675393,2.2260523117218636,112084.934957912,335164081933.43665,347672451201.2746,73441081.85721931,32326835.484596893,14407.280851178111,20889.06169744114,2629.710485229607,2.1746550761468093,0.973077072275224,0.38402349729364893
53,3300.0,55.0,0.9166666666666666,27.737482923508246,27.736095982994776,0.0004693997495290498,85.57482747395669,84.94705946876496,85.5660269498461,1.0001028506806298,0.00010285068062984459,276.8929249737969,268.4717838503473,127.72112741879694,129.0090790227576,2.167949270177254,2.081030156048072,108801.38527696101,335170606705.50354,339953393700.9095,73470584.68201527,32337147.04825723,14418.856802310482,20919.359392466587,2631.40684182887,2.17743671247365,0.9742257314698364,0.38445393945288986
53,3360.0,56.0,0.9333333333333333,27.709322102671482,27.74934078976272,0.0004693997495290498,85.32437957892546,85.31105963722338,85.31569556401861,1.0001017868382769,0.000101786838276805,276.99391369804556,281.7170698321439,127.75721604702044,130.61454751113078,2.1681273455121257,2.1568582918234003,106715.48381997926,335177081755.4795,340626447908.808,73499865.44987574,32347383.538439497,14430.349940393091,20949.44322370157,2633.091368525358,2.180199596554651,0.9753666586005956,0.3848815045796181
53,3420.0,57.0,0.95,27.68116205892323,27.657709861958587,0.0004693997495290498,85.07563106001756,85.017233814374,85.06701932077803,1.000101234759467,0.00010123475946715308,277.09416748073096,274.6191184417715,127.79305084384359,134.6355624541256,2.1683038760795026,2.0397219979330687,105711.5601027659,335183509522.6481,353818424913.3502,73528933.68874466,32357548.168608785,14441.76388314359,20979.32292567249,2634.764576382404,2.18294456464157,0.9765001961840465,0.3853063189666681
53,3480.0,58.0,0.9666666666666667,27.65299923622813,27.71135002251822,0.0004693997495290498,84.82853015247004,84.93534907567778,84.81996107560599,1.000101026654049,0.00010102665404916577,277.1937076500698,279.83744952267784,127.82863972560251,126.32616296137813,2.1684788967878794,2.2151978890408706,105426.33799687584,335189890858.7567,348306973256.4585,73557795.57169977,32367643.18110408,14453.101007554018,21009.00471636889,2636.426834942982,2.185672180211089,0.9776265823152706,0.3857284747396994
53,3540.0,59.0,0.9833333333333333,27.62478443692537,27.537403709813606,0.0004693997495290498,84.58252482832623,85.01673992863685,84.5740881511941,1.0000997548695654,9.975486956527289e-05,277.2927592702557,268.8475314732031,127.86406207343298,127.22063517825859,2.1686528237387384,2.1132383995450126,102933.28182022438,335196240157.5028,338610027972.61743,73586516.34977642,32377691.09000893,14464.38687310271,21038.554905455232,2638.081840328985,2.1883885748540557,0.9787483395543717,0.3861489126717754
53,3600.0,60.0,1.0,27.59657123820163,27.637168627714907,0.0004693997495290498,84.33818954171521,84.44017051156534,84.32986599431162,1.000098702248669,9.870224866897219e-05,277.39108863711573,273.6656138557774,127.89923634554538,129.56431968609348,2.1688252139964947,2.112198902589929,100913.00493829841,335202541319.10815,322047022123.00494,73615028.24637255,32387668.762998655,14475.59486687174,21067.90448943253,2639.725801372573,2.191087356540887,0.9798628518738308,0.3865666645108985
53,3660.0,61.0,1.0166666666666666,27.56836937392133,27.544708906952767,0.0004693997495290498,84.09561819419598,83.45417397097934,84.08737195441576,1.000098067517019,9.80675170189723e-05,277.488657755153,275.7726403191661,127.93414964920049,129.8068738369234,2.168995991422429,2.12448410602369,99757.05832896997,335208791252.1837,297539610179.0255,73643320.23229122,32397572.539711997,14486.720618304404,21097.04218883424,2641.358119381486,2.1937674688361675,0.9809696927613345,0.38698157550292667
53,3720.0,62.0,1.0333333333333334,27.540188577948886,27.69807376773203,0.0004693997495290498,83.85490468732755,83.95081563012884,83.84668119916138,1.000098077682367,9.807768236685435e-05,277.5854286288706,282.14924696911356,127.96878909165899,123.75334185122858,2.1691650800106195,2.279932345651743,99914.49066816265,335214986865.3413,334490536167.5401,73671381.27765799,32407398.759537756,14497.7597512613,21125.956724193813,2642.9781950541055,2.196427852577905,0.9820684346936197,0.38739349055110406
53,3780.0,63.0,1.05,27.512038584148726,27.54958656870588,0.0004693997495290498,83.61614292266889,83.89384024638946,83.6078667370249,1.0000989881211777,9.89881211777621e-05,277.6813632627718,284.33887800318394,128.00314178018164,125.52250442728688,2.169332403884515,2.2652422312677545,101916.25107177036,335221125067.192,328813560315.24854,73699200.35193679,32417143.761620477,14508.707884146665,21154.636816044705,2644.5854284926572,2.199067445936251,0.9831586491580317,0.3878022542232715
53,3840.0,64.0,1.0666666666666667,27.483847525896216,27.42734679735056,0.0004693997495290498,83.37853155588932,83.20049479616115,83.37031415313328,1.0000985650928573,9.856509285729629e-05,277.7767935861853,275.2053956250783,128.03732032007827,124.78292987851,2.1694986500168536,2.205473103516813,101183.36183614873,335227231587.5161,333762376771.2114,73726873.6925197,32426839.48839952,14519.602426275793,21183.17872196417,2646.1849771411235,2.2016951153036537,0.9842439313168398,0.38820917705159275
53,3900.0,65.0,1.0833333333333333,27.455661533726012,27.31440817531099,0.0004693997495290498,83.14256379950538,83.50655353543014,83.13440969629261,1.0000980833717659,9.808337176583305e-05,277.87151660421245,284.0854263887934,128.07125584209336,132.90567987265345,2.169663401652098,2.137496506251623,100330.81356878251,335233290479.67615,342435302331.57715,73754342.42652068,32436466.399771616,14530.420381034266,21211.523197205486,2647.77367587395,2.2043053827122634,0.9853220624881907,0.388613451274864
53,3960.0,66.0,1.1,27.42748509085321,27.271368991912045,0.0004693997495290498,82.90827594975688,82.83188663474456,82.90018413951121,1.0000976090744509,9.760907445098015e-05,277.9655181244677,278.2470068872259,128.1049435287608,126.29956971185594,2.169826631726056,2.2030716931342513,99494.6603469457,335239300506.8052,325397666384.9165,73781602.42685163,32446023.12624763,14541.160066756187,21239.665881859957,2649.3512964383735,2.2068978304026814,0.9863928750112798,0.3890150164535746
53,4020.0,67.0,1.1166666666666667,27.39932098657639,27.410896412733155,0.0004693997495290498,82.67568571878164,82.80946547221788,82.66765336557839,1.0000971644032004,9.71644032004491e-05,278.05879163370804,281.43962123182877,128.1383811677855,132.65351359772944,2.16998832902076,2.121614524929146,98719.88872199134,335245261030.32446,323551517641.1573,73808651.79307613,32455509.037382767,14551.820668742024,21267.604648343473,2650.9177300350366,2.2094722464270653,0.9874562846465391,0.3894138425448652
53,4080.0,68.0,1.1333333333333333,27.371172010194133,27.52923101426531,0.0004693997495290498,82.44481081871747,82.20078120953188,82.43683269501896,1.0000967786296209,9.677862962084777e-05,278.15133061869057,283.38364939790443,128.17156654687227,128.78069058318636,2.1701484823232677,2.2005135095532955,98065.25565667637,335251171411.6553,327998552548.80615,73835488.62469745,32464923.502709508,14562.40137195681,21295.337369071898,2652.472867827315,2.212028418659532,0.9885122070892276,0.38980989948456246
53,4140.0,69.0,1.15,27.343017835262117,27.315827291422845,0.0004693997495290498,82.21547282106283,82.32840790159169,82.2075492873948,1.0000963845016269,9.63845016268969e-05,278.2432087432937,281.2198510469256,128.20452500471268,127.9285533397485,2.170307239413474,2.1982571029320646,97393.97476446266,335257036956.5033,314018738978.6409,73862134.27417037,32474273.70838271,14572.910462992673,21322.885476898282,2654.017873731118,2.21456831072911,0.9895614435068403,0.39020348206200817
53,4200.0,70.0,1.1666666666666667,27.314858138810635,27.263026996884086,0.0004693997495290498,81.9876630298798,81.75316926666326,81.9797961408208,1.0000959613152183,9.596131521831304e-05,278.3344302891995,285.4255091650845,128.23725803843425,126.460475058697,2.1704646102599865,2.2570333460522223,96664.50961190835,335262857826.6184,358715065821.1706,73888589.9727473,32483560.076725706,14583.348361484794,21350.25001637973,2655.552811297566,2.2170920079439647,0.9906040304930848,0.3905946045282458
53,4260.0,71.0,1.1833333333333333,27.286700864719887,27.310038221723445,0.0004693997495290498,81.76144289472523,81.71587494696705,81.75363254351247,1.0000955352192897,9.553521928963e-05,278.42497086446133,272.61631161457944,128.26975729214482,126.97513910402564,2.170620547993443,2.147005418054599,95929.91870595809,335268632057.9064,332547744773.30774,73914848.63560778,32492780.23455742,14593.7122309732,21377.423606188084,2657.0772887839266,2.219598816949361,0.9916396877675808,0.3909831648888904
53,4320.0,72.0,1.2,27.25854578043244,27.28478935355166,0.0004693997495290498,81.53680448682324,82.06998369450201,81.52905107456067,1.0000950999939333,9.509999393324e-05,278.51483443716563,282.1594623095756,128.30202415521225,128.76655691159255,2.17077506197591,2.191248015610903,95177.84921170329,335274359788.8677,320836657703.35333,73940911.40291509,32501934.573575974,14604.002454636437,21404.407198728863,2658.591364668462,2.22208881410171,0.9926684482983106,0.3913691760707252
53,4380.0,73.0,1.2166666666666666,27.230392653390854,27.173457301141934,0.0004693997495290498,81.31373987739788,81.4276781530346,81.30604442038842,1.0000946480309592,9.464803095908167e-05,278.60402497539883,274.1158945489888,128.33406001700436,130.22623893353548,2.1709281615378146,2.1049206119581734,94393.34907362873,335280041158.0039,361744863448.9489,73966779.41495171,32511023.485523254,14614.21941688125,21431.201746407587,2660.0950975659925,2.224562076347187,0.9936903452745867,0.3917526510773284
53,4440.0,74.0,1.2333333333333334,27.202239944956574,27.433537983254862,0.0004693997495290498,81.09223340660499,81.06286231276297,81.08459513661748,1.000094201247162,9.420124716217895e-05,278.69254984656106,287.089753948317,128.36586710425536,130.21466164245874,2.1710798682971877,2.2047421567365686,93620.37723811442,335285676918.01025,310202104404.39825,73992454.79881269,32520047.599805593,14624.36385926541,21457.809130286616,2661.5885770300174,2.2270187557716525,0.9947054384848073,0.3921336102998798
53,4500.0,75.0,1.25,27.174085371887568,27.161998576609534,0.0004693997495290498,80.87226500707929,80.88229104606036,80.86468037662885,1.000093794106588,9.379410658785202e-05,278.7804183560184,280.3531778520123,128.3974481210865,130.486939136443,2.171230210845871,2.1485152438043045,92927.15351946237,335291268171.73926,318236255578.5048,74017940.24434707,32529007.681382686,14634.436727998313,21484.231760860268,2663.0719103446445,2.2294590477671115,0.995713803044378,0.3925120783909586
53,4560.0,76.0,1.2666666666666666,27.14592990716277,27.170979826644274,0.0004693997495290498,80.6538338859598,81.204852527605,80.64630301416362,1.0000933814882358,9.338148823579535e-05,278.86763133422966,281.2740703888931,128.42880368396118,127.26382055430435,2.171379187027777,2.2101652234216207,92223.8355096285,335296814490.7782,314432087101.2582,74043235.98159713,32537903.90284744,14644.438083232446,21510.469733367117,2664.5451281391106,2.2318829624830947,0.9967154485348058,0.3928880618539865
53,4620.0,77.0,1.2833333333333334,27.117772996282035,27.027771179997227,0.0004693997495290498,80.43693020879954,80.31906125512299,80.42945403966918,1.0000929531254392,9.29531254392085e-05,278.9541935871956,283.8976971316629,128.45993538865415,127.39676517129631,2.171526809064809,2.228452949727076,91490.35477538174,335302316165.0242,333823195588.3845,74068343.39466566,32546736.71473448,14654.368402540538,21536.524229122104,2666.008297197066,2.234290597818106,0.9977104155983234,0.3932615758162905
53,4680.0,78.0,1.3,27.089614084745236,26.995847299737054,0.0004693997495290498,80.22154414115154,80.35307005651693,80.2141246166646,1.0000924964839097,9.24964839096801e-05,279.04010992091736,273.854722554691,128.49084483093984,128.659547865302,2.1716730891454623,2.128522345200519,90702.48345210083,335307773484.37476,344422152807.8657,74093263.8677927,32555506.56762795,14664.228164767534,21562.39642944018,2667.4614844391344,2.2366820522775477,0.9986987451023257,0.3936326354819557
53,4740.0,79.0,1.3166666666666667,27.061454045146824,27.034343789343406,0.0004693997495290498,80.00767873917131,79.45245918403137,80.0003168775058,1.000092022906319,9.202290631907881e-05,279.12537961522924,285.97395673920107,128.52153168378055,131.39699676762837,2.1718180289198568,2.1764116667364735,89883.03595971866,335313186407.34973,313611696266.351,74117997.18321586,32564213.366223708,14674.017214381282,21588.085967215586,2668.9046662429446,2.239057270280693,0.9996804147984406,0.3940012325986264
53,4800.0,80.0,1.3333333333333333,27.033305792016552,27.10009909033688,0.0004693997495290498,79.79544583092195,79.62888061448649,79.78812326883354,1.0000917750886775,9.177508867745035e-05,279.2099553197444,291.3434213885733,128.55197939529737,130.95379630759228,2.171961541417995,2.224780262988696,89505.15012852478,335318552096.28894,346351765952.011,74142529.60410193,32572852.40850632,14683.73003103456,21613.57940964794,2670.33705367977,2.241414890324851,1.0006548677289953,0.3943671602558516
53,4860.0,81.0,1.35,27.005157455381458,27.037398313467282,0.0004693997495290498,79.58473337200977,79.74505100765256,79.57744867438116,1.000091542236525,9.154223652499489e-05,279.2938856575904,282.32791433245745,128.58220480729833,129.53014458572798,2.172103722098703,2.1796309672579888,89155.82532875495,335323873468.5835,323717224340.67706,74166875.2181617,32581428.473844945,14693.372134178964,21638.890215523275,2671.759432713281,2.2437562376720237,1.0016226470560916,0.39473062027073214
53,4920.0,82.0,1.3666666666666667,26.97700873496225,27.04900491443481,0.0004693997495290498,79.37553382430364,79.57627101322298,79.36828625388249,1.0000913156975315,9.13156975315496e-05,279.3771744503438,275.6491006199372,128.61220917303064,131.96881315686184,2.172244581184971,2.0887442572685173,88818.12877575989,335329150755.0985,326883683252.256,74191035.12460566,32589941.915706187,14702.943892821255,21664.01929032281,2673.1718544666965,2.2460813848600516,1.0025837829489586,0.39509162385271246
53,4980.0,83.0,1.3833333333333333,26.948859330479653,26.940990872797553,0.0004693997495290498,79.16783964967246,79.31386853653363,79.1606292847182,1.0000910852404714,9.108524047134049e-05,279.45982551958105,272.23041518420996,128.64199374574147,128.47587872611595,2.1723841288710766,2.118922383590378,88472.15398165367,335334384186.7013,333888032682.7934,74215010.42276195,32598393.087599754,14712.445677054282,21688.96753952776,2674.574370179638,2.248390404943944,1.0035383057683962,0.3954501822763872
53,5040.0,84.0,1.4,26.920708941654375,27.092274101484968,0.0004693997495290498,78.96164330998506,79.04724199692987,78.95447116148418,1.0000908390417336,9.083904173350782e-05,279.5418426868787,289.4272977719184,128.67155977867807,128.1420262754157,2.1725223753229193,2.2586446163247973,88095.01679307217,335339573994.2571,324154737104.7121,74238802.21207467,32606782.343077496,14721.87785804621,21713.735868619337,2675.967031207052,2.2506833714910854,1.0044862460650155,0.395806306880945
53,5100.0,85.0,1.4166666666666667,26.89255726820713,26.92981416953681,0.0004693997495290498,78.75693726711033,78.88956015175003,78.74980539557755,1.0000905636718334,9.056367183325428e-05,279.62322977381314,282.18429392669333,128.7009085250876,125.46738045752313,2.1726593306783557,2.249064999186992,87660.88067167853,335344720408.63245,351459842862.0857,74262411.59210286,32615110.035733163,14731.240808029965,21738.325183078763,2677.3498890180326,2.2529603585765905,1.0054276345775168,0.39616000906954785
53,5160.0,86.0,1.4333333333333333,26.86440400985864,26.89864701229021,0.0004693997495290498,78.55371398291713,78.64723525274303,78.54662561479348,1.0000902440820107,9.024408201071893e-05,279.70399060196104,273.49051103528257,128.73004123821732,132.8720399513674,2.1727950050475293,2.0582999337963277,87141.02584029848,335349823660.6931,328787543917.5017,74285839.66251954,32623376.519202143,14740.534900292783,21762.736388387253,2678.7229951948593,2.2552214407787012,1.0063625022310028,0.39651130030879456
53,5220.0,87.0,1.45,26.836248866329612,26.852658178161953,0.0004693997495290498,78.35196591927435,79.21724742305527,78.34492556294748,1.0000898635907338,8.986359073392321e-05,279.78412899289884,275.33656586245564,128.7589591713144,129.53020907553574,2.172929408513195,2.1256552261248394,86503.9786505056,335354883981.30505,333659181744.9904,74309087.52311015,32631582.147160888,14749.760509165651,21786.970390026032,2680.0864014318486,2.2574666931740346,1.0072908801352476,0.39686019212812473
53,5280.0,88.0,1.4666666666666666,26.80809153734076,26.824012942494782,0.0004693997495290498,78.15168553805083,78.33908763408006,78.1446990995099,1.0000894038702746,8.940387027452809e-05,279.86364876820295,280.2773028004018,128.787663577626,128.7877228921128,2.1730625511310464,2.1762734560901724,85715.72054467625,335359901601.3346,334795637607.5669,74332156.273772,32639727.273326576,14758.918010013062,21811.028093476303,2681.440159534319,2.2596961913331093,1.0082127995830295,0.39720669611925263
53,5340.0,89.0,1.4833333333333334,26.779931722612805,26.737829246101235,0.0004693997495290498,77.95286530111547,77.89355300327915,77.9459401992575,1.0000888449332994,8.8844933299364e-05,279.94255374945,276.6473135641658,128.81615571039939,133.4521612269438,2.1731944429300345,2.0730073684884704,84739.99795596098,335364876751.64795,334312898328.5743,74355047.01451308,32647812.251456812,14768.00777922276,21834.910404219285,2682.7843214175628,2.2619100113157025,1.0091282920484552,0.39755082393561825
53,5400.0,90.0,1.5,26.751769121866456,26.6349610811317,0.0004693997495290498,77.7554976703371,77.66899059861724,77.74864295194396,1.0000881651194526,8.816511945269263e-05,280.02084775821646,291.7448763202328,128.8444368228817,129.95217149765318,2.1733250939126854,2.2450173241276037,83538.75703821892,335369809663.1105,353546278741.1755,74377760.84545028,32655837.435349002,14777.030194195206,21858.61822773621,2684.1189391057396,2.2641082296662347,1.0100373891852321,0.39789258729179444
53,5460.0,91.0,1.5166666666666666,26.72360343482243,26.63368044605286,0.0004693997495290498,77.55957510758464,77.48311256837411,77.5528015619854,1.0000873410819828,8.734108198292139e-05,280.0985346160788,274.6472189613463,128.87250816832022,126.66874763462295,2.173454514055414,2.1682318968966876,82072.72983057701,335374700566.58875,342186452999.58875,74400298.86680895,32663803.178840265,14785.985633333548,21882.152469508277,2685.444064730871,2.2662909234092368,1.0109401228250299,0.3982319979629385
53,5520.0,92.0,1.5333333333333334,26.69543458091791,26.81057994148181,0.0004693997495290498,77.36509395560206,77.41253272295367,77.35841185866528,1.0000863784141405,8.637841414057998e-05,280.17561655083966,275.7093111780588,128.90037042839816,131.4497399634693,2.173582710582451,2.0974504115008528,80359.19841411152,335379549600.99866,337156861182.1734,74422661.7186983,32671709.6733997,14794.87429281816,21905.513568845523,2686.7597233445103,2.268458125399512,1.0118365064616928,0.3985690607921506
53,5580.0,93.0,1.55,26.6672680613394,26.621227729909073,0.0004693997495290498,77.17214293798307,77.08009302837789,77.16550782191254,1.0000859855168172,8.598551681717217e-05,280.2520574159959,281.8647047982687,128.92801075443757,125.98283960950785,2.1737096211759397,2.2373261761040393,79714.0768232344,335384354530.55286,366792136048.37177,74444838.94091561,32679553.267277405,14803.691959364296,21928.690868259215,2688.0653003744155,2.270608796293427,1.0127261122449784,0.3989036156535599
53,5640.0,94.0,1.5666666666666667,26.6391040221065,26.68793092972185,0.0004693997495290498,76.98067491120526,76.91083719602338,76.97408608156555,1.0000855980236352,8.559802363523583e-05,280.3278745270614,281.2729423141289,128.95543659020768,125.09690348387002,2.173835256111632,2.2484404847830324,79080.08730458668,335389115468.86084,364080249150.54877,74466835.41945451,32687336.0809806,14812.440573578257,21951.69003063493,2689.3611650591265,2.2727434067789893,1.0136091543246657,0.39923575304510983
53,5700.0,95.0,1.5833333333333333,26.610940321076328,26.746880180611186,0.0004693997495290498,76.79066436617397,76.88902103799717,76.78412791956562,1.000085127575001,8.512757500089117e-05,280.40308153887764,282.6777827568348,128.98265104039004,131.04082075272296,2.173959670367384,2.1571734756626277,78294.54575224922,335393834506.1079,331927386852.3913,74488655.23629129,32695058.98328525,14821.121619755046,21974.514120128173,2690.6474259026436,2.2748622828323803,1.014485743616902,0.3995655018879738
53,5760.0,96.0,1.6,26.582776486911122,26.61270227814236,0.0004693997495290498,76.6021135239707,76.29226242525904,76.59562625670878,1.000084695009088,8.469500908805736e-05,280.4776782055753,281.87283207516793,129.00965410183025,131.01399119361432,2.1740828634746037,2.1514712246160967,77580.75682972478,335398511437.6173,312096096982.78253,74510298.2979782,32702721.97306332,14829.735017050494,21997.16286994238,2691.924080374003,2.27696539372565,1.01535587027346,0.3998928598673497
53,5820.0,97.0,1.6166666666666667,26.55461255436522,26.430923068786054,0.0004693997495290498,76.41501669209411,75.57041235547305,76.40857751383777,1.0000842729764885,8.427297648849928e-05,280.5516670983718,282.2384035496101,129.03644672197441,129.9603828724689,2.1742048407676346,2.171726470108762,76887.99301745345,335403146357.2905,344873928622.517,74531765.33423337,32710325.31796314,14838.281003421922,22019.636963861492,2693.1911682066147,2.2790527838001218,1.0162195543838344,0.4002178352489647
53,5880.0,98.0,1.6333333333333333,26.52644858020323,26.607328168282102,0.0004693997495290498,76.22936957480741,76.14023100014788,76.22297830358372,1.0000838496653626,8.384966536253577e-05,280.6250503723627,284.5107792525635,129.06302967336916,130.8562257200667,2.174325607283236,2.174224250217955,76194.58820519834,335407739337.64185,337715659413.02344,74553056.95522708,32717869.23600994,14846.75976978417,22041.936917889925,2694.4487207807997,2.2811244860728124,1.017076811051755,0.40054043427980757
53,5940.0,99.0,1.65,26.498284595892287,26.44240234252619,0.0004693997495290498,76.04516879480758,75.77406207223763,76.03882511675911,1.0000834268288434,8.34268288433656e-05,280.6978299507913,278.5543399823894,129.08940357862633,127.7555319725515,2.174445168768811,2.1803700840307827,75503.77519557832,335412290482.08875,349464006943.9338,74574173.70945808,32725353.902238518,14855.171480368044,22064.063137709723,2695.696761284753,2.2831805265317158,1.0179276515163487,0.4008606612561838
53,6000.0,100.0,1.6666666666666667,26.465807745936928,26.39031892657558,0.0005909956346912841,75.83556654771184,75.62886291078136,75.82826223656559,1.000096327028087,9.63270280869007e-05,280.78086362515074,290.74226848021556,129.11929375632582,125.23983241956454,2.174584877725872,2.3214840108233554,100774.0730363533,335417637284.88464,314159689973.2865,74598266.0078713,32733836.54071705,14864.757724884257,22089.240584808314,2697.108019561985,2.2855197159343845,1.0188933608828137,0.40122285314108375
53,6060.0,101.0,1.6833333333333333,26.430304924640932,26.375825816305078,0.0005909956346912841,75.60745276778584,75.22288330731055,75.60026843051479,1.0000950305788618,9.503057886175724e-05,280.8713557983589,278.76101059841227,129.15174088420974,135.12012951491383,2.1747392166410866,2.0630605639527912,98201.38977996755,335423565754.5038,373145495763.7863,74624522.816086,32743044.939859614,14875.199645274617,22116.64163945408,2698.638089912838,2.2880655073294136,1.0199428490769424,0.4016156360093217
53,6120.0,102.0,1.7,26.394844972987134,26.26277676003609,0.0005909956346912841,75.38194345140312,75.4176047767218,75.37482419359684,1.0000944514018102,9.445140181017405e-05,280.9607589698902,283.53033778158414,129.18381448236673,128.6889458825979,2.17489133677997,2.2032221636211635,97126.84775015546,335429415044.239,340538419007.39557,74650464.18765306,32752147.430400476,14885.520164324727,22143.729845626178,2700.1511427021906,2.2905828435069324,1.0209807261253427,0.40200415036155235
53,6180.0,103.0,1.7166666666666666,26.35938521326525,26.425952503857946,0.0005909956346912841,75.15869399079799,75.64461415665218,75.1516471213966,1.0000937686620492,9.376866204935113e-05,281.0492204649822,284.53324619234024,129.21556404504196,125.23925803128809,2.1750415481451917,2.2719173737140497,95843.69372186673,335435196558.7942,332499486890.0446,74676132.75103322,32761158.07305427,14895.735953447438,22170.546597650817,2701.6494604213513,2.2930756949199136,1.0220085989690073,0.4023889807916161
53,6240.0,104.0,1.7333333333333334,26.323925477560316,26.295147910293007,0.0005909956346912841,74.93770473809457,74.29455077743316,74.93072934850706,1.0000930911743173,9.309117431736995e-05,281.1367407857717,274.30842401556254,129.24699147266668,127.09199810753915,2.175189825174591,2.158345356907961,94576.84027388443,335440908427.8119,373629148479.80206,74701528.6136849,32770077.402878806,14905.847114975419,22197.091853230806,2703.1331622064645,2.2955441153906158,1.0230265122785145,0.4027701569329829
53,6300.0,105.0,1.75,26.28846574026394,26.324394226476524,0.0005909956346912841,74.71897135139059,74.50534819413387,74.71206406491652,1.000092452090041,9.245209004094725e-05,281.22332100482095,285.5566358323147,129.27809700118738,129.91978788404063,2.175336174713633,2.197945674658791,93393.14754184723,335446550956.0227,355303440603.0182,74726652.08542973,32778905.48143728,14915.853652554855,22223.36613391597,2704.602242390094,2.2979880738555707,1.0240344533072872,0.403147673332533
53,6360.0,106.0,1.7666666666666666,26.253006007857852,26.221414322622163,0.0005909956346912841,74.50248780478448,73.88153561737907,74.49564480196258,1.0000918577567868,9.185775678681366e-05,281.30896437389083,283.3267440891112,129.30888128886397,131.167247593626,2.175480613318994,2.1600418495240215,92304.12211682065,335452124764.449,344201857108.4402,74751504.10482508,32787642.491511554,14925.755805994355,22249.370163538322,2706.0567112656445,2.300407591728746,1.025032426936077,0.4035215291064409
53,6420.0,107.0,1.7833333333333334,26.21754627249091,26.177706551885485,0.0005909956346912841,74.28824283187615,74.00703885557364,74.2814651437063,1.000091243329096,9.124332909610178e-05,281.3936766103876,290.40959335357496,129.3393456478072,123.31607283125264,2.175623165564997,2.355001961106687,91178.76687052115,335457630815.8794,341359647192.52185,74776086.33121791,32796288.801613495,14935.554088942808,22275.105295419206,2707.49660604213,2.3028027527337755,1.026020460932683,0.40389173039979065
53,6480.0,108.0,1.8,26.182086536414502,25.894635310563757,0.0005909956346912841,74.07621656604063,74.32865240980513,74.06951887723696,1.0000904243595097,9.042435950974564e-05,281.47747064434367,279.2093718463653,129.36949401498097,132.69211632051338,2.175763867575679,2.1041896051453755,89651.72002351364,335463069889.2897,320024657253.9341,74800402.49251288,32804845.529467314,14945.249892536434,22300.573915939993,2708.922101450382,2.305173871547936,1.0269986807240379,0.40425832186333066
53,6540.0,109.0,1.8166666666666667,26.14662679983147,26.15023049045721,0.0005909956346912841,73.86642168328706,74.11481183808255,73.85979991852666,1.0000896531640717,8.965316407166922e-05,281.5603385157741,292.11714230923315,129.3993240437124,128.57798395603237,2.1759026996204414,2.27190638180424,88228.61879864639,335468441394.07434,356063516526.5949,74824450.27228096,32813312.00232473,14954.842206610556,22325.774502456934,2710.3330779503885,2.3075206801467054,1.0279669825886675,0.40462126765388406
53,6600.0,110.0,1.8333333333333333,26.111167062762707,25.98355288624111,0.0005909956346912841,73.6588594891703,73.85800957668343,73.652302324482,1.0000890286451525,8.902864515239085e-05,281.64227940484705,284.79299170621607,129.4288354923078,129.96180887550994,2.176039661745899,2.1913590936474154,87100.87053479292,335473745269.40405,372268411866.8801,74848229.4219312,32821688.147178978,14964.330838687747,22350.706898146633,2711.7295133678945,2.3098431075570893,1.0289253396380342,0.40498055851988024
53,6660.0,111.0,1.85,26.07570732520821,26.041443376688544,0.0005909956346912841,73.45352998369034,73.57400976182355,73.44702029449086,1.0000886310863721,8.863108637203734e-05,281.72329331156254,268.4046485662767,129.45802836076723,124.5057324879327,2.1761747562419997,2.1557613710058767,86419.96693743432,335478981515.2792,313062531174.25604,74871739.93042448,32829973.959929988,14973.715691193545,22375.371103009093,2713.1113968152786,2.3121411059057415,1.0298737339799722,0.40533618832157003
53,6720.0,112.0,1.8666666666666667,26.040247587605798,26.056691779939992,0.0005909956346912841,73.2503949061188,73.53975216081542,73.24394817363014,1.0000880172717257,8.801727172561157e-05,281.8034014827672,286.11955171598214,129.48690913127822,127.64834654296914,2.1763080405067456,2.241466963457049,85320.04996744868,335484151766.31055,350623602846.56573,74894987.94372183,32838171.281675965,14982.999100340996,22399.771712927595,2714.479016987776,2.314415213830287,1.0308123780313885,0.40568823143849997
53,6780.0,113.0,1.8833333333333333,26.00478784998766,26.02844784576591,0.0005909956346912841,73.0494514424183,73.05403887830127,73.04308044838746,1.0000872224171233,8.722241712337684e-05,281.8826054811448,278.2646541437872,129.51547828059907,129.9801495164239,2.176439520768614,2.1408242349238606,83876.29969339483,335489256142.72156,321422478421.28094,74917973.90414524,32846280.244216174,14992.181151880039,22423.909065924654,2715.8323854729715,2.316665428665708,1.0317412715927698,0.4060366879027941
53,6840.0,114.0,1.9,25.96932811215978,26.017994220971655,0.0005909956346912841,72.85071654899818,73.07203937244077,72.84441174841277,1.0000865516027115,8.655160271163508e-05,281.960895890507,278.15377248695114,129.54373293595052,125.60800868141673,2.1765691747505467,2.2144588980185227,82679.02593417543,335494293920.08496,330943767917.4259,74940695.072644,32854300.02592975,15001.260675039724,22447.78112519434,2717.1713591748503,2.3188914451744367,1.0326602956419002,0.40638151620302354
53,6900.0,115.0,1.9166666666666667,25.933868374122145,25.978613156182192,0.0005909956346912841,72.65419022585841,72.26189447404576,72.64793684956756,1.0000860778235698,8.60778235699398e-05,282.03827271085373,278.1906959331882,129.57167309733254,128.9852756634726,2.1766970045913525,2.1567632003128643,81862.34011276824,335499265098.40063,299763228245.76605,74963151.43886167,32862230.6229634,15010.237577915264,22471.38789073665,2718.495927796772,2.321093218163451,1.0335694332686582,0.40672271052758857
53,6960.0,116.0,1.9333333333333333,25.89840863596113,25.91636751719382,0.0005909956346912841,72.45985981495964,72.32036709095246,72.45365067395058,1.0000856981111554,8.569811115533306e-05,282.1147433503974,281.46155787437164,129.59930097257924,132.05065889903884,2.1768230324798403,2.131466516116114,81225.98849454106,335504170266.1312,320794201196.0518,74985345.13873833,32870072.660270244,15019.11261680143,22494.730883036802,2719.806182722228,2.3232709065702863,1.0344687471360263,0.40706029258030396
53,7020.0,117.0,1.95,25.86294889786833,25.907564004083355,0.0005909956346912841,72.26769723331421,71.75819288836244,72.26154829067912,1.0000850928713894,8.509287138933717e-05,282.19032424491724,292.49700681472416,129.6266214599669,128.50996725707114,2.176947305010701,2.276064752468683,80164.90434297409,335509010728.834,319109572498.85913,75007280.9237918,32877827.52910371,15027.88758260908,22517.813475426647,2721.1023393356027,2.325424918584705,1.0353583970516311,0.4073943176519004
53,7080.0,118.0,1.9666666666666666,25.82748915976746,25.695356419730114,0.0005909956346912841,72.07771366237297,71.81761988738839,72.07162491459206,1.000084481899612,8.448189961198927e-05,282.2650088503852,287.6536317316403,129.65363260921032,130.75603899320714,2.1770698064524083,2.1999261674375443,79097.94098101612,335513785966.6915,327305612564.6758,75028956.8884643,32885494.67041716,15036.561640167376,22540.63432478896,2722.3842981390644,2.327555031544069,1.0362382968543997,0.4077247559708974
53,7140.0,119.0,1.9833333333333334,25.79202942169426,25.83324373987373,0.0005909956346912841,71.88990386364587,72.01840827428155,71.88387590909203,1.0000838568382353,8.385683823541713e-05,282.3388002326668,279.28394763942697,129.6803353340147,130.57288813525054,2.177190547089913,2.138912232301532,78009.81528400822,335518496223.23706,335513877636.15765,75050373.91132867,32893074.340836063,15045.135054307597,22563.194060371792,2723.6520915039564,2.3296612874562364,1.037108463558246,0.4080516134428187
53,7200.0,120.0,2.0,25.756569683680617,25.704291624419398,0.0005909956346912841,71.70426272667301,72.04516437038431,71.69829678627951,1.0000832089555947,8.320895559455011e-05,282.41170137498733,280.72824763159247,129.70673052446932,128.10320928499297,2.177309536930391,2.191422441314897,76884.96590998866,335523141735.65674,334308896193.8578,75071532.84717482,32900566.790326715,15053.608081784449,22585.49329604421,2724.9057508631886,2.3317437267099024,1.0379689135405012,0.4083748957551401
53,7260.0,121.0,2.0166666666666666,25.72110994564278,25.66711954465489,0.0005909956346912841,71.52078898146544,71.98003736437558,71.51488320718515,1.0000825810518796,8.258105187956355e-05,282.483712781636,274.1563137946823,129.73281836226573,130.93567650028817,2.177426778726327,2.0938243962414544,75802.87582534541,335527722550.7318,323794474467.6461,75092433.83243561,32907972.06731552,15061.980696166007,22607.532184357427,2726.145275248511,2.3338023216429065,1.0388196369564913,0.40869459967825206
53,7320.0,122.0,2.033333333333333,25.685650207598272,25.615317933203034,0.0005909956346912841,71.33947799467524,71.45462968059446,71.33363098373802,1.0000819671010235,8.196710102349298e-05,282.55483712787293,290.0698337664669,129.75859964948705,129.12118026259938,2.1775422815222245,2.2464930476668443,74751.89229662524,335532238881.9934,347562755179.77,75113077.63294104,32915290.396833956,15070.253121378235,22629.311281869766,2727.3706923155205,2.3358371053073412,1.0396606473365626,0.409010729929546
53,7380.0,123.0,2.05,25.650190469544924,25.666217248513757,0.0005909956346912841,71.16032439049,70.6814414936862,71.15453607898031,1.0000813484540643,8.134845406433429e-05,282.62507809392775,279.8503245784653,129.7840754185878,127.17495156858985,2.177656058205812,2.200514496972561,73697.78853672485,335536691031.2196,337398220758.54663,75133465.30519292,32922522.069737107,15078.425696620528,22650.831234324447,2728.582039999006,2.337848138448823,1.0404919682650675,0.40932329432754155
53,7440.0,124.0,2.066666666666667,25.614730731475337,25.509274277733716,0.0005909956346912841,70.98332402176582,70.82689602807946,70.97759460803375,1.0000807214412337,8.072144123381003e-05,282.69443816976093,281.1928869478808,129.8092464048079,129.93522817567816,2.1777681174435233,2.1641004590971717,72634.19438781195,335541079200.41125,249578726624.3335,75153597.56144881,32929667.292202264,15086.498626908535,22672.0925398769,2729.7793430560178,2.3398354500813987,1.0413136115449593,0.4096322969217794
53,7500.0,125.0,2.0833333333333335,25.579270993398897,25.53683199181643,0.0005909956346912841,70.80847348336084,70.79429453394928,70.802802839117,1.0000800906746123,8.009067461242575e-05,282.7629202989843,287.3679291852099,129.83411313305794,134.2679690478528,2.1778784748904956,2.140256765802368,71569.72526784484,335545403889.6577,323817011931.9486,75173475.24632227,32936726.21026379,15094.472147726556,22693.095607553176,2730.962609954653,2.3417990686802774,1.0421255844254187,0.40993773766872854
53,7560.0,126.0,2.1,25.543811255316943,25.664151152449254,0.0005909956346912841,70.63576883619332,71.27025800287262,70.63015719436396,1.000079451073766,7.945107376610845e-05,282.8305273358832,284.64822661365474,129.85867627336333,129.45887755160706,2.1779871430423436,2.198754013607012,70495.56981600312,335549665457.0166,351687704225.89966,75193099.17828047,32943699.01151468,15102.3464973331,22713.84091051624,2732.131859409348,2.3437390278860697,1.0429278983127226,0.41023961921974594
53,7620.0,127.0,2.1166666666666667,25.508351517233347,25.51806042251212,0.0005909956346912841,70.46520577980243,70.27007528462687,70.45965425084097,1.0000787901817074,7.879018170736435e-05,282.89726222200625,289.2278526070971,129.88293667939763,128.7827001309424,2.178094131951362,2.2458595161696318,69390.18538033725,335553864121.9088,322906440786.05255,75212470.20041203,32950585.936385274,15110.121937687189,22734.328965337972,2733.2871223785805,2.345655371824453,1.0437205707627761,0.4105379475860893
53,7680.0,128.0,2.1333333333333333,25.472891779148576,25.394907173123176,0.0005909956346912841,70.29678476792176,71.04676005270336,70.2912907415209,1.0000781608410219,7.816084102183823e-05,282.96312461850357,281.9983996570938,129.9068942903786,131.76342442093082,2.1781994417170893,2.1401872400964854,68346.86330793671,335557999823.89734,350379666197.7558,75231588.20614499,32957386.964528963,15117.798357912703,22754.55971751583,2734.4283883696717,2.3475480557402726,1.044503585354752,0.41083271738975347
53,7740.0,129.0,2.15,25.437432041064504,25.451706854269453,0.0005909956346912841,70.13049794815416,69.82017755832747,70.12506355633123,1.0000774957133345,7.749571333458083e-05,283.02811983541085,278.3197737592816,129.93055077783384,124.75821970977027,2.1783030868494975,2.230873239508766,67247.56535674984,335562072830.9424,347898246555.1834,75250454.72338048,32964102.570346773,15125.376305306621,22774.534110280707,2735.5557297423748,2.349417197258745,1.0452769899252132,0.41112394612454395
53,7800.0,130.0,2.1666666666666665,25.40197230298165,25.504523913130843,0.0005909956346912841,69.96634382646143,70.03955237816824,69.96096974320042,1.0000768154483954,7.681544839543202e-05,283.09224888302543,288.23140304951914,129.95390646138918,132.12000428148392,2.1784050713945673,2.1815879027330123,66129.34104343165,335566083192.4634,329375910173.9049,75269070.03636149,32970732.84213966,15132.855825689461,22794.25232309665,2736.6691537016104,2.3512627898510203,1.046040782718599,0.4114116333722979
53,7860.0,131.0,2.183333333333333,25.36651256489887,25.3036679863924,0.0005909956346912841,69.80432570673257,69.44914668099405,69.79900650914793,1.00007620735381,7.620735381015973e-05,283.15550952719417,282.7660228636872,129.97696063422984,127.65933613143358,2.178505391613414,2.215004647780412,65142.05561353008,335570030799.1747,339860966741.14545,75287433.49092144,32977277.575038314,15140.236585750332,22813.713959100114,2737.7686178217264,2.353084732875871,1.046794924309669,0.41169576506240135
53,7920.0,132.0,2.2,25.331052826816276,25.211397084587812,0.0005909956346912841,69.64443757131654,69.88672601416779,69.63917122141741,1.0000756233856143,7.562338561420324e-05,283.21790573794374,298.023897405102,129.99971436103627,133.5571994494361,2.1786040617857716,2.2314326643089872,64201.53132497111,335573916050.82104,334600343678.6217,75305546.22905281,32983737.069614246,15147.518962748742,22832.919741132075,2738.854161029438,2.354883096615442,1.0475394411072347,0.41197634948314743
53,7980.0,133.0,2.216666666666667,25.295593088734083,25.18574987375993,0.0005909956346912841,69.48666803406039,69.23302418459986,69.48146140862431,1.0000749354623595,7.493546235956973e-05,283.27944502706407,286.41286607990276,130.02216965631794,131.08174838479098,2.178701107479167,2.184994246789696,63091.12198158385,335577739703.7689,320218207361.7803,75323410.41868186,32990111.89726089,15154.703735063624,22851.871036898578,2739.925864338942,2.356658046079726,1.0482743951263025,0.4122534064851582
53,8040.0,134.0,2.2333333333333334,25.260133350652147,25.34631621587995,0.0005909956346912841,69.33102513386719,69.34151107838304,69.32587476194175,1.0000742922024874,7.42922024875172e-05,283.3401220910473,277.92415323355016,130.04432509778178,128.95887104242058,2.1787965132503913,2.155137921005279,62063.33381230107,335581501224.0056,340487337746.05853,75341024.51635891,32996401.649734557,15161.79023604223,22870.56688076563,2740.983657120647,2.358409406562931,1.0489997206490216,0.4125269144450603
53,8100.0,135.0,2.25,25.224673612570445,25.046373345373674,0.0005909956346912841,69.17750821629892,69.49350283745535,69.17240913632196,1.0000737155180892,7.371551808913965e-05,283.3999374336594,285.1922664626171,130.06618080447325,127.70531683109853,2.178890282476201,2.233205895724834,61152.8225119669,335585200672.9844,331196332326.10657,75358388.66055518,33002606.358233556,15168.778454193161,22889.0073513444,2742.027536593472,2.3601371573527494,1.0497154096545636,0.41279687035762214
53,8160.0,136.0,2.2666666666666666,25.189213874488715,25.217213489720454,0.0005909956346912841,69.02610276574563,68.9548626830013,69.02106255174684,1.0000730242887093,7.302428870923047e-05,283.45890222856036,280.17886720677313,130.08773941685172,131.83498302053752,2.1789824582949184,2.125223979155262,60059.02423781067,335588839413.7677,345017662479.3771,75375506.07907027,33008726.773575664,15175.669563140953,22907.1941922517,2743.0576050262916,2.3618415495527714,1.0504215520309206,0.41306330047901296
53,8220.0,137.0,2.283333333333333,25.153754136407105,25.11853952413059,0.0005909956346912841,68.87681676987482,69.02587146402487,68.87183319452352,1.0000723601379569,7.236013795694855e-05,283.5170103270949,292.6394807064195,130.108999481922,126.2333393251046,2.1790730192071623,2.3182424094220324,59017.691209715325,335592416696.28784,335248652760.48627,75392374.98466817,33014762.478443205,15182.4628157236,22925.126444007954,2744.0737944644934,2.36352239451589,1.0511180792680879,0.4133261837414679
53,8280.0,138.0,2.3,25.118294398325613,25.21838050780476,0.0005909956346912841,68.72965022868648,68.71833395871008,68.72471941860152,1.0000717472566882,7.174725668829152e-05,283.5742617292632,284.32920273968386,130.12996099968413,128.0876987891417,2.179161966627743,2.2198010068691088,58066.92137122683,335595932520.5448,308041498446.71893,75408995.37036863,33020713.470206544,15189.15814778133,22942.804106613163,2745.0760975093854,2.36517966026873,1.0518049792974402,0.4135855159494497
53,8340.0,139.0,2.316666666666667,25.082834660244018,25.06295292581952,0.0005909956346912841,68.58458909280844,68.50952817647028,68.57971974693682,1.0000710027088124,7.100270881237146e-05,283.63067154927415,283.79716274119914,130.1506268638255,128.77935696521024,2.179249369624876,2.203747319672259,56911.201170078646,335599389114.4979,310235239119.65247,75425371.60198906,33026580.574225545,15195.757137901906,22960.22886767959,2746.0646140278386,2.3668136784856273,1.0524823624717694,0.41384132425164566
53,8400.0,140.0,2.3333333333333335,25.047374922162405,24.955084814941557,0.0005909956346912841,68.44163856071658,68.7922686320413,68.43683287288849,1.0000702207806287,7.022078062878587e-05,283.6862341946465,276.31644980055967,130.17099600363883,127.775471550314,2.1793352044929906,2.1625155943310674,55706.24649396477,335602785653.76917,328992210910.2449,75441502.0549796,33032363.48165506,15202.259117187961,22977.400102765703,2747.0392972195077,2.368424284104421,1.0531501719419474,0.41409359301770143
53,8460.0,141.0,2.35,25.01191518408083,24.958869482239262,0.0005909956346912841,68.30080255152491,68.4165358398851,68.29605766165437,1.0000694753113575,6.947531135755394e-05,283.7409454492268,279.126734956204,130.19106761192154,128.12909051469376,2.179419453683355,2.1784805763855313,54569.90879391655,335606121516.8628,320156934950.8994,75457385.50299826,33038061.959055796,15208.663566729156,22994.317341107046,2748.0001101210837,2.3700113453835634,1.0538083620971328,0.41434230950875905
53,8520.0,142.0,2.3666666666666667,24.976455445999296,24.93824004673489,0.0005909956346912841,68.16208106523342,68.51419659635332,68.15739315174464,1.0000687807040733,6.87807040733377e-05,283.7948053130151,279.23335501780065,130.21084168867355,128.53065648798915,2.179502118506781,2.1725039196691123,53522.952677892594,335609396703.7788,324497743870.35547,75473021.93956831,33043676.003981188,15214.970426435742,23010.980582703618,2748.9470457596544,2.3715748323018495,1.0544569215832738,0.41458746976735616
53,8580.0,143.0,2.3833333333333333,24.940995707917804,25.050229487919314,0.0005909956346912841,68.02547410184211,68.51978417991815,68.02083855649188,1.0000681489003753,6.814890037522769e-05,283.84781378601133,280.63048575919373,130.2303182338949,132.09714807968345,2.1795832002515567,2.124425014761955,52581.639346750366,335612611214.5171,310996172487.85114,75488411.35832122,33049205.614024773,15221.179637145266,23027.389827555424,2749.8800972640583,2.3731147152866754,1.055095839213033,0.4148290698927779
53,8640.0,144.0,2.4,24.905535969836354,24.889773891687476,0.0005909956346912841,67.89098166135098,67.6412758092064,67.88639326560795,1.0000675893286166,6.758932861664126e-05,283.89997086821563,279.86526717758517,130.24949724758562,126.99793942660159,2.1796627001834987,2.203699276076311,51757.97321511228,335615765049.07776,315267781601.6248,75503553.75299773,33054650.786820024,15227.291140622881,23043.54507566247,2750.7992578648846,2.3746309652145072,1.0557251039659423,0.4150671060411
53,8700.0,145.0,2.4166666666666665,24.87007623175494,24.915547842506424,0.0005909956346912841,67.75860374376003,67.70016994808735,67.75405684677486,1.0000671088521749,6.710885217483244e-05,283.95127655962784,294.067219852495,130.26837872974565,132.266773852232,2.179740619545993,2.2232886709781394,51059.928290259595,335618858207.4606,347373746758.92944,75518449.11744663,33060011.520040408,15233.30487956082,23059.446327024747,2751.7045208944473,2.3761235534111265,1.0563447049884775,0.41530157442521753
53,8760.0,146.0,2.433333333333333,24.834616493673487,24.920177594797714,0.0005909956346912841,67.62832387933224,67.46988730349037,67.62382904728014,1.000066468168328,6.646816832806626e-05,284.00174641417675,282.75951412049454,130.28696571490676,131.5383091692174,2.1798170281717044,2.149636223138148,50123.64367640552,335621893026.4392,331011342887.79193,75533101.94732475,33065288.679159954,15239.22248653596,23075.095559989044,2752.5959921371523,2.377592824644797,1.0569547574131182,0.4155325036231665
53,8820.0,147.0,2.45,24.79915675559203,24.822658858588348,0.0005909956346912841,67.50015065075758,67.79340124204097,67.49570979569366,1.0000657946272047,6.579462720462178e-05,284.05137232641727,283.271159851476,130.3052566217173,128.54039509172316,2.1798918914762795,2.2037520551367598,49145.725054174756,335624868288.2766,309991793302.35944,75547509.89092419,33070481.8097755,15245.043026707819,23090.49174360162,2753.4736066214173,2.3790385571091335,1.0575551852582237,0.41575987314975027
53,8880.0,148.0,2.466666666666667,24.763697017510573,24.76414664500161,0.0005909956346912841,67.37408427712424,67.81452030768985,67.36969920359199,1.0000650897003265,6.508970032649527e-05,284.1001540894437,292.3081239630738,130.32325140981052,131.8838495443799,2.1799652097082123,2.2164057613795234,48129.81069436964,335627783961.8887,350045729133.6112,75561672.88261506,33075590.898164287,15250.766423492692,23105.63485154556,2754.3373565121638,2.380460718702757,1.058145976554533,0.4159836789721254
53,8940.0,149.0,2.4833333333333334,24.72823727942911,24.72783211143311,0.0005909956346912841,67.25012692621655,67.27750369544296,67.2457975673207,1.0000643811071097,6.43811071097027e-05,284.1480924213406,293.97946296657454,130.34094989489267,133.4533281527345,2.1800369925988607,2.2028634807078116,47117.93723116934,335630640324.07666,380413445576.85223,75575591.12298149,33080615.890905917,15256.39268546649,23120.524623426365,2755.1872211907466,2.381859290341602,1.0587271194856953,0.4162039143503713
53,9000.0,150.0,2.5,24.709391735082495,24.821743437631937,0.00021514172112361332,67.18312403218755,67.50099329109256,67.1808068275359,1.000034492063449,3.4492063448941055e-05,284.1737155391029,280.03068912201496,130.3506464634804,131.3595026975373,2.180071393959049,2.1317885906343714,13528.788112844224,335632023629.5543,364079393686.87384,75583031.30546781,33083368.8897952,15259.413630595445,23128.573019105523,2755.656302374671,2.3826149140139172,1.0590437491644806,0.4163253193990619
53,9060.0,151.0,2.5166666666666666,24.69648322539205,24.645959749743053,0.00021514172112361332,67.13893215789325,66.86951525449619,67.13663441815382,1.0000342248276124,3.422482761232223e-05,284.19041575319505,273.86315291445646,130.3571321221391,128.57926394157474,2.180091040104508,2.129916943986376,13323.022034611957,335632826663.63403,335520385692.7889,75587880.05764785,33085210.32276924,15261.391230738853,23133.881352354092,2755.9723961396066,2.3831126150675246,1.0592541761295315,0.41640698870017445
53,9120.0,152.0,2.533333333333333,24.683574722123772,24.752867768467837,0.00021514172112361332,67.09513614520657,66.99828883967383,67.09274164986728,1.0000356893350966,3.568933509655168e-05,284.20696006084205,281.1414834387217,130.36356111158986,132.87460595885474,2.1801104360563137,2.1158405807485785,14490.917083892156,335633620285.72986,345917354670.55817,75592683.54213202,33087035.66694753,15263.35065320479,23139.142134658796,2756.2857898906514,2.38360583106099,1.059462749080513,0.4164879601845364
53,9180.0,153.0,2.55,24.670666218856056,24.621091790542085,0.00021514172112361332,67.05141045605822,67.007784146407,67.04912853830207,1.0000340335184945,3.4033518494526154e-05,284.22347687094856,289.79917067853864,130.36997990327484,129.94696263369292,2.180129789709425,2.230134239423915,13180.480010003204,335634412380.1925,334570558096.53754,75597479.05454347,33088858.118257374,15265.306960616697,23144.39446969163,2756.598708238933,2.38409830276305,1.0596710110867829,0.4165688132541656
53,9240.0,154.0,2.566666666666667,24.657757715588545,24.707167170364666,0.00021514172112361332,67.008066504773,66.74567959740531,67.00579512447652,1.0000338982664447,3.389826644483203e-05,284.2398448391265,273.02538416859613,130.37634363813936,130.1598443104122,2.1801489204823583,2.0976160936200143,13078.86902750756,335635196035.0072,334229421533.2947,75602231.36360332,33090664.945061266,15267.245876323781,23149.60095032649,2756.9089914725955,2.3845864695958454,1.0598774822555903,0.41664898646986526
53,9300.0,155.0,2.5833333333333335,24.64484921232111,24.572779304403877,0.00021514172112361332,66.96500121496463,67.01140363288377,66.9627414527755,1.0000337465602527,3.374656025276616e-05,284.2561042947319,282.76600412846847,130.38266719217052,131.64277077073717,2.1801678890014413,2.1479797369269926,12964.962768732721,335635973554.7218,315558056302.61597,75606952.17845348,33092460.36846973,15269.172141530173,23154.773958111284,2757.2173549124655,2.3850715129622344,1.0600826531992347,0.41672866574766276
53,9360.0,156.0,2.6,24.6319407090536,24.615721227289594,0.00021514172112361332,66.9222166459826,67.04711062266016,66.9199675709573,1.000033608429695,3.360842969505886e-05,284.2722546996112,285.4989179730098,130.3889502866352,130.44692780329294,2.1801866958411193,2.1886212483557075,12861.898388748086,335636744942.65137,344799237269.7783,75611641.34413221,33094244.306545764,15271.085688506791,23159.91324567669,2757.5237831838967,2.385553414511069,1.0602865150895866,0.41680784712875196
53,9420.0,157.0,2.6166666666666667,24.619032205786137,24.671496602246304,0.00021514172112361332,66.87971109069132,67.32290124700515,66.87747353017355,1.000033457611355,3.345761135489794e-05,284.28829649987665,280.80817203162474,130.3951931525944,131.32244659471056,2.180205340600167,2.138310542585758,12749.531577200523,335637510196.04785,318852208829.8899,75616298.98874527,33096016.82707143,15272.986569133704,23165.01901808405,2757.828288465962,2.3860321872484427,1.0604890743728905,0.4168865335729155
53,9480.0,158.0,2.6333333333333333,24.606123702518722,24.526027785435797,0.00021514172112361332,66.83748454909077,66.43052934568796,66.83525938497507,1.0000332932667004,3.329326670048159e-05,284.30422969552825,281.6404446573971,130.40139579004804,131.2502030040778,2.1802238233191193,2.145828640346155,12627.351442516807,335638269314.911,348214207979.3626,75620925.11210212,33097777.929970384,15274.874781104198,23170.091275333365,2758.1308704525472,2.386507829980836,1.0606903305775006,0.41696472490602643
53,9540.0,159.0,2.65,24.59321519925135,24.62923846942599,0.00021514172112361332,66.79553730969046,66.94094387924511,66.79332519332807,1.0000331188237146,3.311882371455078e-05,284.3200541975042,286.7050071116247,130.40755815255983,131.35489640087297,2.1802421441316064,2.1826746848983034,12498.091196888156,335639022302.11523,353177950698.77924,75625519.68828198,33099527.601797298,15276.750311017255,23175.129982768838,2758.431526359929,2.3869803385219583,1.0608902818112877,0.4170424203225669
53,9600.0,160.0,2.6666666666666665,24.580306695983925,24.734974448263817,0.00021514172112361332,66.75387223660663,66.53685077023665,66.75167101662734,1.0000329762528153,3.2976252815239816e-05,284.33576912166177,277.3537673225685,130.41367977914285,126.56357761032052,2.1802603040048245,2.1914185151791403,12393.39434791294,335639769186.1913,334323754939.7205,75630082.4616532,33101265.709752664,15278.613046299128,23180.134796352482,2758.7302312685733,2.3874496819011775,1.06108891347494,0.4171196133707036
53,9660.0,161.0,2.683333333333333,24.567398192716514,24.673060531962285,0.00021514172112361332,66.71248744317451,66.81523889851003,66.71029691970747,1.0000328363621238,3.283636212370853e-05,284.3513750504078,289.58534170513,130.41976097346068,131.8677399959005,2.180278302367621,2.1960287005307944,12291.103092143183,335640509948.3452,363922696119.5853,75634613.60029632,33102992.341190323,15280.463057326997,23185.105942710696,2759.0270010906424,2.3879158785632626,1.0612862344114244,0.41719630801430085
53,9720.0,162.0,2.7,24.55448968944911,24.673042992895216,0.00021514172112361332,66.67138292939408,66.97396447902055,66.66920297085913,1.0000326981340382,3.269813403807343e-05,284.3668719837423,285.80297223846173,130.42580173551332,130.97228351508608,2.1802961392593287,2.182163772120087,12190.435054474729,335641244588.5768,327810242321.2576,75639113.10402635,33104707.496036157,15282.300341847775,23190.043421843475,2759.3218355261797,2.3883789273413036,1.0614822441591194,0.4172725040827059
53,9780.0,163.0,2.716666666666667,24.541581186181713,24.399039960629935,0.00021514172112361332,66.63055869526535,66.48922148723643,66.62838924183758,1.0000325604963958,3.256049639582579e-05,284.3822599216652,282.34533028531325,130.43180206530073,134.91550495403672,2.1803138147189682,2.0927567248960983,12090.57977809586,335641973106.8865,299339730722.73193,75643580.97265944,33106411.174216434,15284.12489762374,23194.947233750834,2759.614734277191,2.388838827076235,1.0616769422594317,0.4173482014063694
53,9840.0,164.0,2.7333333333333334,24.528672682914305,24.581031132021494,0.00021514172112361332,66.5900148181711,66.54417397647643,66.5878558078816,1.000032423484182,3.242348418204694e-05,284.3975390940679,286.08761013911214,130.4377619235338,130.30439237644305,2.180331331204452,2.1955331276371632,11991.558574741022,335642695582.46533,329453080703.0657,75648017.27269307,33108103.364097357,15285.936743531463,23199.81736913753,2759.905693425824,2.389295579801235,1.0618703281431383,0.4174233990225136
53,9900.0,165.0,2.75,24.515764179646897,24.449488294767104,0.00021514172112361332,66.54975126374546,66.40044372457488,66.5476027477255,1.0000322854006942,3.228540069433083e-05,284.4127093988551,271.478242713838,130.44368132766093,126.41938112797745,2.1803486876795515,2.1474416366507434,11892.116615039242,335643411980.14417,369490628104.8386,75652421.97433501,33109784.070740864,15287.735867997646,23204.6538321316,2760.1947142860136,2.3897491829598145,1.0620624014082356,0.4174980971163502
53,9960.0,166.0,2.7666666666666666,24.502855676379486,24.441363368720996,0.00021514172112361332,66.50976802344755,65.8741466190136,66.50763014360926,1.0000321448807252,3.2144880725273875e-05,284.42777081065327,275.5725678847673,130.44956028201852,133.63252248948186,2.180365883915206,2.0621669242714282,11791.262664186495,335644122291.1826,339204566542.4549,75656795.07004678,33111453.295351163,15289.522266504457,23209.45662375898,2760.481796965143,2.3901996350656916,1.0622531616178659,0.41757229560920717
53,10020.0,167.0,2.783333333333333,24.48994717311208,24.23038270438006,0.00021514172112361332,66.47006509727737,66.20146282849622,66.46793808129794,1.0000320006312942,3.2000631294203306e-05,284.44272332946247,287.6093086631916,130.45539878660654,133.28356137476231,2.1803829199490767,2.157875327584482,11688.075249884863,335644826515.5808,344397746239.6546,75661136.55965105,33113111.03785692,15291.295936878363,23214.22574401966,2760.766941172855,2.390646934991942,1.0624426083257141,0.417645994335865
53,10080.0,168.0,2.8,24.477038669844667,24.342576173162204,0.00021514172112361332,66.4306427330744,65.8442702270816,66.42852665009194,1.000031855034112,3.1855034112078646e-05,284.45756705149165,289.3427236966775,130.46119676587492,128.57249426378576,2.1803997978186413,2.250424753392802,11584.322453915782,335645524716.71985,343367617576.5134,75665446.47136804,33114757.276776806,15293.056883391037,23218.96116314314,2761.050141565185,2.3910910814735296,1.062630739765762,0.41771919197275853
53,10140.0,169.0,2.816666666666667,24.464130166577252,24.346285223354812,0.00021514172112361332,66.39150105278607,66.11382729018244,66.38939594284196,1.0000317085268546,3.170852685454989e-05,284.47230202407974,280.87674772796174,130.46695418264977,129.2562054162339,2.1804165185448197,2.1730233130662913,11480.334791735164,335646216925.78564,329126427637.04456,75669724.81899625,33116392.001505926,15294.805107064662,23223.662866481078,2761.3313953672514,2.3915320733272942,1.0628175548463705,0.4177918877859317
53,10200.0,170.0,2.8333333333333335,24.451221663309838,24.393673721331965,0.00021514172112361332,66.35264029149464,66.67468112684995,66.3505460559642,1.0000315631996257,3.1563199625655384e-05,284.4869281369485,277.13672642321853,130.47267102630693,132.4113482545643,2.1804330814963393,2.09299829717326,11377.628538124509,335646903119.63135,336933767570.3418,75673971.5702684,33118015.208995193,15296.540594173173,23228.33082579536,2761.6107022056167,2.3919699070215437,1.0630030524909948,0.41786408155939636
53,10260.0,171.0,2.85,24.438313160042423,24.23196794805153,0.00021514172112361332,66.31406058108476,65.95364043690068,66.3119770894537,1.0000314195372013,3.1419537201314606e-05,284.5014453573422,281.8166286489007,130.47834728206902,134.75153542726653,2.180449486705292,2.0913797216137398,11276.54116962384,335647583297.2986,349886448237.5186,75678186.7155343,33119626.89500083,15298.263338653123,23232.965025243997,2761.888061067275,2.392404580428245,1.0631872318172846,0.41793577295058615
53,10320.0,172.0,2.8666666666666667,24.425404656775004,24.47865705032767,0.00021514172112361332,66.27576200978676,65.91425237517096,66.2736891468992,1.000031277312524,3.127731252389165e-05,284.51585361695487,280.732500770942,130.48398296852295,133.3850622796444,2.180465733373494,2.1046772102739726,11176.895462253531,335648257429.1328,350888179335.43176,75682370.23342523,33121227.06466116,15299.973331908623,23237.56545422874,2762.1634731571557,2.3928360915148943,1.063370092506858,0.4180069621123277
53,10380.0,173.0,2.8833333333333333,24.412496153507586,24.21917006216559,0.00021514172112361332,66.23774464093378,66.42010218024772,66.23568233549777,1.0000311358676064,3.113586760632917e-05,284.53015288401866,286.16951004704345,130.48957808841573,124.37171930157108,2.180481821247286,2.300921074775466,11078.21049521331,335648925504.64417,341457771572.3992,75686522.11408448,33122815.718669116,15301.670568627043,23242.132105142013,2762.436938528166,2.3932644386173116,1.0635516340588218,0.4180776489487221
53,10440.0,174.0,2.9,24.399587650240175,24.420104921567038,0.00021514172112361332,66.20001200164204,65.36100655585754,66.19795676607077,1.000031046812797,3.1046812797034986e-05,284.54434371216036,278.5034034107611,130.49513198835243,130.16270591478596,2.1804977655224556,2.1396559133696087,11017.077349190728,335649587978.6228,380242534760.1024,75690642.51613751,33124392.67175956,15303.355072718274,23246.664554306186,2762.708414938168,2.393689613561971,1.0637318435637084,0.41814782360884806
53,10500.0,175.0,2.9166666666666665,24.386679146972757,24.49359461021121,0.00021514172112361332,66.16256233454804,65.96512929546317,66.16051255307546,1.000030981946685,3.098194668510517e-05,284.5584258416959,280.9818624118431,130.50064498827396,131.78641541170705,2.1805135588966986,2.13210034990361,10973.212490878552,335650244631.69946,319879438449.7686,75694731.36516446,33125958.01455839,15305.02683062281,23251.163012815974,2762.9779225946204,2.3941116189952254,1.063910726756287,0.4182174906709406
53,10560.0,176.0,2.933333333333333,24.373770643705342,24.395329115995963,0.00021514172112361332,66.12539430571468,66.07262500328079,66.12334981462352,1.0000309193514376,3.0919351437680186e-05,284.5723990755106,283.3530160252541,130.50611733103344,130.34067503355564,2.1805291958359505,2.1739416030514347,10931.015748102769,335650895297.3602,336287529434.0661,75698788.60463515,33127511.81583941,15306.68583156864,23255.627640904066,2763.2454767740473,2.394530456678279,1.0640882878925204,0.4182866535746852
53,10620.0,177.0,2.95,24.360862140437927,24.37035581060483,0.00021514172112361332,66.08850791514192,65.81043353264205,66.08646867249524,1.0000308571888865,3.0857188886579595e-05,284.58626341360446,292.10148388308227,130.5115490166308,131.00681934873492,2.1805446763745038,2.229666251995018,10889.181161202374,335651539975.6056,332286281030.7437,75702814.2343876,33129054.075537264,15308.332073536425,23260.058438570464,2763.5110772041935,2.3949461255614963,1.0642645265554815,0.41835531216517463
53,10680.0,178.0,2.966666666666667,24.347953637170512,24.38531221758543,0.00021514172112361332,66.05190316282977,66.58252735532561,66.04986925215228,1.0000307935609944,3.0793560994530555e-05,284.60001885597745,291.25825999708786,130.51694004506606,131.68942095736406,2.180560000546352,2.211705829364881,10846.370174654443,335652178666.43494,336368282166.9174,75706808.25426072,33130584.793587,15309.965554522263,23264.455405815166,2763.7747236147734,2.3953586246031264,1.0644394423313006,0.4184234662886146
53,10740.0,179.0,2.9833333333333334,24.335045133903094,24.3267979492498,0.00021514172112361332,66.01558004877825,66.25449298197331,66.013551682759,1.0000307265094446,3.072650944451334e-05,284.6136654026297,292.31795248026276,130.52229041633925,133.0151123930437,2.1805751683851904,2.1976296318609143,10801.212000754624,335652811369.84875,355174156821.4559,75710770.66409525,33132103.96992436,15311.586272538028,23268.81854263817,2764.036415737528,2.395767952769429,1.0646130348092608,0.4184911157923583
53,10800.0,180.0,3.0,24.32213663063568,24.259832945246334,0.00021514172112361332,65.97953857298734,65.84975250128215,65.97751609719133,1.000030654015423,3.0654015422943116e-05,284.62720305356095,280.28913395514644,130.5276001304503,125.69834803610549,2.1805901799244167,2.2298553508009222,10752.305005868484,335653438085.8468,334272851332.98285,75714701.4637329,33133611.604485527,15313.194225611034,23273.147849039484,2764.296153306197,2.396174109034579,1.0647853035817167,0.41855826052488165
53,10860.0,181.0,3.0166666666666666,24.309228127368264,24.02825744947287,0.00021514172112361332,65.94377873545704,66.04617296661327,65.9417626320555,1.0000305739992543,3.0573999254372234e-05,284.6406318087715,287.1656604427576,130.5328691873993,134.61336557091272,2.180605035197132,2.1332626164188886,10698.218973907851,335654058814.42944,363814168818.9452,75718600.65301725,33135107.697207406,15314.789411784557,23277.4433250191,2764.553936056527,2.3965770923808023,1.064956248244183,0.41862490033580535
53,10920.0,182.0,3.033333333333333,24.296319624100846,24.444248960411358,0.00021514172112361332,65.90830053618737,65.27497001494443,65.90629142770567,1.0000304843200578,3.0484320057743632e-05,284.6539516682612,291.3147438135285,130.53809758718623,131.02350746866355,2.180619734236139,2.2233776933746126,10637.498467416402,335654673555.59595,328599652154.24664,75722468.23179275,33136592.2480271,15316.371829117124,23281.70497057702,2764.809763726227,2.3969769017981974,1.065125868395235,0.4186910350758648
53,10980.0,183.0,3.05,24.28341112083343,24.3748249093751,0.00021514172112361332,65.87310397517831,65.9119244431916,65.87110262825811,1.000030382775456,3.0382775456031935e-05,284.66716263203,287.40188006652915,130.54328532981103,131.06025776317213,2.1806342770739433,2.1928987854263853,10568.667412280523,335655282309.3468,376743620371.7545,75726304.19990543,33138065.256882533,15317.941475683052,23285.93278571324,2765.063636055025,2.3973735362848743,1.0652941636365814,0.41875666459693317
53,11040.0,184.0,3.066666666666667,24.270502617566017,24.21214486426501,0.00021514172112361332,65.83818905242987,65.84409528946993,65.83619638160447,1.0000302671013048,3.0267101304756833e-05,284.680264700078,282.4708985928613,130.54843241527374,129.28208905113368,2.1806486637427547,2.1849190453685994,10490.234989346678,335655885075.6821,337379764990.1864,75730108.55720285,33139526.7237121,15319.498349572357,23290.126770427767,2765.3155527846575,2.397766994846947,1.0654611335730557,0.4188217887520249
53,11100.0,185.0,3.0833333333333335,24.2575941142986,24.334110535343882,0.00021514172112361332,65.80355576794204,65.83736090359243,65.80157283943468,1.0000301349712748,3.0134971274903214e-05,284.6932578724052,295.6083729106588,130.55353884357433,130.66574481964568,2.1806628942744846,2.2623249369502227,10400.70283085958,335656481854.6018,329102194288.41754,75733881.30353361,33140976.648454696,15321.042448890541,23294.2869247206,2765.565513658841,2.398157276498438,1.0656267778125805,0.4188864073952727
53,11160.0,186.0,3.1,24.244685611031183,24.295819327425548,0.00021514172112361332,65.76920412171484,65.4767260835191,65.76723215724758,1.0000299839966285,2.998399662835441e-05,284.70614214901144,288.8285882627654,130.55860461471283,127.65865930138106,2.1806769687007477,2.2625068275305056,10298.573873029081,335657072646.10547,340139937494.78955,75737622.43874776,33142415.03104973,15322.573771758747,23298.413248591736,2765.813518423309,2.3985443802613666,1.0657910959662065,0.41895052038195324
53,11220.0,187.0,3.1166666666666667,24.231777107763765,24.11779790349208,0.00021514172112361332,65.73513411374824,65.76815431828624,65.73317449436809,1.000029811725894,2.9811725893854106e-05,284.71891752989694,290.568924265942,130.56362972868928,128.95222765386825,2.180690887052863,2.2533067443075354,10182.362781248914,335657657450.1936,333066166939.8072,75741331.96269712,33143841.87143725,15324.09231631385,23302.505742041176,2766.0595668257865,2.3989283051657715,1.0659540876481017,0.41901412756847645
53,11280.0,188.0,3.1333333333333333,24.21886860449635,24.07405904248581,0.00021514172112361332,65.70134574404226,65.70951778356184,65.69940001396922,1.000029615644475,2.961564447496673e-05,284.73158401506157,278.1449811188711,130.5686141855036,129.5572424063091,2.180704649361852,2.1468887107566763,10050.608095805812,335658236266.8662,325428994734.5913,75745009.87523428,33145257.16955778,15325.598080708209,23306.564405068922,2766.303658615985,2.399309050249606,1.0661157524755307,0.4190772288123741
53,11340.0,189.0,3.15,24.205960101228932,24.429006842769997,0.00021514172112361332,65.6678390125969,65.08935663348774,65.66590888308264,1.0000293931744355,2.939317443546757e-05,284.7441416045054,287.32518628066987,130.57355798515582,129.403185571858,2.1807182556584417,2.2203872726233413,9901.886394459292,335658809096.1228,355072071606.57184,75748656.17621356,33146660.925352335,15327.091063109896,23310.58923767497,2766.5457935456125,2.399686614558842,1.066276090068893,0.41913982397232097
53,11400.0,190.0,3.1666666666666665,24.193051597961514,23.951652867203048,0.00021514172112361332,65.63461391941216,65.93996730428663,65.63270127261802,1.0000291416741511,2.914167415103798e-05,284.75659029822833,291.3802904476924,130.57846112764594,129.24743558498412,2.1807317059730607,2.254437692545946,9734.828390939132,335659375937.96387,316955849876.1796,75752270.86549062,33148053.138762563,15328.571261702557,23314.580239859322,2766.78597136841,2.400060997147417,1.0664351000516934,0.41920191290812436
53,11460.0,191.0,3.183333333333333,24.1801430946941,24.01428186282109,0.00021514172112361332,65.60167046448804,65.12416257853289,65.59977735738096,1.0000288584379908,2.885843799081994e-05,284.76893009623046,287.3290105167648,130.58332361297403,130.56051228703544,2.180745000335843,2.2007343988132955,9548.137219388624,335659936792.38916,339140824939.3326,75755853.9429223,33149433.80973062,15330.038674685522,23318.53741162198,2767.024191840086,2.4004321970772757,1.0665927820505718,0.4192634954807275
53,11520.0,192.0,3.2,24.16723459142668,24.222341680633452,0.00021514172112361332,65.56900864782452,65.96064907343292,65.56713731609021,1.0000285406960088,2.8540696008820037e-05,284.7811609985117,292.3328862320823,130.58814544113994,130.35612026904846,2.180758138776626,2.24257123968343,9340.609032275628,335660491659.3987,347667218096.0434,75759405.40836707,33150802.938199103,15331.493300273607,23322.460752962947,2767.2604547183346,2.4008002134182966,1.066749135695245,0.41932457155219627
53,11580.0,193.0,3.216666666666667,24.154326088159262,24.19091599294954,0.00021514172112361332,65.53662846942163,65.81321101388207,65.53478133139215,1.0000281856136841,2.818561368405378e-05,284.79328300507217,283.37524442151465,130.59292661214383,134.35772710263214,2.1807711213249528,2.1091101385263253,9111.156082528674,335661040538.9927,334117184986.3396,75762925.26168472,33152160.524111345,15332.935136697386,23326.35026388221,2767.494759762889,2.401165045248387,1.0669041606185914,0.41938514098574675
53,11640.0,194.0,3.2333333333333334,24.141417584891844,24.25946681073549,0.00021514172112361332,65.50454254424604,65.02728895979911,65.50270958988352,1.0000279828784793,2.7982878479212392e-05,284.80529283103726,282.2035215229172,130.59766515530768,130.92626947280715,2.180783955764789,2.155438497249245,8982.040747056808,335661583624.0133,349526292325.5878,75766412.5471715,33153506.008110806,15334.36375964596,23330.20442906847,2767.7270022564608,2.4015265738095195,1.0670577990452284,0.41944517746812604
53,11700.0,195.0,3.25,24.128509081624426,24.084023970555638,0.00021514172112361332,65.47274293428394,64.95259005533887,65.47092228212604,1.0000278085613343,2.7808561334414222e-05,284.81719254342624,290.4096977450593,130.60236231068785,128.43656765206168,2.1807966372451917,2.2611138171473675,8871.935799206256,335662120793.11365,359060634021.3157,75769867.86598298,33154839.74208349,15335.779433231146,23334.02420203689,2767.957247696604,2.401884872322835,1.067210086728199,0.41950469733169093
53,11760.0,196.0,3.2666666666666666,24.11560057835701,24.326364804818134,0.00021514172112361332,65.44122889032067,64.44104806574512,65.43941960266297,1.000027648283996,2.7648283995989672e-05,284.82898233733084,282.66929754595964,130.60701819532468,131.6779748522327,2.1808091653341704,2.1466710576553703,8771.384740734582,335662652034.8412,363337711540.55585,75773291.27473521,33156161.75919147,15337.182180808173,23337.809672783227,2768.1855020501025,2.402239946878467,1.0673610267144582,0.4195637019955436
53,11820.0,197.0,3.283333333333333,24.102692075089593,24.10035501998199,0.00021514172112361332,65.41000041235625,65.76512257332855,65.40820175004094,1.0000274990332585,2.7499033258594418e-05,284.84066221275117,281.40609319050515,130.61163280921815,130.5474033387923,2.1808215400600064,2.1555855267393516,8678.335785670319,335663177349.1952,332856657045.16455,75776682.77329358,33157472.05938013,15338.572000653177,23341.56084130748,2768.411765080964,2.4025917965764556,1.0675106186447518,0.41962219132540657
53,11880.0,198.0,3.3,24.089783571822178,23.857089343987173,0.00021514172112361332,65.37905750039067,65.4673182943893,65.37726892682507,1.0000273577283811,2.7357728381205915e-05,284.85223216968717,288.60154452431686,130.61620615236833,127.26925379578987,2.1808337614506823,2.267645451802468,8590.744741839859,335663696736.1759,368376387664.9977,75780042.36152479,33158770.642595336,15339.94889105823,23345.277707609654,2768.6360365552646,2.402940420525013,1.067658862163034,0.4196801651881614
53,11940.0,199.0,3.316666666666667,24.07687506855476,23.99066003294271,0.00021514172112361332,65.34840015442391,65.31770249700477,65.34662133961865,1.0000272212207577,2.7221220757814876e-05,284.86369220813884,288.6932215136096,130.62073822477515,129.05223269957352,2.1808458295338897,2.237026167425336,8506.569313469987,335664210195.78394,331608004496.8797,75783370.03929701,33160057.508783594,15341.312850331422,23348.960271689743,2768.858316241134,2.4032858178406045,1.0678057569164707,0.41973762345186394
