batch_id,time_s,time_min,time_hr,T_celsius,T_meas_celsius,cooling_rate_degC_s,c_kg_m3,c_meas_kg_m3,cs_kg_m3,S_supersat_ratio,sigma_rel_supersat,mean_L1_um,mean_L1_meas_um,mean_L2_um,mean_L2_meas_um,aspect_ratio,aspect_ratio_meas,nucleation_rate_m3_s,mu00,mu00_meas,mu10,mu01,mu20,mu11,mu02,mu30,mu21,mu12
17,0.0,0.0,0.0,30.861942037400567,30.867962691752695,0.0004447175161614845,240.0,240.22567899868656,125.33156867098283,1.9149205786296488,0.9149205786296487,74.38975025512507,74.06130379478923,35.83617726249209,35.33221696215649,2.0758282812989948,2.096140864132997,452353507495.4775,552578373071.3684,597437837561.4072,41106167.16916242,19802296.528805047,3073.913681998659,1473.5192857450343,711.3023385455781,0.23101584372868533,0.1102216506034773,0.05293314925534492
17,60.0,1.0,0.016666666666666666,30.835258986430862,30.91464014008067,0.0004447175161614845,124.89974360672949,124.9872845517362,124.87369895607017,1.000208567944067,0.0002085679440670517,255.9638931393136,247.5746718459328,76.30542127193954,81.50950806796135,3.3544653692049193,3.0373716847795094,244075.49661460138,624332498816.7722,680644379260.5714,151944118.8646,44238813.33018792,36693.24122481437,15299.375909561311,3090.194472486091,8.777273705925522,2.5666514886627154,0.7422080678717469
17,120.0,2.0,0.03333333333333333,30.80857593546117,30.748902663823465,0.0004447175161614845,124.44401010480277,124.32809405099113,124.41822192297559,1.0002072701363884,0.00020727013638843105,256.2278396593524,254.4247037573331,76.39975089524133,77.5129392825951,3.353778469915298,3.28235138690531,241909.9352133765,624347031734.9746,634474043531.4369,152103713.32542923,44295456.95940761,36769.54427629193,15354.11867255551,3098.0756835996326,8.80458114228504,2.575232459523181,0.7448686665637172
17,180.0,3.0,0.05,30.78189288449148,30.670889972697083,0.0004447175161614845,123.990709528489,123.73768747542387,123.96512675116539,1.0002063707592135,0.00020637075921337751,256.49000463468155,255.6007742738806,76.49347675929202,78.35396024915215,3.3530964403905785,3.262129616181671,240665.580340391,624361483626.2462,642881095864.6991,152262233.03500235,44351738.970635846,36845.4087594291,15408.56919223284,3105.9162224203815,8.831759031308032,2.583775130680352,0.7475181257709153
17,240.0,4.0,0.06666666666666667,30.755209833521793,30.634410730747035,0.0004447175161614845,123.53976202834366,123.81908193419551,123.51440267943713,1.0002053149135357,0.00020531491353563143,256.7504297242156,252.25393419434576,76.58661384226832,75.29887524135977,3.352419134928701,3.35003588547348,239046.67636273731,624375857180.8037,592986224994.054,152419703.12920278,44407668.331485406,36920.84513027243,15462.737060118166,3113.7171499557885,8.858810610708234,2.5922805077234927,0.7501567529709744
17,300.0,5.0,0.08333333333333333,30.728526782552102,30.79203098450289,0.0004447175161614845,123.09117630629471,123.48751733101719,123.06603900568628,1.0002042586306632,0.00020425863066311518,257.0091155381763,271.2263521965255,76.67916145362238,74.71221384421177,3.3517465588564415,3.630281291919426,237417.83312436324,624390152421.5848,601025727969.2148,152576123.9247976,44463244.60674429,36995.852023916224,15516.621230934858,3121.4782222737863,8.885734896396414,2.60074823443516,0.7527844239315308
17,360.0,6.0,0.1,30.701843731582414,30.725547435578928,0.0004447175161614845,122.64495467066232,123.04452833845983,122.62002508668114,1.0002033076079013,0.00020330760790134868,257.2660622384343,255.85213947982655,76.77111941017576,75.78344801720185,3.3510786896815072,3.376095257921644,236024.66814504177,624404369354.6753,657307590817.464,152731495.46944198,44518467.6643095,37070.4279570279,15570.221427407218,3129.199239322533,8.912530863576109,2.6091779649780533,0.7554010239168162
17,420.0,7.0,0.11666666666666667,30.675160680612723,30.677599137224348,0.0004447175161614845,122.20109239780203,122.1131818615209,122.17635033782413,1.000202511041699,0.00020251104169901238,257.5212712484114,258.11320125619534,76.86248847578344,75.20761705079136,3.35041548036201,3.43200876956225,234980.67942619557,624418508024.8394,620737384250.8793,152885818.5754767,44573337.94000623,37144.571826847976,15623.538216939985,3136.8800823764786,8.939197626562954,2.6175694146123902,0.7580064618651426
17,480.0,8.0,0.13333333333333333,30.648477629643036,30.719646779872306,0.0004447175161614845,121.75953784091055,122.18825474332829,121.73500423293335,1.0002015328962428,0.00020153289624289794,257.7747930966296,262.65128881986203,76.95328475393441,77.10723798095474,3.349756854705936,3.4063117250385258,233506.24523840236,624432570061.6875,585754582454.7751,153039123.7525078,44627865.09788507,37218.29691195604,15676.577803353375,3144.5219335733696,8.965739495873374,2.625923854287564,0.7606011084305441
17,540.0,9.0,0.15,30.621794578673345,30.565953416355054,0.0004447175161614845,121.32031465284123,120.7022406609233,121.29597630401844,1.0002006525654388,0.00020065256543871465,258.0266046423785,265.9654603774797,77.04350086966181,78.06042089172382,3.3491028020506817,3.4071743059955506,232249.72379045436,624446554718.9014,617445289102.6234,153191396.95792708,44682044.67999822,37291.59497967,15729.337345463804,3152.123991544653,8.992153027519144,2.634240217914078,0.7631846362772896
17,600.0,10.0,0.16666666666666666,30.595111527703654,30.465343139240876,0.0004447175161614845,120.88341030547375,120.84170440253419,120.85925614104897,1.0001998536578496,0.0001998536578496119,258.276717985833,260.43469183964964,77.1331408129282,77.5672656348422,3.3484532752560168,3.3575334866859836,231172.72315080615,624460462288.6055,604999030062.2063,153342645.46259385,44735879.06470457,37364.46812104633,15781.81834815059,3159.6864188210684,9.018438506706014,2.6425185682670076,0.7657570566524949
17,660.0,11.0,0.18333333333333332,30.568428476733967,30.63931404580219,0.0004447175161614845,120.44879470705098,120.32103483397643,120.42483339173698,1.0001989732070964,0.0001989732070963459,258.52516275134565,252.36006433531986,77.22221432147654,74.64763786616192,3.3478082054873983,3.380683857509117,229898.3511646197,624474293474.645,615602865680.4324,153492887.13740155,44789374.088634394,37436.9236056104,15834.02442603921,3167.209870501121,9.044598102872595,2.6507595424382067,0.7683185542114661
17,720.0,12.0,0.2,30.541745425764276,30.465651816910093,0.0004447175161614845,120.01646684807582,119.20442489953561,119.9926977613189,1.0001980877770096,0.0001980877770096333,258.77194713509965,258.56921230344875,77.31072370222248,74.51328070319666,3.347167569298807,3.470109084760188,228604.11806446273,624488048328.6819,651082433107.1973,153642126.8950101,44842531.12204602,37508.96244833032,15885.95570039058,3174.6943740904085,9.070631730751305,2.6589630767661863,0.7708690982920043
17,780.0,13.0,0.21666666666666667,30.515062374794585,30.505259961535355,0.0004447175161614845,119.5864178960272,119.73086907015986,119.56283901232844,1.0001972091319806,0.00019720913198062863,259.0170819715636,255.09842880589036,77.39867253435301,78.75926243288914,3.3465313226993674,3.2389641665735507,227317.39591564913,624501726933.739,630237860067.9836,153790371.24490964,44895352.29891764,37580.586463203086,15937.613232168193,3182.1400678791874,9.096539600692193,2.6671292122070875,0.773408693895899
17,840.0,14.0,0.23333333333333334,30.488379323824898,30.50787401456901,0.0004447175161614845,119.15863316775203,118.97639999007167,119.13524696439028,1.000196299617096,0.0001962996170960459,259.26058673092035,251.6999087895684,77.48606710691503,77.59142091438983,3.345899416642135,3.2439141573045873,225951.65165566164,624515329500.494,644933920687.0055,153937631.9216401,44947841.38547296,37651.80003920458,15988.99878511416,3189.547325090431,9.122322866233716,2.6752582730434105,0.7759374304299599
17,900.0,15.0,0.25,30.46169627285521,30.471699891101377,0.0004447175161614845,118.73310427859619,118.9687232470573,118.70991149399195,1.0001953736154998,0.00019537361549972783,259.5024725851194,254.7175446754952,77.57291101865489,78.56298362351966,3.3452718117373954,3.2422081357821493,224540.4590247991,624528856157.9255,645268668667.8055,154083915.6398699,45000000.52832478,37722.60513710682,16040.11336639414,3196.916291236197,9.147981804957439,2.683350318071814,0.7784553175489556
17,960.0,16.0,0.26666666666666666,30.43501322188552,30.531791124405558,0.0004447175161614845,118.30983891004327,117.8452342858745,118.28682253427647,1.0001945810638386,0.00019458106383854704,259.7427293204387,255.73295136138196,77.65920097558804,76.71480799652522,3.344648490551533,3.3335539518389377,223428.38253281513,624542306791.3113,615874281015.5311,154229216.17592028,45051827.723724574,37792.99739824695,16090.956053307404,3204.246521298078,9.17351439481011,2.6914047096623706,0.7809621558352285
17,1020.0,17.0,0.2833333333333333,30.408330170915832,30.26931054656962,0.0004447175161614845,117.88880134440758,117.59144055663974,117.86597007482756,1.000193705355036,0.0001937053550361451,259.9813964558996,256.777132604979,77.7449498355442,76.24475034151268,3.344029380761639,3.3678008184803843,222117.7820363758,624555682211.8265,633476333233.696,154373557.395109,45103330.69107024,37862.98719430138,16141.531136266645,3211.5389583006327,9.198923985577492,2.6994224421911044,0.7834582372170646
17,1080.0,18.0,0.3,30.38164711994614,30.40484708933111,0.0004447175161614845,117.46998980302229,117.25453467564247,117.44734416146038,1.000192815271589,0.00019281527158908135,260.21847595946764,263.9187583160918,77.83015823881674,78.37609082071043,3.343414453315183,3.367337609626644,220767.1112972297,624568982459.8665,698134459534.7639,154516940.445172,45154509.79611781,37932.5738200903,16191.83882892554,3218.793500526986,9.224209899867951,2.7074032862258943,0.7859434851096915
17,1140.0,19.0,0.31666666666666665,30.354964068976454,30.348935529845626,0.0004447175161614845,117.05341388291629,117.37609420267295,117.0309348960058,1.0001920773078543,0.0001920773078542033,260.4539572127283,261.1325829365706,77.9148227306195,77.04874367412795,3.3428036936336807,3.389186772999335,219757.50177003437,624582207317.4751,550048522070.6378,154659358.85913694,45205362.93972379,38001.75284769988,16241.87797848782,3226.009694912604,9.249370102102322,2.715346599370607,0.7884176985021337
17,1200.0,20.0,0.3333333333333333,30.328281018006763,30.395491188038903,0.0004447175161614845,116.6390359931843,116.9625254362373,116.61673243610929,1.0001912552050558,0.0001912552050558017,260.6878834274754,260.6150651091397,77.99895734737136,76.86840539034367,3.3421970279229747,3.3904055090738043,218548.09572357134,624595357590.9474,652722335708.1713,154800838.74007452,45255898.55288331,38070.53583517221,16291.65310037755,3233.188596432837,9.27440840204695,2.7232535161310816,0.7908812116696317
17,1260.0,21.0,0.35,30.301597967037075,30.116146470216425,0.0004447175161614845,116.22685498028852,116.18667800798559,116.2047269950176,1.000190422419493,0.0001904224194931077,260.9202559297327,253.53339580068845,78.08256251980252,76.71913795732736,3.3415944291474906,3.3046955759814267,217307.39277320026,624608433305.0259,637901012052.4421,154941380.84889546,45306116.87593445,38138.921941851775,16341.164333157823,3240.3300916762064,9.299324087679956,2.731123797130969,0.7933339452111783
17,1320.0,22.0,0.36666666666666664,30.274914916067384,30.333776047296197,0.0004447175161614845,115.81686266623943,115.97838433804205,115.7949088413782,1.0001895923152486,0.00018959231524851903,261.1510839430985,264.4155816799795,78.16564124633294,79.41200799404605,3.340995861853179,3.3296674943643803,216066.13030445293,624621434643.1753,650591435168.9003,155080990.72544706,45356019.69519528,38206.91268610247,16390.412659169724,3247.434290201708,9.324117313288813,2.738957466558302,0.7957758991874382
17,1380.0,23.0,0.38333333333333336,30.248231865097697,30.1945548439352,0.0004447175161614845,115.40904998426608,115.54951086429844,115.38726829903098,1.000188770265179,0.00018877026517908084,261.3803762483901,269.0903254542385,78.24819640083331,78.95543055898005,3.340401290650151,3.408129416167604,214836.69289233547,624634361874.4739,657131908687.0214,155219673.64258546,45405608.7217665,38274.50946562573,16439.39916751487,3254.5012921780935,9.348788192618784,2.7467545372157978,0.798207070480695
17,1440.0,24.0,0.4,30.221548814128006,30.193370868866882,0.0004447175161614845,115.00340682250608,114.69197850764209,114.98179574681315,1.0001879521497519,0.00018795214975175805,261.6081447785671,258.9394021838699,78.33023185539908,76.92703499567878,3.3398106782258328,3.3660390290411595,213609.8199140928,624647215201.767,655335800327.2545,155357436.78042692,45454886.26860398,38341.714643975625,16488.12507283139,3261.5312871688916,9.373337200343483,2.7545151309020643,0.8006274886363688
17,1500.0,25.0,0.4166666666666667,30.19486576315832,30.236986086440137,0.0004447175161614845,114.59992342013881,114.84936142923203,114.57848161834919,1.0001871363757555,0.0001871363757554537,261.834400407798,267.8849336959435,78.41175114682628,76.89393320361611,3.3392239884747914,3.4838240487267154,212382.03310557804,624659994850.147,682313613398.0316,155494286.67917567,45503854.4468355,38408.530286204616,16536.591547590222,3268.5244377183917,9.39776470682103,2.7622393382684973,0.8030371739733847
17,1560.0,26.0,0.43333333333333335,30.168182712188628,30.232624856431638,0.0004447175161614845,114.19859072947166,114.0889570913177,114.17731640185733,1.0001863270944245,0.00018632709442441937,262.05915449410315,265.6969582163002,78.49275793295561,79.4452029413737,3.3386411867186565,3.3444053055333036,211162.89105590322,624672701022.0682,661030614419.8517,155630230.17383516,45552515.441750586,38474.958624097344,16584.799678601288,3275.4809194613977,9.422071149640377,2.769927269336673,0.8054361523593495
17,1620.0,27.0,0.45,30.141499661218937,29.99016808075606,0.0004447175161614845,113.79939895392008,113.52298612166133,113.77829063995247,1.0001855214544786,0.0001855214544785049,262.2824178873856,268.5997435471381,78.57325574451264,77.6181477802201,3.3380622376170628,3.460527611502564,209946.04776641587,624685333943.7588,635469193060.7892,155765273.7909292,45600871.361261755,38541.0017536768,16632.75064263151,3282.400898844833,9.446256921574603,2.777579022114359,0.8078244464942961
17,1680.0,28.0,0.4666666666666667,30.11481661024925,30.019449027653398,0.0004447175161614845,113.40233844312712,112.93872203404783,113.38139492944923,1.0001847173752882,0.00018471737528828348,262.5042015367625,255.73026047259847,78.65324813704324,81.70747718763376,3.337487106436882,3.129826905380242,208726.93304484643,624697893836.8047,644814515431.7417,155899424.117849,45648924.32867977,38606.661819978544,16680.445598882914,3289.2845467230904,9.470322438934884,2.785194701734974,0.8102020812245028
17,1740.0,29.0,0.48333333333333334,30.08813355927956,30.013678804171743,0.0004447175161614845,113.00740026457349,112.58154151751694,112.98661992116145,1.0001839186217496,0.00018391862174956677,262.72451556364757,268.10573855855046,78.73273838894698,80.4388426959124,3.336915760071297,3.333038238405369,207514.19196181084,624710380930.0444,606876683393.1768,156032687.2425377,45696676.300975576,38671.94073763709,16727.8856203308,3296.132011872277,9.494268038203762,2.79277438898112,0.8125690740381357
17,1800.0,30.0,0.5,30.06145050830987,30.149398886553485,0.0004447175161614845,112.61457514533657,112.73145175462028,112.59395631971991,1.000183125509491,0.00018312550949108346,262.94337052153264,262.3476925693643,78.81172992205818,80.13618590542657,3.3363481651979177,3.273773135134935,206308.64469247297,624722795447.9722,621167855999.3085,156165069.51450574,45744129.32160007,38736.84056904339,16775.071820839737,3302.9434576784265,9.518094115595034,2.800318183138851,0.8149254481036793
17,1860.0,31.0,0.5166666666666667,30.03476745734018,29.993894859869137,0.0004447175161614845,112.22385349563405,112.74288447070204,112.20339488337478,1.0001823350557308,0.00018233505573094703,263.16077736610316,262.56272059977806,78.89022629172526,79.7550803056836,3.335784288321986,3.292112798249756,205103.68391377924,624735137611.04,568772490474.2842,156296577.5267787,45791285.51452078,38801.36351570346,16822.00535233554,3309.7190613129023,9.541801124025833,2.807826201078309,0.8172712319935381
17,1920.0,32.0,0.5333333333333333,30.008084406370493,29.929846307867308,0.0004447175161614845,111.83522624495548,111.97348138467471,111.81492642380204,1.0001815484014764,0.00018154840147640888,263.37674591950145,262.24779194654,78.96823069121301,78.49347442226754,3.335224097262294,3.341013936212561,203902.00310751644,624747407658.9839,636464320932.3066,156427217.18746197,45838146.785870716,38865.511454248786,16868.687304368996,3316.4589701464743,9.565389401117969,2.815298525042639,0.8196064439643174
17,1980.0,33.0,0.55,29.981401355400802,29.99342978551612,0.0004447175161614845,111.4486845018874,111.97929345445957,111.4285418059227,1.0001807678323547,0.00018076783235462858,263.5912855175137,272.54271784989214,79.04574616009299,78.14427018794565,3.3346675605244687,3.487686521281683,202708.8441582396,624759605840.7351,618824806506.2301,156556994.1109986,45884714.949401945,38929.28613071069,16915.11874497778,3323.163319934601,9.588859240797428,2.8227352243487416,0.8219310984805872
17,2040.0,34.0,0.5666666666666667,29.954718304431115,30.083882899128906,0.0004447175161614845,111.06421880137393,111.40921140644484,111.04423194771162,1.0001799900211992,0.0001799900211990686,263.804407053711,260.956034158049,79.1227762302119,81.26358827445196,3.3341146459037043,3.2112295272603615,201516.84659461517,624771732375.7703,646496896409.2485,156685914.85449016,45930992.11570167,38992.68977964438,16961.30081110552,3329.832291820011,9.612211123247466,2.8301364247052123,0.8242452269504249
17,2100.0,35.0,0.5833333333333334,29.928035253461427,29.789479932431078,0.0004447175161614845,110.68182024216806,111.07326419750429,110.6619878200126,1.0001792162109695,0.00017921621096953955,264.0161198766176,256.7237982862486,79.19932394570696,80.46672745950679,3.3335653225727904,3.1904341880367824,200328.9108448841,624783787512.4199,652682382274.435,156813985.0410176,45976980.101697594,39055.72418419415,17007.234571971094,3336.4660258373788,9.63544536583484,2.8375022030085306,0.8265488462616872
17,2160.0,36.0,0.6,29.901352202491736,29.724609301206225,0.0004447175161614845,110.3014807104003,109.7410424864913,110.2818004463542,1.0001784543230745,0.00017845432307459375,264.2264311635823,258.38956319650697,79.27539166587884,77.69121429772652,3.3330195614449267,3.3258530650108304,199162.82255867854,624795771539.2174,604882391328.9366,156941208.98085725,46022680.31183754,39118.39048386933,17052.921002213465,3343.0646032233094,9.65856205080951,2.8448325655342197,0.8288419522530645
17,2220.0,37.0,0.6166666666666667,29.87466915152205,29.748050605099568,0.0004447175161614845,109.92319030870827,110.448353064708,109.90366090277055,1.0001776956816297,0.00017769568162970316,264.4353530098948,270.58091715401036,79.35098330125528,80.23014164020992,3.3324773305702893,3.372559385067819,197999.2671160457,624807684653.6322,599516358897.6267,157067593.95945686,46068095.085577145,39180.69132667318,17098.361290704997,3349.628244312556,9.68156182637619,2.8521276893436585,0.8311245919093152
17,2280.0,38.0,0.6333333333333333,29.847986100552358,29.802168587643425,0.0004447175161614845,109.54693991439171,109.73687330477902,109.52756031761616,1.0001769380849839,0.00017693808498383577,264.6428953747319,265.49372148415426,79.42610208858682,79.69250122172089,3.331938599725894,3.3314768317472714,196833.45463053347,624819527092.6885,632754140862.9805,157193145.97068137,46113226.35656356,39242.62872894862,17143.556533265546,3356.157111772576,9.704445110636907,2.8593876824149,0.833396791634288
17,2340.0,39.0,0.65,29.82130304958267,29.889462481787213,0.0004447175161614845,109.17272040475036,109.21487411328988,109.15348987139065,1.0001761788228885,0.00017617882288853821,264.84906821727,273.1461513384052,79.50075126462397,79.91278993919876,3.3314033390162665,3.418052999353759,195659.49578839273,624831299093.4089,617411163278.7225,157317871.00886458,46158076.05865809,39304.20472298366,17188.50782571496,3362.651370134696,9.72721233234316,2.8666126561810326,0.8356585789401094
17,2400.0,40.0,0.6666666666666666,29.79461999861298,29.88435295091311,0.0004447175161614845,108.80052265708396,109.03873252083335,108.78144079655601,1.0001754146698942,0.00017541466989423802,265.05388149668585,256.08188630889975,79.57493406611728,81.54613579929189,3.330871518868714,3.140331344935703,194470.39887246705,624843000892.8167,637183233199.1797,157441775.06880593,46202646.12593441,39365.42135685474,17233.216263873088,3369.111185776744,9.749863930811564,2.873802725504054,0.8379099824391969
17,2460.0,41.0,0.6833333333333333,29.767936947643292,29.74521241214088,0.0004447175161614845,108.43033914502958,108.27929020628135,108.41140437736898,1.0001746566034204,0.00017465660342048725,265.257342347736,265.26357986982373,79.64865282265721,81.23172588512678,3.3303431124986926,3.265516976026635,193290.6566110181,624854632751.3877,706382778154.8591,157564862.4373687,46246937.94625312,39426.27983526155,17277.682751807548,3375.536646431396,9.772400035100949,2.8809579113141703,0.8401510025372859
17,2520.0,42.0,0.7,29.741253896673605,29.89189907839514,0.0004447175161614845,108.06216262881583,108.3098637658155,108.04337194969838,1.0001739179255364,0.0001739179255363531,265.45945739810725,263.96977782256573,79.72190970097115,79.46240628441156,3.3298180938442004,3.3219454351503783,192149.72649812046,624866194933.8069,668433345800.3545,157687137.09511918,46290952.80956232,39486.78122141921,17321.90815916055,3381.927826877973,9.794820725044067,2.8880782197773427,0.8423816352488462
17,2580.0,43.0,0.7166666666666667,29.714570845703914,29.589625223003583,0.0004447175161614845,107.69598264946404,107.59127148248993,107.67733490085672,1.0001731817436277,0.00017318174362776858,265.66023897127036,261.60518156565826,79.79470869718448,79.88802095743566,3.3292964321661103,3.274648419505116,191010.26229935358,624877687657.4667,618630993263.5822,157808606.46825987,46334693.10794319,39546.928325748464,17365.893742265867,3388.284965929385,9.817126737285015,2.8951638565958007,0.8446019367168286
17,2640.0,44.0,0.7333333333333333,29.687887794734227,29.728742579833888,0.0004447175161614845,107.33179037995136,107.46599483946056,107.31328466942678,1.00017244566301,0.00017244566300980222,265.8596965032564,265.23483436633563,79.86705288002136,80.43096460025363,3.3287780995580065,3.297670687956653,189867.09400229956,624889111163.734,684425464149.2568,157929276.23692966,46378160.67506783,39606.72309589069,17409.64056142655,3394.60822193261,9.83931849096624,2.9022149313435155,0.8468119342170424
17,2700.0,45.0,0.75,29.661204743764536,29.654614135256388,0.0004447175161614845,106.96957699325486,107.21386105122907,106.95121274509324,1.000171706778168,0.00017170677816797405,266.057839430096,267.87159923139444,79.93894531820602,79.80747897546739,3.328263068408304,3.3564723841701287,188713.96423860767,624900465693.9761,613401036959.5665,158049152.08170548,46421357.344808176,39666.16749406343,17453.14967694565,3400.897754944545,9.86139641504319,2.9092315567842917,0.8490116560504352
17,2760.0,46.0,0.7666666666666667,29.63452169279485,29.72271240314729,0.0004447175161614845,106.60933366235166,106.54021986153907,106.59111066847478,1.000170961666152,0.00017096166615200917,266.2546771878203,266.52305552874986,80.01038908046264,78.64343532847043,3.327751311396081,3.3890057627259247,187543.52645042946,624911751489.56,634169911917.1149,158168239.6835984,46464284.95123426,39725.2634969175,17496.422149126214,3407.153726716176,9.883360948206144,2.916213848847511,0.851201131535659
17,2820.0,47.0,0.7833333333333333,29.607838641825158,29.73300239339173,0.0004447175161614845,106.25105398340263,105.97537625912808,106.23297003095485,1.0001702291900765,0.00017022919007641797,266.45021483314986,274.4560784303429,80.0813858310645,80.6478287456625,3.3272428051537384,3.4031428086661792,186397.29209339872,624922968830.0667,593800380214.4456,158286542.0748816,46506944.482515946,39784.01175724477,17539.45874719817,3413.3761753646845,9.90521203689854,2.9231617742667915,0.8533803451354076
17,2880.0,48.0,0.8,29.58115559085547,29.513055819757152,0.0004447175161614845,105.89472983966824,106.00226950148004,105.87678247451767,1.000169511811099,0.0001695118110988638,266.64446051845283,264.51537668439124,80.15193822706328,80.08362279649738,3.3267375239644594,3.3029896431703434,185280.61465518293,624934117968.0641,645176249306.1002,158404064.16084725,46549337.525081694,39842.413884678346,17582.260446145247,3419.56522887723,9.926949989522397,2.930075409790547,0.8555493144826635
17,2940.0,49.0,0.8166666666666667,29.55447253988578,29.56204808614751,0.0004447175161614845,105.54035151307838,105.41530585530703,105.52253969158829,1.000168796368455,0.00016879636845496367,266.8374252901092,251.14708190334625,80.22204985362447,77.99772625563364,3.3262354399692935,3.219928246116102,184164.721706902,624945199130.8679,623445615492.3068,158520812.5978826,46591466.22468655,39900.47238735008,17624.828413303185,3425.7210997207353,9.948575455795346,2.9369549359748524,0.8577080885303119
17,3000.0,50.0,0.8333333333333334,29.527789488916092,29.621582442846638,0.0004447175161614845,105.18791047842782,105.18610322381087,105.17023342486402,1.0001680803872746,0.00016808038727450598,267.0291180386885,268.50734820812534,80.29172360454204,79.02886162011622,3.3257365273895165,3.3975859287814765,183044.32061657525,624956212564.6047,611933478853.912,158636792.73868385,46633332.31076776,39958.18912856468,17667.163672720668,3431.8439403101,9.97008884780889,2.943800461460639,0.8598566946428693
17,3060.0,51.0,0.85,29.5011064379464,29.413942615052143,0.0004447175161614845,104.83739821051135,105.06156773297195,104.8198554671606,1.0001673608809378,0.00016736088093782355,267.2195476547603,265.23424287130285,80.36096237360992,80.1611027118112,3.325240760711866,3.308764898417776,181913.0452573742,624967158515.4014,592161896475.7794,158752009.93635517,46674937.51294862,40015.565984918154,17709.26724844637,3437.933904625174,9.991490586667627,2.950612097824298,0.8619951611299941
17,3120.0,52.0,0.8666666666666667,29.474423386976714,29.347000496927574,0.0004447175161614845,104.48880618412375,104.93667519834045,104.47139766124901,1.0001666343445617,0.00016663434456174456,267.4087230288939,254.8825639160328,80.42976905462208,80.0311648765377,3.324748114684866,3.1847913785740154,180763.4552712791,624978037229.3848,598646686241.3463,158866469.5444056,46716283.56103711,40072.60484616902,17751.140164528966,3443.9911481964386,10.012781102417557,2.9573899595553828,0.8641235172396396
17,3180.0,53.0,0.8833333333333333,29.447740336007026,29.411929325094622,0.0004447175161614845,104.14212838306611,103.95864479052459,104.12485189969959,1.0001659208445566,0.00016592084455647031,267.59664872587604,267.2908205371444,80.49814515324805,80.73032676347827,3.3242585679016563,3.310909682308688,179639.2076468742,624988848978.4222,619549707882.1348,158980174.2994951,46757371.348640755,40129.306288334534,17792.783143634988,3450.0157036440596,10.03396033436806,2.9641340122570856,0.8662417474133715
17,3240.0,54.0,0.9,29.421057285037335,29.29144761555754,0.0004447175161614845,103.79735619453062,104.09587758624832,103.78021012472716,1.0001652152157223,0.0001652152157222703,267.7833337873118,261.6880295538869,80.56609361174847,82.06994728901022,3.3237720954645193,3.1885975097845454,178529.09126500136,624999594007.7417,616028207800.304,159093129.64726585,46798202.63511186,40185.67227068734,17834.19722033595,3456.00773358224,10.055028745614205,2.9708443808025122,0.868349884133319
17,3300.0,55.0,0.9166666666666666,29.394374234067648,29.327944458424817,0.0004447175161614845,103.45448111919079,103.26818650363656,103.43746432803734,1.0001645128412997,0.00016451284129979877,267.96878705915327,267.96652014322495,80.63361730959974,79.79345610614841,3.323288672890166,3.3582518319140338,177423.16326918828,625010272563.7355,619239874757.4047,159205340.9153782,46838779.142153874,40241.7047053525,17875.383415571963,3461.967396513936,10.075986785439982,2.977521186065273,0.8704479587367204
17,3360.0,56.0,0.9333333333333333,29.367691183097957,29.374783429086513,0.0004447175161614845,103.11349518938736,103.49657467495688,103.09660655067051,1.0001638137207605,0.00016381372076053097,268.1530164707036,263.1800858069176,80.70071883212981,82.68093971136605,3.322808276695826,3.1830804865748097,176321.49353500875,625020884898.2502,609205784083.8398,159316812.87726855,46879102.414411075,40297.405235372906,17916.342686419222,3467.8948259968683,10.096834805472952,2.9841645194354007,0.8725359937324408
17,3420.0,57.0,0.95,29.34100813212827,29.254769955537803,0.0004447175161614845,102.77439048805188,102.96993136985745,102.75762888285571,1.0001631178665602,0.00016311786656029404,268.3360298640426,279.3048115044271,80.7674007366769,80.26765740619197,3.3223308837050363,3.4796681568893164,175224.17802717944,625031431263.6521,613823273020.6515,159427550.2539726,46919173.97983292,40352.77548872118,17957.075983876937,3473.7901544608662,10.117573155213,2.990774471835067,0.8746140115431891
17,3480.0,58.0,0.9666666666666667,29.31432508115858,29.180238078372557,0.0004447175161614845,102.4371591487066,102.50304689611775,102.42052346385903,1.0001624253058368,0.00016242530583669302,268.5178349940263,265.79961609215127,80.83366555258965,81.03430855014062,3.32185647104338,3.28008742035092,174131.34218610325,625041911912.8258,586613847559.1705,159537557.7141201,46958995.349671796,40407.81707809808,17997.584252867364,3479.653513184896,10.138202181902123,2.9973511336769256,0.8766820344923211
17,3540.0,59.0,0.9833333333333333,29.28764203018889,29.301433387321737,0.0004447175161614845,102.10179328808269,102.57045279676707,102.08528248183781,1.0001617354220265,0.00016173542202636655,268.69844029164443,268.8838822939371,80.89951601813735,79.61013677064243,3.3213850158436466,3.377508106393463,173041.73189248084,625052327064.7036,590010280583.4197,159646840.3351546,46998568.16117032,40462.53183779698,18037.868440329694,3485.485053823796,10.15872232043343,3.003894621871667,0.8787400928609922
17,3600.0,60.0,1.0,29.260958979219204,29.123086710126827,0.0004447175161614845,101.76828517242114,101.47434791479009,101.75189817368918,1.0001610485801846,0.0001610485801845941,268.87785298002547,265.4289122289578,80.96495449580613,82.39223523102368,3.320916495963114,3.2215282360614266,171956.19810726697,625062676989.3418,660527625986.4636,159755402.46501148,47037893.82539718,40516.92123882675,18077.929475243996,3491.284895246451,10.179133871311535,3.010405013128347,0.8807882049892805
17,3660.0,61.0,1.0166666666666666,29.234275928249513,29.224281616972593,0.0004447175161614845,101.43662708103909,101.82913916283533,101.42036282491397,1.0001603647992583,0.00016036479925834706,269.05608062007104,273.8000470262865,81.0299834519916,81.05767961981908,3.320450889385663,3.377842152779078,170874.84623003966,625072961938.1248,631568823589.4146,159863248.6559915,47076973.81615922,40570.986868193126,18117.768285019618,3497.053167087108,10.199437182434396,3.016882398552708,0.8828263935623483
17,3720.0,62.0,1.0333333333333334,29.207592877279826,29.15117614145948,0.0004447175161614845,101.10681134193223,101.02775927554148,101.09066876946696,1.0001596841000437,0.00015968410004372054,269.2331307071216,270.93606305541203,81.09460533182266,79.87589259048643,3.3199881743733046,3.391962884777599,169797.783600536,625083182161.9773,651154661836.3837,159970383.4210594,47115809.594607055,40624.730303640754,18157.38579121864,3502.78999835901,10.219632601539969,3.0233268693622715,0.8848546813487379
17,3780.0,63.0,1.05,29.180909826310135,29.185371674202003,0.0004447175161614845,100.77883033308842,100.4540427038881,100.76280838962013,1.0001590065196113,0.0001590065196112491,269.40901065607505,267.4376778218817,81.15882255454316,79.40692551782409,3.319528329468031,3.3679389559271034,168725.1500886714,625093337912.0371,604997349758.9377,160076811.22484905,47154402.60645138,40678.153108851344,18196.782909398076,3508.495517013713,10.239720474334412,3.0297385163216606,0.8868730910312016
17,3840.0,64.0,1.0666666666666667,29.154226775340447,29.18087864048089,0.0004447175161614845,100.45267648248766,100.38041830019988,100.43677411581925,1.0001583321129974,0.00015833211299753203,269.58372780138717,269.52986605020374,81.22263751351184,79.43092596857025,3.3190713334880364,3.3932610348374013,167657.12133295363,625103429439.6543,590967943486.8315,160182536.48365846,47192754.28196096,40731.25683326267,18235.960549109877,3514.169849920399,10.25970114437437,3.036117429704859,0.8888816451947268
17,3900.0,65.0,1.0833333333333333,29.127543724370756,29.2550134732252,0.0004447175161614845,100.12834226810212,100.21054415570083,100.11255842655143,1.0001576609548168,0.00015766095481683126,269.7572893970713,270.9314905792975,81.28605257620237,82.53881701575877,3.3186171655239973,3.282473633315701,166593.91175933334,625113456996.3918,618755555581.9055,160287563.56544536,47230866.03596054,40784.04301188914,18274.919613900933,3519.8131228454026,10.279574952950373,3.0424636992578,0.8908803663146729
17,3960.0,66.0,1.1,29.10086067340107,29.155617040484753,0.0004447175161614845,99.80582017013606,99.51734120849979,99.7901538482006,1.0001569926624152,0.00015699266241524164,269.92970278611324,276.4724146742487,81.34907013893955,79.86448307978063,3.318165804785338,3.461769287332225,165534.76862081402,625123420824.6505,612901240437.0248,160391896.89200014,47268739.30071384,40836.513218032065,18313.66100705001,3525.4254654353417,10.2993422591703,3.048777420315518,0.8928692786063064
17,4020.0,67.0,1.1166666666666667,29.074177622431378,29.15194636342787,0.0004447175161614845,99.4851027563651,99.57082042083712,99.46955295492334,1.0001563272476834,0.00015632724768349006,270.10097509775505,273.14289932172943,81.4116925290948,81.93459214406444,3.317717230866153,3.333670091888248,164479.774712593,625133321174.42,602738521603.7842,160495540.75636762,47306375.467161655,40888.668968713384,18352.185621316792,3531.007002269751,10.319003403835923,3.055058682796135,0.8948484046961699
17,4080.0,68.0,1.1333333333333333,29.04749457146169,28.904819709558,0.0004447175161614845,99.16618264086566,99.3637402193026,99.15074836850675,1.0001556647086671,0.00015566470866703894,270.2711133938905,273.94666393576586,81.473922052385,81.11070265624748,3.317271423611045,3.377441631800059,163428.98204602953,625143158295.1792,624623018818.4183,160598499.41113704,47343775.91333653,40940.5117701282,18390.494343899307,3536.557857155966,10.338558726726552,3.061307576463634,0.8968177672127919
17,4140.0,69.0,1.15,29.02081274986682,28.946005596977866,0.0003520227670764387,98.84906656221847,98.72363004580062,98.83374732308367,1.0001550000839765,0.0001550000839765709,270.4401170053026,271.32996439798546,81.53575831930831,81.5834900764764,3.316828377878228,3.3257950124913833,162372.03550355858,625152931900.3008,630951827015.1957,160700772.43066528,47380940.3975282,40992.04078744804,18428.58636535843,3542.077915173705,10.358007688162413,3.0675239151157814,0.8987773032182389
17,4200.0,70.0,1.1666666666666667,28.99693994358009,28.905342295417764,0.0003520227670764387,98.56589312044929,98.34374369095447,98.55162987388795,1.0001447286724694,0.00014472867246938213,270.5904611460769,279.7297386303931,81.59108752939672,80.45912411007177,3.316421797277613,3.4766689511522646,141826.50199424222,625161422885.1812,643927294262.3291,160791754.52047157,47414194.41605623,41037.923734099415,18462.60119319857,3547.022550394104,10.37533874931289,3.0730760470960345,0.9005310242564072
17,4260.0,71.0,1.1833333333333333,28.97608070537955,28.861526502678323,0.0003520227670764387,98.31815888382178,98.09113025845284,98.30628874918474,1.000120746442451,0.00012074644245111154,270.72142437362487,274.8118976577574,81.63959074634161,83.09739989579373,3.316055628142113,3.3071058541227347,98877.24363236524,625168638140.783,670606736475.0039,160871008.6801519,47443346.08668165,41077.92701634161,18492.359059460134,3551.3616183530007,10.390459395602235,3.0779321784967832,0.9020682789900584
17,4320.0,72.0,1.2,28.955038088960624,28.86430170874741,0.0003520227670764387,98.07015572566614,97.87129104727109,98.0598864970717,1.0001047240514065,0.00010472405140653754,270.8527641353175,278.51862545184855,81.68799182380667,82.65112110053734,3.3156986490685374,3.369810617729635,74497.13913126542,625176083472.303,680662885334.7705,160950491.21297172,47472436.53025621,41118.04789071242,18522.14922860796,3555.692376438626,10.405628608144541,3.082795123898718,0.9036052819450865
17,4380.0,73.0,1.2166666666666666,28.93385488323626,28.996008383067338,0.0003520227670764387,97.82587362741234,97.59196316836557,97.81294601420333,1.000132166688928,0.00013216668892811038,270.9817691039105,264.163210232469,81.73574086443458,81.7633904914432,3.3153399753647053,3.230825050731165,118844.26233205211,625183241050.6179,604583213149.313,161028561.4484542,47501135.343376905,41157.486854469986,18551.4924235934,3559.968718052633,10.42054941044898,3.0875867320076464,0.9051220622758743
17,4440.0,74.0,1.2333333333333334,28.912729126793177,29.047614197781147,0.0003520227670764387,97.58063609290011,97.64280617302492,97.56777889493289,1.0001317770898634,0.00013177708986352002,271.11110497889,267.26556579475806,81.78367907538416,81.61732343627156,3.3149780988575137,3.2746181146634186,118332.24238326796,625190371838.5142,611427827184.8455,161106832.4481482,47529948.13557589,41197.04935544169,18580.95038569697,3564.2649715189127,10.43552469139093,3.092398742808456,0.906646132249103
17,4500.0,75.0,1.25,28.891609110686055,28.820879394948065,0.0003520227670764387,97.33656979814411,97.54620193218403,97.32377658220396,1.000131450056599,0.00013145005659890189,271.2397119313712,268.10008824371744,81.83136845465299,83.32426064335537,3.3146178177587142,3.2175513610764557,117931.41787353664,625197456819.0049,619332168907.3257,161184662.98043048,47558611.549166486,41236.4079987016,18610.267658340334,3568.5415259685597,10.4504298869316,3.09718942322497,0.908163798219218
17,4560.0,76.0,1.2666666666666666,28.870488520867983,28.85525778122522,0.0003520227670764387,97.0935744112394,97.10603338822146,97.08086222917554,1.000130944264111,0.0001309442641110429,271.36765864094264,268.72485367977987,81.87882465444011,81.27914805130067,3.314259331227796,3.306196732157795,117209.15755677679,625204507456.0062,599256306750.7135,161262094.4773366,47587135.033917114,41275.582844340504,18639.456293403964,3572.799688110059,10.465272381170271,3.101960768892531,0.9096755890013488
17,4620.0,77.0,1.2833333333333334,28.849367427734812,28.800802782882034,0.0003520227670764387,96.8516719759628,96.9343515283298,96.83903325074908,1.0001305127156834,0.00013051271568349183,271.4949314586018,273.316462896166,81.92604377090252,81.61377375691745,3.3139026243938807,3.348901175801837,116619.38324912131,625211522081.7153,617205726328.6241,161339118.75498927,47615516.23599806,41314.569539743185,18668.513642986738,3577.039077564892,10.480050435804914,3.106712260408171,0.9111813503458939
17,4680.0,78.0,1.3,28.828246265646136,28.7760809874482,0.0003520227670764387,96.61085379429261,96.50039015117375,96.59829120422205,1.0001300498167613,0.00013004981676124642,271.6215379060173,273.16256949650045,81.97302850954762,82.4360295419414,3.313547673481172,3.313630836108162,115973.02913432462,625218500851.1798,599152124588.7323,161415740.29426187,47643756.77997661,41353.370092778016,18697.440751896072,3581.2599019323397,10.494764715109726,3.1114441040407153,0.9126811456670573
17,4740.0,79.0,1.3166666666666667,28.807124941259467,28.901623757857244,0.0003520227670764387,96.3711217354059,96.84570819907164,96.35863160136628,1.0001296213305653,0.00012962133056518212,271.74747636680644,257.9695789486325,82.01977828897049,77.74037376203638,3.3131944762078116,3.3183475517917946,115387.51512428034,625225443731.0803,610160491204.9052,161491958.12022063,47671856.311135344,41391.98372396563,18726.237395606186,3585.4620713487857,10.50941482124516,3.1161561687698436,0.9141749322369499
17,4800.0,80.0,1.3333333333333333,28.786003538358504,28.66096509492436,0.0003520227670764387,96.13247108054135,96.17810674169283,96.12005198740044,1.0001292039786094,0.00012920397860931212,271.8727511320948,272.5001373200412,82.06629464731871,81.85187288851967,3.312843016739972,3.3291863423965875,114821.17028331671,625232350762.5541,613323823820.0237,161567774.81954494,47699815.75112565,41430.41148100821,18754.90414093526,3589.645688819502,10.524001054294827,3.120848544890031,0.9156627367595305
17,4860.0,81.0,1.35,28.76488216175836,28.798594940718896,0.0003520227670764387,95.89489696723476,95.91747753262207,95.88255014443948,1.0001287702796462,0.00012877027964609166,271.9973665980662,271.593264755109,82.11257916101691,80.10826263675918,3.312493279071149,3.39032773668572,114225.16439640704,625239221993.2212,596017904183.2789,161643193.03860655,47727636.04470295,41468.65444588416,18783.44157196308,3593.8108613022855,10.538523728734477,3.125521327358985,0.9171445874463395
17,4920.0,82.0,1.3666666666666667,28.74375989076129,28.936884999908525,0.0003520227670764387,95.65839276017125,95.61669694524329,95.64611239804218,1.0001283937404373,0.00012839374043734845,272.1213281517984,258.85661065836706,82.158632576869,82.29908097525407,3.312145292793148,3.145315932947062,113729.87622646139,625246058623.2708,620361062217.854,161718216.08933502,47755317.63848231,41506.71394964381,18811.850485724462,3597.957612414377,10.552983236297912,3.1301745906162344,0.9186204930740128
17,4980.0,83.0,1.3833333333333333,28.722636509571107,28.70951523185364,0.0003520227670764387,95.42295396324661,95.8020185698506,95.41073311523866,1.0001280867215767,0.00012808672157665823,272.24463967834595,279.8548864303369,82.204455939665,83.87521536186294,3.311799057196648,3.336562359011045,113356.77808192564,625252861030.4623,618844191038.6775,161792846.3292861,47782861.15765191,41544.590905521596,18840.131422291986,3602.08599909541,10.567379823913992,3.134808394941821,0.9200904671439772
17,5040.0,84.0,1.4,28.70151296505181,28.702090147726338,0.0003520227670764387,95.18858182969576,95.24161595138766,95.17641959136029,1.0001277862561724,0.00012778625617244397,272.3673006049132,270.8168938725215,82.2500501288627,82.25288470664137,3.31145452407859,3.292491136796019,112994.17321733152,625259628163.2026,668712800490.984,161867083.34190142,47810267.126160644,41582.28492159584,18868.284231126923,3606.196073607792,10.581713263608957,3.139422704644655,0.9215545088422046
17,5100.0,85.0,1.4166666666666667,28.68038930403733,28.60451555542663,0.0003520227670764387,94.95527316211698,95.0920411240878,94.94316903256613,1.0001274881560642,0.00012748815606415304,272.4893138095833,265.53556608047984,82.29541615190561,86.95962249385062,3.3111116821695976,3.0535501243609615,112634.650074702,625266360076.3785,600395967041.0798,161940928.8581446,47837536.14635444,41619.796620768386,18896.30929630155,3610.287892518539,10.595983698150029,3.144017559442059,0.9230126288317274
17,5160.0,86.0,1.4333333333333333,28.65926557336161,28.794919896768356,0.0003520227670764387,94.72302476310851,94.70203267474453,94.71097865347554,1.0001271881022056,0.00012718810220565922,272.6106821704392,266.7262668522582,82.34055501623732,82.07193362701643,3.3107705202701285,3.249908404308112,112270.5913436279,625273056824.8765,599337389897.7827,162014384.6090687,47864668.82062084,41657.12662897142,18924.207001888153,3614.3615127785324,10.610191272425759,3.148592999761837,0.9244648380108068
17,5220.0,87.0,1.45,28.638141819858586,28.6373392871042,0.0003520227670764387,94.4918334352686,94.35921516402288,94.47984567720344,1.0001268816431614,0.000126881643161414,272.7314085655638,270.38223019272266,82.38546772930133,83.31552431879592,3.310431027249771,3.24528030524228,111894.17326053491,625279718463.5837,535857079082.213,162087452.32581526,47891665.75138871,41694.275575145875,18951.977731959014,3618.416991719898,10.624336133433445,3.1531490667381803,0.9259111475116233
17,5280.0,88.0,1.4666666666666666,28.617018090362194,28.782810569130486,0.0003520227670764387,94.2616959811955,93.87270927731979,94.24976733540704,1.0001265641934798,0.00012656419347973458,272.8514958730403,275.85067206039236,82.43015529854121,84.27681323394305,3.31009319204654,3.2731502470870804,111497.36747558678,625286345047.387,596023032188.3477,162160133.7396142,47918527.54112807,41731.24409122043,18979.621870586416,3622.4543870534017,10.638418430266658,3.1576858022076335,0.9273515686989816
17,5340.0,89.0,1.4833333333333334,28.59589443170637,28.654566522958444,0.0003520227670764387,94.03260920348748,94.66124027049914,94.02074086832488,1.0001262310321424,0.00012623103214241528,272.97094697095156,277.7646812487695,82.47461873140047,82.36750704520124,3.309757003666191,3.3722603877805737,111071.94615867666,625292936631.1731,585689417915.1365,162232430.58178258,47945254.79234964,41768.03281209024,19007.139801842633,3626.4737568658775,10.652438314102735,3.1622032487050213,0.9287861131690072
17,5400.0,90.0,1.5,28.574770890725052,28.689135132774613,0.0003520227670764387,93.80456990474279,93.80593535508723,93.79276352481291,1.000125877301043,0.00012587730104312534,273.08976473738056,279.9046587969176,82.51885903532268,81.53708358574607,3.3094224511815282,3.432850998436363,110609.4905965246,625299493269.829,569822761743.0052,162304344.58372477,47971848.10760483,41804.64237559575,19034.531909799956,3630.4751596176343,10.666395938190282,3.1667014494594006,0.9302147927478523
17,5460.0,91.0,1.5166666666666666,28.553647514252177,28.369657355316342,0.0003520227670764387,93.57757488755968,93.67095019226831,93.56583256239408,1.0001254980033205,0.00012549800332048477,273.2079520504104,266.44614354347067,82.56287721775138,82.6801802314622,3.309089523731733,3.2226120310521553,110101.40332893068,625306015018.241,580951237273.5027,162375877.47693157,47998308.08948532,41841.07342250211,19061.79857853066,3634.458654139913,10.680291457836761,3.1711804483900354,0.931637619490399
17,5520.0,92.0,1.5333333333333334,28.532524349121683,28.480890666368285,0.0003520227670764387,93.3516209545364,93.92991430217248,93.33994524728402,1.0001250880019423,0.00012508800194222728,273.3255117881241,281.14053423482125,82.60667428613009,83.52224051896533,3.3087582105216926,3.3660559449549594,109538.92489365934,625312501931.2966,608097994789.3633,162447030.99297997,48024635.34062298,41877.326596478044,19088.940192107028,3638.4242996323233,10.694125030396071,3.1756402901023453,0.9330546056789636
17,5580.0,93.0,1.55,28.511401442167504,28.254101617798213,0.0003520227670764387,93.12670490827121,93.20873601540467,93.1150988544462,1.0001246420179732,0.00012464201797334143,273.4424468286046,277.98772602130146,82.65025124790237,81.92729870904262,3.3084285008213383,3.393102548255005,108913.1545742239,625318954063.8821,671271070979.449,162517806.86353216,48050830.46368938,41913.402544075114,19115.957134601344,3642.372155660293,10.707896815256055,3.180081019883858,0.9344657638219979
17,5640.0,94.0,1.5666666666666667,28.490278840223578,28.565228920327055,0.0003520227670764387,92.90282355136237,93.425790896435,92.89129066761811,1.0001241546291517,0.00012415462915175586,273.5587600499349,268.47890173565935,82.69360911051174,81.9280897323435,3.3081003839649923,3.2770067337438418,108215.07665565367,625325371470.8846,621914443301.5912,162588206.82033515,48076894.06139578,41949.30191470722,19142.84979008589,3646.302282152566,10.721606973826216,3.184502683700221,0.9358711066528049
17,5700.0,95.0,1.5833333333333333,28.46915659012384,28.43278794514453,0.0003520227670764387,92.67997368640812,93.03892014717378,92.66851797935722,1.0001236202682495,0.00012362026824958228,273.67445433019805,273.49660378800866,82.73674888140178,83.00178535815634,3.3077738493507174,3.295068926624395,107435.59170197445,625331754207.1912,652774633993.0447,162658232.5952207,48102826.73649278,41985.02536062995,19169.618542632947,3650.214739398664,10.735255669525307,3.1889053281911504,0.9372706471282453
17,5760.0,96.0,1.6,28.44803473870223,28.509821439628578,0.0003520227670764387,92.45815211600673,92.51318196237324,92.44677809107827,1.0001230332215283,0.00012303322152830315,273.78953254747694,271.70049547382587,82.77967156801601,80.95324555088598,3.3074488864396794,3.356264392179793,106565.5538463047,625338102327.6882,652337144566.6328,162727885.9201042,48128629.09177007,42020.57353692002,19196.263776314798,3654.1095880463904,10.748843067768966,3.193289000666425,0.9386643984274443
17,5820.0,97.0,1.6166666666666667,28.426913332792683,28.344576634811677,0.0003520227670764387,92.23735564275644,92.62837519314456,92.22606831309105,1.0001223876271845,0.00012238762718448065,273.9039975798548,265.3620251162364,82.82237817779797,84.56481449552525,3.307125484755516,3.1379720596475504,105595.81438251611,625344415887.2625,684639694793.9529,162797168.52698427,48154301.73005614,42055.94710145511,19222.78587520372,3657.9868890993284,10.762369335957468,3.197653749101892,0.9400523739505064
17,5880.0,98.0,1.6333333333333333,28.405792419229137,28.413153668699348,0.0003520227670764387,92.01758106925551,92.26647573695182,92.00638596463651,1.0001216774738149,0.00012167747381479246,274.01785230541435,273.220119834763,82.8648697181912,81.02141192961402,3.3068036338837037,3.3721964765575594,104517.27220001158,625350694940.8013,636636503734.2704,162866082.14794278,48179845.254218206,42091.14671489346,19249.185223372,3661.846703914378,10.775834643463376,3.2019996221354496,0.9414345873172356
17,5940.0,99.0,1.65,28.384671610782238,28.286330728429796,0.0003520227670764387,91.79883662147152,91.69790173563662,91.78772389055652,1.0001210699039476,0.00012106990394763902,274.13109365206316,267.5353358307015,82.90714458320183,83.2877873094807,3.3064833559302924,3.2121796541021546,103617.35723588514,625356939600.6729,630768800017.406,162934624.94042957,48205258.69660119,42126.17118046133,19275.46083271542,3665.688853449489,10.789238442763075,3.206326422005681,0.9428109694621286
17,6000.0,100.0,1.6666666666666667,28.363550629079676,28.338451471261145,0.0003520227670764387,91.58112766054991,91.63757124777068,91.5700761472404,1.0001206891352994,0.00012068913529939934,274.2437200399298,271.96334408645015,82.94920182224976,84.07181587162606,3.3061646648222296,3.2348931834864394,103106.31838840572,625363149964.831,642472416746.2498,163002795.95842087,48230541.48343852,42161.01976776091,19301.61205925255,3669.5132189183855,10.80258036634751,3.210634012746182,0.9441814720306168
17,6060.0,101.0,1.6833333333333333,28.342429526404807,28.21296652399828,0.0003520227670764387,91.36443688774531,92.06130831093486,91.35344024561844,1.0001203746908414,0.00012037469084145289,274.35574183357994,283.84016057239506,82.99104503123253,82.36009849966325,3.3058475372894747,3.4463309993923286,102708.06921943086,625369326659.5405,575176631005.0026,163070601.46427345,48255695.773800746,42195.69544586561,19327.64098091076,3673.3200962226265,10.815861466611203,3.2149227199848203,0.9455461945266092
17,6120.0,102.0,1.7,28.3213083005216,28.37927688580914,0.0003520227670764387,91.14874724619536,90.92847959613539,91.13781314871864,1.000119973226249,0.00011997322624889452,274.46716928367334,272.0868981013276,83.03267769621266,81.48025924051232,3.3055319531889857,3.3392983851239992,102160.88637208608,625375470367.1824,640046141023.9658,163138047.6549165,48280723.66090995,42230.20115139585,19353.54964656241,3677.1097715720757,10.829082784742493,3.2191928632151505,0.9469052337913043
17,6180.0,103.0,1.7166666666666666,28.300186947719546,28.398006178519978,0.0003520227670764387,90.93406137229478,90.84051847793549,90.92319182244147,1.0001195465055224,0.00011954650552234684,274.57800207802006,278.4273176398121,83.0740996128922,81.46818183733791,3.305217912171131,3.4176203685965323,101570.60723624419,625381581017.7349,598672187968.8524,163205134.33447248,48305625.01943752,42264.53656860121,19379.33773952344,3680.8821973331605,10.84224411989795,3.2234443708479774,0.9482585649780889
17,6240.0,104.0,1.7333333333333334,28.27906556941827,28.245827314655436,0.0003520227670764387,90.72038111437473,90.76966793597752,90.70957431153205,1.0001191362976256,0.00011913629762570829,274.6882402392635,277.3772440209199,83.11531080419122,81.85826955656576,3.3049054089010506,3.388506079147525,101008.35646528642,625387658473.9639,648685471802.0886,163271861.50291377,48330399.86050593,42298.70149050609,19405.00503777209,3684.6373474095676,10.855345314764216,3.2276771892968004,0.949606170098387
17,6300.0,105.0,1.75,28.257944164310047,28.28578426660721,0.0003520227670764387,90.50770079726006,89.6895958348819,90.49695762720916,1.0001187130521576,0.00011871305215757887,274.79788791291406,270.65809827296965,83.15631275736673,83.91104798239827,3.3045944294658494,3.225535907139959,100423.98048381477,625393702855.9943,648653400891.8276,163338231.66333288,48355049.075709775,42332.69699089493,19430.552223011095,3688.3753291132325,10.868386703134803,3.231891420615641,0.950948079849193
17,6360.0,106.0,1.7666666666666666,28.23682276164486,28.184175847805623,0.0003520227670764387,90.29602035781555,90.94651213324735,90.28533910378472,1.0001183055204406,0.00011830552044058901,274.90694523168594,274.9347833589912,83.19710570086045,83.6450053442755,3.304284961788554,3.2869240934038286,99866.18559067497,625399713988.6283,592996692027.7434,163404244.8877808,48379572.7987645,42366.52290705969,19455.979302824246,3692.09613595662,10.881368146519971,3.2360870238330564,0.9522842820229565
17,6420.0,107.0,1.7833333333333334,28.215701356333202,28.24523842592418,0.0003520227670764387,90.08533703395852,90.37599422615087,90.07471574581591,1.000117916421436,0.00011791642143604938,275.01541453782454,280.12947766461355,83.23769037078436,82.21578254440217,3.3039770002358497,3.407246990726195,99339.40691400172,625405692007.5654,621197954293.1008,163469902.58723187,48403971.4696013,42400.17974828057,19481.286608993258,3695.7998063919063,10.894289761779186,3.2402640280610244,0.9536147832941761
17,6480.0,108.0,1.8,28.194579971186705,28.087418844096458,0.0003520227670764387,89.8756448196647,89.80516804259277,89.86508485245795,1.0001175091218584,0.00011750912185842927,275.1233010126838,272.3163852512303,83.27806859198155,82.50848298708866,3.303670530120509,3.300465302384044,98781.88285398528,625411637020.471,555126179433.6774,163535207.8913758,48428246.18380938,42433.66892297741,19506.474862962485,3699.4864801759113,10.907152014875004,3.244422576078091,0.9549396268200095
17,6540.0,109.0,1.8166666666666667,28.17345859431964,28.0280471860431,0.0003520227670764387,89.66694373623747,89.66112047197625,89.65644339401533,1.000117117541413,0.00011711754141303875,275.2306046719124,275.03737555046257,83.3182403326548,83.8129666615789,3.303365548444518,3.281561153431212,98250.73711990535,625417549057.4724,612560526536.6514,163600160.80275214,48452396.918899655,42466.99022145552,19531.544062172965,3703.156126107126,10.919954747914487,3.2485626123624796,0.9562587934498683
17,6600.0,110.0,1.8333333333333333,28.15233722233144,28.14639953814379,0.0003520227670764387,89.45922830055974,89.70351146804136,89.44878844357915,1.0001167132295725,0.00011671322957249034,275.3373303155867,277.0531483546485,83.35820720679784,86.59460647034186,3.3030620444189807,3.1994273043961177,97698.19437389579,625423428279.4753,606962150888.7346,163664764.22148943,48476424.64388648,42500.14493345823,19556.494865257377,3706.8088647586856,10.932698381854337,3.2526842625819183,0.9575723201721263
17,6660.0,111.0,1.85,28.13121585534156,28.211821326739532,0.0003520227670764387,89.25249892296318,89.80026546593812,89.24211712654979,1.000116332923822,0.00011633292382201316,275.4434775628555,282.3264589194523,83.39796901667647,85.04779222337729,3.3027600169469005,3.3196212569272148,97185.78740523795,625429274749.2458,633536172798.3064,163729017.90934724,48500329.23607568,42533.132725175325,19581.327222926633,3710.444649727998,10.945382711528833,3.256787455294576,0.9588801825813966
17,6720.0,112.0,1.8666666666666667,28.110094488742646,28.0763783466095,0.0003520227670764387,89.0467488945858,88.73578431379244,89.03642653967749,1.0001159340655221,0.00011593406552217314,275.54905221528924,267.1048609035726,83.4375274825824,84.63444166455345,3.3024594631331823,3.155983021217724,96642.33282144506,625435088911.0831,592382043314.1108,163792925.37264377,48524111.728260756,42565.955183792285,19606.041941050044,3714.06360987381,10.958008270392078,3.2608723420586574,0.960182423003607
17,6780.0,113.0,1.8833333333333333,28.088973136518987,28.017562632918324,0.0003520227670764387,88.84197845876663,88.75924338566776,88.83171397759536,1.0001155497368188,0.00011554973681882667,275.6540537664536,274.92983463481426,83.47688313752718,82.01259725941057,3.302160351534889,3.352287865792073,96123.08562301175,625440870049.9557,615649373960.5896,163856486.29874453,48547772.43849528,42598.61200515185,19630.638990397692,3717.665773083591,10.970574878218645,3.264938889834762,0.9614790377346674
17,6840.0,114.0,1.9,28.067851812851107,27.940210390940084,0.0003520227670764387,88.63818652462889,89.1278039126709,88.62797675149329,1.0001151980842824,0.00011519808428242893,275.7584828398605,278.936850844611,83.51603690458388,83.780202439703,3.30186264890552,3.3293885992381447,95658.0506083607,625446617482.9172,646912903767.8691,163919701.05939266,48571311.9197945,42631.1032404308,19655.118502005826,3721.2512034902984,10.983082492363282,3.268987108809113,0.9627700365159005
17,6900.0,115.0,1.9166666666666667,28.04673049352542,27.7767922380868,0.0003520227670764387,88.43536740750248,88.18265364930119,88.42521181949074,1.0001148494620795,0.00011484946207958255,275.86234478648856,284.48954591791505,83.55498936623991,82.39755974217306,3.301566392131572,3.452645282312972,95197.80195011872,625452332613.7612,639260334380.71,163982572.88636765,48594730.51916499,42663.43026146831,19679.481158717706,3724.819917923349,10.995531550280726,3.273017081811701,0.9640554292581802
17,6960.0,116.0,1.9333333333333333,28.02560917705737,27.8978338288374,0.0003520227670764387,88.23351814220847,88.13417084965886,88.2234163780061,1.000114502074586,0.0001145020745861638,275.9656421586913,286.2422464986687,83.59374130660679,84.24473313095655,3.3012715766183867,3.3977464923974714,94739.35972154635,625458015610.9475,645436013515.0186,164045103.31853566,48618028.70566018,42695.593662317544,19703.72731671098,3728.3719616328694,11.00792220809814,3.2770288495747786,0.9653352260510177
17,7020.0,117.0,1.95,28.0044878619624,27.98584299294068,0.0003520227670764387,88.03263576356794,87.87668219050867,88.02258764092116,1.0001141539111276,0.00011415391112755612,276.0683775088226,264.45179420600397,83.63229350979609,82.6536005252851,3.300978197811662,3.199519349736057,94279.40999364323,625463666642.935,654633996122.4272,164107293.8948483,48641206.9483724,42727.594039297735,19727.857332163298,3731.9073801408485,11.020254623566181,3.2810224533654893,0.9666094371577939
17,7080.0,118.0,1.9666666666666666,27.983366546755946,28.061251442779938,0.0003520227670764387,87.83271730640196,87.83336307970144,87.82272283955822,1.000113802743989,0.00011380274398910022,276.1705533892361,281.02137379699514,83.67064675991935,83.03118396866087,3.300686251197113,3.384528081679087,93814.30516831111,625469285878.1832,633730843955.1433,164169146.15434173,48664265.71643254,42759.43199097787,19751.87156125231,3735.4262192393344,11.032528956048862,3.2849979349826897,0.9678780730147858
17,7140.0,119.0,1.9833333333333334,27.962245229953453,27.89327386155459,0.0003520227670764387,87.63375980553162,87.65062489414079,87.62381922266015,1.0001134461264034,0.00011344612640336337,276.27217235228545,275.27783670416204,83.70880184108812,81.35008522878738,3.300395732300142,3.3838666048102604,93340.06506938172,625474873485.1511,675877867348.7993,164230661.63613605,48687205.479009725,42791.1081181606,19775.77036015565,3738.928524988716,11.044745366513569,3.288955336753844,0.9691411442302177
17,7200.0,120.0,2.0,27.941123910070363,27.829646529407146,0.0003520227670764387,87.435760295778,87.12009644960875,87.42587405636954,1.0001130813905512,0.00011308139055132321,276.3732369503244,283.14049338616877,83.74675953741396,83.88113941111074,3.300106636685498,3.3754965105858408,92852.37910706388,625480429632.2979,658410605537.6428,164291841.87943462,48710026.705311164,42822.623023866145,19799.554085050982,3742.4143437159646,11.05690401752097,3.2928947015318903,0.9703986615832965
17,7260.0,121.0,2.0166666666666666,27.920002585622118,27.89238015551912,0.0003520227670764387,87.23871581196217,87.09205776158686,87.2288846242133,1.0001127056455121,0.00011270564551210162,276.47374973570663,273.6979671424059,83.78452063300844,84.48504750658942,3.2998189599569634,3.2396024529791356,92346.6096929943,625485954488.0826,651776780817.6986,164352688.42352396,48732729.86458184,42853.97731331648,19823.223092115946,3745.883722012897,11.069005073215132,3.2968160726921396,0.9716506360232574
17,7320.0,122.0,2.033333333333333,27.89888125512416,27.9615621740746,0.0003520227670764387,87.0426233889052,87.39755654937247,87.03284822707955,1.0001123157753051,0.00011231577530519565,276.5737132607858,271.42091684689876,83.8220859119831,83.68916773351903,3.299532697757014,3.24320248602723,91817.7974587297,625491448220.965,589363776894.7163,164413202.80777225,48755315.426104166,42885.17159391913,19846.77773752819,3749.3367067344525,11.081048699313365,3.3007194941291305,0.9728970786684068
17,7380.0,123.0,2.05,27.87775991709193,27.875054689289666,0.0003520227670764387,86.84748006142816,87.11374086980186,86.83776218320106,1.0001119084368686,0.00011190843686864338,276.67313007791563,270.4035483483928,83.85945615844946,84.30587713495177,3.2992478457665118,3.2074104147632205,91260.66836878136,625496910999.4034,604094079093.3453,164473386.57162946,48777783.85919769,42916.20647525156,19870.218377465375,3752.77334499694,11.093035063096456,3.304605010253541,0.9741380008051627
17,7440.0,124.0,2.066666666666667,27.856638570040868,28.016328740068083,0.0003520227670764387,86.65328286435215,87.15933761212402,86.64362382814225,1.0001114800580024,0.00011148005800236623,276.7720027394499,274.1285413942823,83.89663215651912,83.41664198544515,3.298964399704375,3.28625721282467,90669.64315994164,625502342991.8582,649881745455.5168,164533241.2546265,48800135.633218974,42947.08256904541,19893.545368105137,3756.1936841763686,11.104964333398637,3.308472665989088,0.9753734138871087
17,7500.0,125.0,2.0833333333333335,27.835517212486415,27.838299816062147,0.0003520227670764387,86.46002883249824,86.35279406883585,86.45043051477482,1.0001110268354507,0.00011102683545081496,276.87033379774215,275.1290321871566,83.9336146903036,85.57987390840064,3.2986823553272684,3.2148800836238385,90038.84980788949,625507744366.7876,608600537030.2708,164592768.396374,48822371.21756114,42977.80048917041,19916.759065625123,3759.5977719066796,11.116836680597608,3.312322506769398,0.9766033295340271
17,7560.0,126.0,2.1,27.814395842944016,27.808757095220912,0.0003520227670764387,86.2677150006875,86.31002676810726,86.25817961326867,1.0001105447328194,0.00011054473281939529,276.9681258051462,282.0717357720357,83.9704045439145,81.71977047897855,3.29840170842929,3.4516951542906664,89362.13897576371,625513115292.6511,673318407559.9382,164651969.53656274,48844491.08165372,43008.360851619414,19939.859826202992,3762.9856560780922,11.128652276604832,3.3161545785349635,0.9778277595309635
17,7620.0,127.0,2.1166666666666667,27.793274466269377,27.88854805540227,0.0003520227670764387,86.07634156223881,86.59942436991827,86.06686856835441,1.0001100655111772,0.00011006551117725035,277.06537921894096,282.58061299630214,84.00700204734139,84.44393325360494,3.298122447731241,3.3463696219318244,88691.1625405536,625518455556.0338,676472708404.7144,164710844.94667056,48866495.42190765,43038.763641799764,19962.847626617247,3766.357345403997,11.140411054413482,3.3199688629764776,0.9790466988096953
17,7680.0,128.0,2.1333333333333333,27.772153092185185,27.660942913257518,0.0003520227670764387,85.8859111350323,85.8349594641516,85.8764948846687,1.0001096487505254,0.00010964875052534312,277.1620928881608,276.9694089610437,84.04340718197581,87.38751247479482,3.297844556540085,3.169439215253209,88121.63888414757,625523764650.3834,624250639213.0801,164769393.92459396,48888384.22512992,43069.00836049776,19985.72215240782,3769.712818499019,11.152112763175944,3.323765292346003,0.9802601293358271
17,7740.0,129.0,2.15,27.751031718422738,27.90866939469759,0.0003520227670764387,85.69642036325713,85.88545240152521,85.68705597482906,1.0001092859163094,0.00010928591630944715,277.25826962427095,276.78666840020094,84.07962078809354,84.09162262732865,3.297568031652366,3.2914892084654457,87639.10260705992,625529042791.387,620792498312.6941,164827618.16698194,48910157.99456976,43099.095706489425,20008.483806675107,3773.052128749678,11.163757607767495,3.327543921704462,0.9814680653778486
17,7800.0,130.0,2.1666666666666665,27.72991034565721,27.6296189902466,0.0003520227670764387,85.50786433705481,85.75001442986206,85.49854929505061,1.0001089497082818,0.00010894970828169208,277.3539126563978,277.06063068666595,84.11564401489684,79.48492152784739,3.297292862755453,3.485700499680286,87199.30183059313,625534290114.9851,599925079792.5304,164885519.623249,48931817.41907282,43129.02652000096,20031.133179191904,3776.3753592327676,11.17534585024407,3.3313048307188313,0.9826705307463134
17,7860.0,131.0,2.183333333333333,27.70878897343776,27.62516224190002,0.0003520227670764387,85.32023547434017,85.16722158454971,85.31097230842298,1.0001085811785582,0.00010858117855814698,277.4490265576137,260.7171588804508,84.15147845554901,85.49880814558016,3.297019038164249,3.0493660032842054,86707.83407878358,625539506893.1296,599464203393.3643,164943101.05638957,48953363.45434436,43158.80205912882,20053.671180719186,3779.6826337489365,11.186877914340352,3.3350481491040758,0.9838675645793353
17,7920.0,132.0,2.2,27.68766760423202,27.86458253910447,0.0003520227670764387,85.13353311907748,85.50488701201401,85.12432252080573,1.0001082017218932,0.00010820172189327724,277.5436124176652,276.85426075178407,84.18712455252675,83.08174158511848,3.2967465499370725,3.332311714579825,86199.15223731952,625544693045.2483,577102853225.7594,165000363.12099937,48974796.364561595,43188.42250757762,20076.097890060053,3782.9739716806694,11.198353811103491,3.3387738790224724,0.985059167015805
17,7980.0,133.0,2.216666666666667,27.66654623715629,27.761340637823487,0.0003520227670764387,84.94775522026445,84.45493960268767,84.9385974251795,1.000107816650646,0.00010781665064609321,277.6376722150859,275.01288448205423,84.22258287948915,84.43241933931057,3.2964753955877484,3.257195359721405,85681.84240361565,625549848719.6407,622708140787.8204,165057307.00971764,48996116.49267077,43217.88831378312,20098.413553581133,3786.2494030873063,11.209773651747751,3.3424820470937138,0.9862453437750285
17,8040.0,134.0,2.2333333333333334,27.64542486991251,27.579708077381877,0.0003520227670764387,84.76290052141351,84.82232714146083,84.75379451927589,1.000107440642502,0.0001074406425019342,277.73120764731993,263.71244775382297,84.25785381443653,83.7118062503768,3.2962055769777296,3.1502419977066975,85179.25987994473,625554974124.0886,603809017251.669,165113933.74511272,49017324.06399825,43247.19983357043,20120.618322211878,3789.5089394739166,11.22113751095357,3.346172664511416,0.9874260946517708
17,8100.0,135.0,2.25,27.624303504079545,27.5925346377474,0.0003520227670764387,84.57896558818794,84.78193359908298,84.56991135182533,1.000107062147966,0.00010706214796594054,277.8242211823076,273.9808986222372,84.29293827169063,84.34112745604668,3.2959370841580156,3.2484851327724886,84673.05059565583,625560069303.325,625139097518.7471,165170244.8161965,49038419.62639728,43276.35768319313,20142.71260848522,3792.7526439779163,11.232445568282088,3.3498457863048463,0.988601436181185
17,8160.0,136.0,2.2666666666666666,27.6031821391944,27.601002792587497,0.0003520227670764387,84.39594806469813,85.1670537921692,84.38694547056113,1.0001066823083453,0.00010668230834521861,277.91671485779284,284.5666037975856,84.32783689741734,87.37525579934726,3.295669912603965,3.2568328549569925,84165.0621063728,625565134371.8103,624068301486.2563,165226241.45160162,49059403.56648137,43305.362338098,20164.696695390903,3795.980554348438,11.24369794782038,3.353501445300947,0.989771376632041
17,8220.0,137.0,2.283333333333333,27.582060774032655,27.804082058379947,0.0003520227670764387,84.21384592734424,84.40597781854179,84.20489443366239,1.000106306097075,0.00010630609707492692,278.0086905262288,282.4179447857891,84.36255025236703,86.26274016178725,3.2954040589642855,3.27392735561274,83663.15597370692,625570169453.5548,618159799323.1399,165281924.7678039,49080276.21949914,43334.21421567971,20186.570826003983,3799.1927004717913,11.254894751396362,3.3571396664988087,0.9909359216011012
17,8280.0,138.0,2.3,27.55981359325273,27.679395437439737,0.0004455241075459333,84.02336053587877,83.9156416033184,84.01412630718337,1.00010991280992,0.00010991280991993446,278.104969458223,278.65435709672596,84.3988099210205,86.58054385032692,3.2951290393605155,3.2184408263644073,89537.81739596356,625575493448.4845,576585178040.8365,165340213.6428801,49102078.7666959,43364.42166825628,20209.451954107943,3802.548867854639,11.266620678415606,3.360946906844388,0.9921537780682852
17,8340.0,139.0,2.316666666666667,27.53413155411651,27.60725290779566,0.0004455241075459333,83.80547193607399,83.73296755526705,83.79515963264271,1.0001230656218867,0.00012306562188659067,278.2154399253171,275.56652587151456,84.44014567550781,81.42644648238027,3.2948242533173957,3.384238632237794,112394.60479458833,625581778586.6094,640010262583.4604,165407094.7033208,49126933.66237022,43399.07965799675,20235.6247588893,3806.3749921085027,11.2800762840736,3.3653052066740528,0.9935450079092343
17,8400.0,140.0,2.3333333333333335,27.507172192733158,27.533974064470282,0.0004455241075459333,83.57711526802544,83.73527835102442,83.56674506153998,1.0001240948953776,0.0001240948953776387,278.3313454418407,279.0228922101267,84.48338678671143,84.47629007280625,3.2945097968731054,3.302972845631001,114437.43192870406,625588468033.8779,552464331945.665,165477266.71544266,49152934.41482377,43435.44947692259,20263.05498928552,3810.378629399791,11.294200604813552,3.3698752487376806,0.9950024998114827
17,8460.0,141.0,2.35,27.48042155309676,27.294684412431202,0.0004455241075459333,83.35163612664573,83.88649341090922,83.34155466360453,1.0001209656225145,0.00012096562251442815,278.4456560424716,285.7230359839836,84.52608201779543,81.58804322075105,3.2941980675722076,3.5020209420994304,108884.0608985813,625595037399.1027,627072305629.985,165546473.56894684,49178607.107293606,43471.33592186314,20290.139570832634,3814.334042145147,11.308143340301958,3.374388820415952,0.9964426372629651
17,8520.0,142.0,2.3666666666666667,27.45369575988155,27.422714061454556,0.0004455241075459333,83.12804002727572,83.43735286210648,83.11801676796941,1.0001205906937636,0.00012059069376365233,278.55891815028633,282.8877278582983,84.56840781352098,82.44945213268132,3.2938886441438915,3.4310443616176225,108353.38171299362,625601538931.2129,626765920306.3228,165615046.09801182,49204057.83867553,43506.90828776773,20316.99796114735,3818.2573189829154,11.321969736740753,3.3788659270805974,0.9978714920939091
17,8580.0,143.0,2.3833333333333333,27.426964376883987,27.347747615558063,0.0004455241075459333,82.90580469505123,83.28951233183595,82.89587055147294,1.0001198388232393,0.00011983882323937177,278.6714096453344,284.5793363596483,84.6104597098408,86.43537298938853,3.2935810844308997,3.292394381112759,107147.04758622471,625607994245.3414,631626404156.3337,165683152.50529528,49229344.040210396,43542.25301257342,20343.692895949087,3822.1572138520332,11.335713170311527,3.3833170360487625,0.999292309903763
17,8640.0,144.0,2.4,27.40023204138238,27.40105652038096,0.0004455241075459333,82.6850122582461,82.75201534160595,82.67515043193393,1.0001192840443671,0.0001192840443670462,278.78308746675776,278.623157677271,84.65222329956869,84.19816524268577,3.29327543448204,3.3091357379842052,106295.6909791983,625614399555.6161,691017884223.414,165750766.72558945,49254457.05250346,43577.3563859727,20370.214509979734,3826.0323649843713,11.349368220232147,3.3877404556032196,1.0007045682573432
17,8700.0,145.0,2.4166666666666665,27.373500190732045,27.328107539170084,0.0004455241075459333,82.46565074874806,82.39321961733461,82.4558637101804,1.0001186942702107,0.00011869427021061406,278.893961898825,280.5580278576679,84.69370196699141,87.46894264071655,3.2929716781954035,3.2075159409446083,105383.31903154566,625620755325.7612,683467343825.5176,165817894.97659975,49279398.9089852,43612.22134847561,20396.56424085037,3829.883047256093,11.362935919759735,3.39213649688276,1.0021083597321732
17,8760.0,146.0,2.433333333333333,27.346768989184874,27.33146930229654,0.0004455241075459333,82.24769231556252,82.31357134330352,82.23800708154288,1.0001177707773248,0.0001177707773248771,279.00406044346573,277.4483782428378,84.7349040248368,86.21822690035224,3.292669811270293,3.2179782421587273,103883.01672651437,625627063239.6283,619117210961.6277,165884553.90667975,49304174.61386844,43646.85624880012,20422.745434025812,3833.709991843239,11.376419406865264,3.3965060908681046,1.003503957777403
17,8820.0,147.0,2.45,27.320037699785257,27.235329287191565,0.0004455241075459333,82.03115691163492,82.21698205058897,82.02156997725241,1.0001168830880118,0.00011688308801172993,279.11336094032447,278.1884049828869,84.77582282456389,86.93174897559628,3.292369824801642,3.200078317312823,102453.21380746861,625633322053.5859,640289175278.3708,165950730.07909486,49328780.153673634,43681.25381723927,20448.755692755854,3837.512542511051,11.389815742932615,3.400848348836542,1.0048910956227002
17,8880.0,148.0,2.466666666666667,27.2933063225332,27.429432962639357,0.0004455241075459333,81.8160445369653,81.99566862531981,81.80654793675647,1.0001160860646041,0.00011608606460404148,279.2218633894012,272.24909090223474,84.8164583661727,83.32534157661507,3.2920717130622745,3.267302428660435,101188.42664962138,625639531767.6335,699223902521.9523,166016423.4828744,49353215.52328807,43715.413760136464,20474.59501704049,3841.290660343367,11.403124704591903,3.4051631940898415,1.0062697472628677
17,8940.0,149.0,2.4833333333333334,27.2665748574287,27.235366354338918,0.0004455241075459333,81.60235519155361,81.37884044643597,81.59293654264681,1.000115434611204,0.00011543461120411201,279.32956779069593,277.43948589829216,84.85681064966319,82.37003598171917,3.2917754703735693,3.3682088710009284,100181.34918397071,625645692381.7715,623538952182.8279,166081634.10713142,49377480.71763714,43749.335785982024,20500.263406879734,3845.0443066934063,11.416346069962158,3.409450550426123,1.0076398868560916
17,9000.0,150.0,2.5,27.23984330447176,27.21432465650459,0.0004455241075459333,81.3900888753999,80.95655334046127,81.38073142065646,1.0001149836648071,0.00011498366480719578,279.4364741442087,282.44936282355553,84.8968796750354,80.78669481768674,3.291481091105157,3.4962361495412795,99523.7894367775,625651803895.9995,647274721024.2283,166146361.94106257,49401575.73168424,43783.01960541319,20525.760862273575,3848.773443183751,11.429479618654362,3.4137103421410067,1.0090014887243517
17,9060.0,151.0,2.5166666666666666,27.213111663662378,27.206731768149655,0.0004455241075459333,81.17924558850413,80.98993653124708,81.1699282396697,1.0001147881861732,0.00011478818617306018,279.54258244993946,285.36405553031017,84.93666544228931,83.18838275330704,3.2911885696746146,3.430335415661941,99308.06928551306,625657866310.3176,581238711625.8715,166210606.97394764,49425500.56043078,43816.46493121396,20551.087383222013,3852.478031706352,11.442525131774488,3.4179424940287046,1.0103545273538264
17,9120.0,152.0,2.533333333333333,27.186379935000552,27.253794779166434,0.0004455241075459333,80.96982533086631,80.98251133612249,80.96052271172873,1.0001149031506467,0.00011490315064675216,279.6478927078882,280.3723961161654,84.97616795142493,86.5345359919631,3.290897900547172,3.2400057722873212,99628.8918539801,625663879624.7263,643855760719.7263,166274369.19515002,49449255.198916286,43849.6714783149,20576.242969725055,3856.158034422507,11.45548239192649,3.4221469313831316,1.0116989773952876
17,9180.0,153.0,2.55,27.159648404431675,27.211069371681855,0.0004455241075459333,80.76172534824745,81.55289670295463,80.75251280966964,1.0001140836149522,0.00011408361495235213,279.7524880692864,287.0261146041015,85.01541372769141,83.7035917953353,3.290609029620764,3.4290776351140657,98332.08660531572,625669848832.9003,625506968545.5565,166337698.97163054,49472855.624322444,43882.66519342438,20601.239964634227,3859.815884401763,11.468361419660623,3.426326708604691,1.0130357612508876
17,9240.0,154.0,2.566666666666667,27.132916904160474,27.160201938005045,0.0004455241075459333,80.55500593773837,80.7243991180255,80.54589299473555,1.0001131397600052,0.00011313976000507648,279.8563197402604,283.4456046819124,85.05438720583935,89.45219819504601,3.290321980252267,3.1686823845723002,96828.31250578108,625675771004.5078,717564532549.5651,166400566.7318344,49496292.45372805,43915.430427379564,20626.07112505574,3863.450097346155,11.481156011906252,3.4304799221291535,1.0143642998286744
17,9300.0,155.0,2.5833333333333335,27.106185396454947,27.033838586725846,0.0004455241075459333,80.3496806583036,80.29863040830772,80.34065880158415,1.0001122950303623,0.00011229503036219531,279.959376748566,282.86290922493305,85.093084885722,87.18078831921933,3.2900367535686925,3.2445555342905164,95501.88188992537,625681645480.6067,681220870717.8085,166462965.81814152,49519563.57352108,43947.96344956744,20650.73482228514,3867.060311306949,11.493864612143899,3.4346060882868086,1.0156844440135309
17,9360.0,156.0,2.6,27.079453881315096,26.907788534132987,0.0004455241075459333,80.14574950994313,80.44493528973065,80.13680610274953,1.000111601742427,0.00011160174242696035,280.0616590942033,285.8935638312492,85.13150676733942,83.35086099481184,3.2897533443123383,3.4300013271493928,94438.19287932482,625687472261.1965,609042718698.0579,166524896.22054023,49542668.979026206,43980.26399124686,20675.231056322435,3870.646490450684,11.506487015025002,3.438705136386077,1.0169961697770544
17,9420.0,157.0,2.6166666666666667,27.05272235874092,27.022981697900832,0.0004455241075459333,79.94321249265698,79.81125500653442,79.93433081407571,1.0001111121903545,0.00011111219035452696,280.16316677717225,278.9670080269183,85.16965285069155,85.79758877497477,3.2894717472703356,3.25145510509133,93721.63881026283,625693251346.2778,623077443623.821,166586357.9290981,49565608.665604085,44012.33178569878,20699.559827167617,3874.208599199203,11.519023016621544,3.442776996210634,1.0182994532478382
17,9480.0,158.0,2.6333333333333333,27.025990828732414,26.817425674964046,0.0004455241075459333,79.74206960644513,79.5710536217543,79.7332288947305,1.0001108786366384,0.00011087863663841107,280.26389979747285,270.4011445938436,85.20752313577843,84.88079543850004,3.2891919572743773,3.1856575235532683,93436.99008419624,625698982735.8501,657051967013.5314,166647350.93396068,49588382.6286512,44044.16656822617,20723.721134820695,3877.7466022296762,11.53147241442879,3.4468215980204224,1.0195942707118433
17,9540.0,159.0,2.65,26.999259291289587,27.051630426417148,0.0004455241075459333,79.5423208513076,78.90402400565,79.53349634723986,1.000110953302357,0.00011095330235709435,280.3638581551051,283.2268352357371,85.24511762260005,87.286477329876,3.288913969200454,3.2447962605405265,93671.20020290493,625704666429.9138,639540185161.0802,166707875.2253524,49610990.8635999,44075.76807615384,20747.71497928166,3881.2604644745666,11.543835007367948,3.4508388725526293,1.0208805986127527
17,9600.0,160.0,2.6666666666666665,26.972527765413258,26.93870663315559,0.0004455241075459333,79.34392108237824,79.07132143736197,79.33512935802318,1.000110817546101,0.00011081754610102454,280.4630779510386,280.51045431794853,85.28244825561747,83.61976375761326,3.288637740680302,3.3545951544548482,93549.45077485994,625710304214.2058,646873314619.2474,166767952.6675141,49633440.5634321,44107.14749872513,20771.546783357255,3884.7512709385473,11.556115081793548,3.4548301404333857,1.0221588398292465
17,9660.0,161.0,2.683333333333333,26.945796257828135,26.9294616660051,0.0004455241075459333,79.14685432216191,79.34140070055832,79.1381240628876,1.0001103167326455,0.00011031673264554698,280.5615719619878,280.69127976630284,85.31951926216786,88.27192789265517,3.2883632536639666,3.1798476193659555,92811.4620194519,625715896720.728,626291628131.5021,166827590.9928266,49655734.27118106,44138.30864305318,20795.218466266124,3888.2193850557765,11.568314037632016,3.458795828618071,1.023429123160204
17,9720.0,162.0,2.7,26.919064757975452,27.02044399131347,0.0004455241075459333,78.95114565766451,79.06192453915637,78.94247651367782,1.0001098159618187,0.00010981596181862747,280.65932012664086,278.1156299323855,85.3563240047132,86.69125024400218,3.288090524038306,3.2081164956047825,92074.73036533695,625721442957.1456,639137951351.164,166886778.0367989,49677867.982911915,44169.24490144249,20818.7270145541,3891.6641516875065,11.580429194290874,3.462735100238316,1.024691189657869
17,9780.0,163.0,2.716666666666667,26.892333267565235,26.900457999473424,0.0004455241075459333,78.75679102596138,79.23820460997074,78.74818289674238,1.0001093120996873,0.00010931209968725362,280.75632569399454,284.1290904346611,85.39286355822497,86.10306446998253,3.2878195436385775,3.299871986945539,91334.0528795919,625726943084.1707,626431957092.8926,166945515.7589215,49699842.34212188,44199.95706007163,20842.072916260182,3895.08563885074,11.592460768195023,3.466648015703298,1.0259450556659648
17,9840.0,164.0,2.7333333333333334,26.86560178830751,26.915540086119847,0.0004455241075459333,78.56378636412785,78.63282861645474,78.5552394416165,1.0001088014316055,0.00010880143160545306,280.85259191304544,281.46104920976967,85.42913899767474,82.54043987522529,3.2875503043603174,3.409977577478974,90583.3330639134,625732397262.5148,635065269674.6725,167003806.11880624,49721657.99236399,44230.4459084029,20865.25665942337,3898.4839149757895,11.604408978198204,3.4705346362385088,1.0271907377991762
17,9900.0,165.0,2.75,26.838870321912307,26.760897557848438,0.0004455241075459333,78.37212760923929,78.48676082284776,78.36364242107219,1.0001082796550154,0.00010827965501535044,280.94812203279025,276.5995907444434,85.465151398034,85.62393430992951,3.2872827981587487,3.230400389489777,89815.58991571033,625737805652.89,648647092970.2717,167061651.076186,49743315.577246666,44260.71223915539,20888.278732082657,3901.8590489030776,11.616274045565316,3.474395023880022,1.0284282529413216
17,9960.0,166.0,2.7666666666666666,26.812138870089655,26.755326557471108,0.0004455241075459333,78.18181069837102,78.58248693175345,78.17338815115902,1.0001077418724096,0.00010774187240958,281.04291930222564,271.5845709710356,85.50090183427427,86.75920221930964,3.287017017048182,3.1303258216289835,89022.97120708473,625743168416.0082,670427711573.4615,167119052.59091264,49764815.74043327,44290.75684827771,20911.139622277045,3905.2111098799405,11.628056193954379,3.4782292414686986,1.029657618243503
17,10020.0,167.0,2.783333333333333,26.785407432244106,26.844739575254973,0.0004455241075459333,77.99283221476539,78.01045437528654,77.9844729750205,1.0001071910782493,0.00010719107824923862,281.1369860948772,283.98188847325486,85.53639110869997,85.55953765200252,3.286752953343651,3.319114341504489,88210.75110482726,625748485683.8376,594559890135.1064,167176012.09241533,49786158.961076796,44320.5802553158,20933.83974042787,3908.5401417777703,11.639755539354605,3.4820373192635623,1.0308788410782421
17,10080.0,168.0,2.8,26.75867599340281,26.70369971295441,0.0004455241075459333,77.80519277131292,77.54961687653935,77.79689317911621,1.0001066828231508,0.00010668282315076795,281.23031932462857,297.06416988172913,85.57161832319954,82.34828414810403,3.286490600919061,3.6074117749370087,87470.29477060513,625753757409.0938,677853149810.5659,167232527.7016316,49807344.692106426,44350.18123835853,20956.37901291465,3911.8460279890023,11.6513715131078,3.4858190799003217,1.032091866364627
17,10140.0,169.0,2.816666666666667,26.7319445521402,26.76197206224745,0.0004455241075459333,77.61888635340462,77.41129434048025,77.61064519071248,1.0001061859835323,0.00010618598353219655,281.3229246417831,286.35669196778287,85.6065850902071,86.6625049270654,3.286229959358171,3.3042743480445065,86750.00537463876,625758984045.1709,651004397845.767,167288602.83175904,49828373.90157619,44379.56134838967,20978.758162212947,3915.1288876557255,11.66290463505543,3.4895746675072337,1.0332967331521883
17,10200.0,170.0,2.8333333333333335,26.705213107147905,26.64477280311422,0.0004455241075459333,77.43390628681969,77.32494193149375,77.42572548198969,1.0001056600345568,0.00010566003455670154,281.41480883556494,285.1833193074709,85.6412933219064,84.24737046849808,3.285971030093974,3.3850708659697237,85983.7461095976,625764166125.5865,580977209794.0276,167344241.58631808,49849247.738689214,44408.72250090468,21000.977990030955,3918.3888684171825,11.67435556939521,3.493304267791486,1.0344934923421638
17,10260.0,171.0,2.85,26.67848166094363,26.777035379710437,0.0004455241075459333,77.25025266629407,77.1130150939257,77.24213059545546,1.0001051507872194,0.00010515078721932213,281.505973470529,270.60033013837653,85.67574379453154,85.97182916574818,3.285713797193749,3.1475465017346136,85246.36867669366,625769303369.3485,582723376383.6539,167399444.91337043,49869966.669460684,44437.66500655296,21023.03848498899,3921.626016802145,11.685724360439476,3.4970078988631035,1.0356821505721046
17,10320.0,172.0,2.8666666666666667,26.651750213789875,26.55865078591066,0.0004455241075459333,77.06792043686569,77.26140874730825,77.05985710173954,1.0001046372966342,0.0001046372966343136,281.59642315737045,270.309340136956,85.70993798861248,86.39959324926244,3.2854582533332795,3.1285950543437715,84503.76610618866,625774396007.051,664158130584.1012,167454215.59905714,49890531.582653046,44466.39011292447,21044.940254289697,3924.8404425072936,11.697011415720592,3.5006856789921383,1.0368627415730458
17,10380.0,173.0,2.8833333333333333,26.62501876650471,26.635158582781653,0.0004455241075459333,76.88690710118075,77.42975648338673,76.87890161918192,1.0001041310662644,0.00010413106626433362,281.68615973520076,282.7077471185625,85.74387648342928,85.60669420293145,3.285204393454721,3.3024023384012615,83774.55880106335,625779444169.5728,602929609261.9507,167508554.74850368,49910942.82326502,44494.89818416689,21066.68359791551,3928.0321703158265,11.708216795788017,3.5043376196651788,1.0380352665005161
17,10440.0,174.0,2.9,26.598287319761294,26.634383666475653,0.0004455241075459333,76.70720342487971,77.0120402686179,76.69926080907297,1.0001035553110025,0.00010355531100243734,281.7751926618888,282.54811165090103,85.77756192323879,87.42118991760316,3.2849522222844914,3.2320323243965254,82935.61053204547,625784448610.4767,706080410349.1938,167562468.08219036,49931201.982462026,44523.19199225088,21088.269625098823,3931.201417862841,11.71934150547062,3.507964006172123,1.0391998050908544
17,10500.0,175.0,2.9166666666666665,26.57155587302541,26.583300751832592,0.0004455241075459333,76.52881487302554,76.45843138326812,76.52093136870471,1.0001030241553497,0.00010302415534965955,281.86351648741726,284.11540617733783,85.81099276894945,86.60233645632395,3.2847017310049007,3.2806898497550976,82170.41582102765,625789408900.5458,635956371864.1129,167615952.2914036,49951308.12836331,44551.26960403724,21109.6976793756,3934.3480127952603,11.730384706821903,3.511564583763221,1.0403562803291755
17,10560.0,176.0,2.933333333333333,26.54482442629706,26.700477111493935,0.0004455241075459333,76.35174144561825,76.60896957267273,76.34391004322981,1.0001025805775994,0.00010258057759942637,281.951131211786,282.5933158279451,85.84416902056125,85.61775470470768,3.2844529154246165,3.3006391817047587,81546.4413705442,625794325039.7793,619657227168.295,167669007.3683258,49971261.257298805,44579.13080877909,21130.967760745843,3937.4719265427566,11.741346237196284,3.515139296066841,1.0415046729288466
17,10620.0,177.0,2.95,26.51809297965878,26.622518943122728,0.0004455241075459333,76.1759650369586,76.13724627647828,76.16819362265403,1.0001020296522072,0.00010202965220721323,282.03805117618805,272.57071796270753,85.8770952831218,83.01620360579132,3.2842057622740706,3.2833435657577175,80753.48627359411,625799197893.373,621608703535.6777,167721641.99510258,49991064.14076972,44606.77995765968,21152.082044068327,3940.5735641244455,11.752227729106487,3.5186886374787476,1.042645131053777
17,10680.0,178.0,2.966666666666667,26.49136153308316,26.435803963265425,0.0004455241075459333,76.0014916583612,76.2722647249606,75.993778940647,1.0001014914355058,0.00010149143550582901,282.12427161917117,289.8490417519657,85.9097700276987,85.62463924668847,3.2839602705048536,3.385112559912777,79982.93752542826,625804027174.071,638676105612.0192,167773853.27903557,50010715.853849545,44634.21533296587,21173.039807263205,3943.6527539697972,11.76302842964215,3.522212370697593,1.043777580462483
17,10740.0,179.0,2.9833333333333334,26.464630086561346,26.36517451733257,0.0004455241075459333,75.82832325475272,75.5495584258248,75.82066287548923,1.000101032871159,0.00010103287115893267,282.20979100019457,280.585975018561,85.94219275961456,83.28642766275742,3.283716437042189,3.368927962124957,79339.67257854209,625808812788.9341,625652451199.756,167825640.2791224,50030216.09489356,44661.4362415913,21193.840816705666,3946.709421902782,11.773747989024551,3.52571038210793,1.0449019845187428
17,10800.0,180.0,3.0,26.43789864006667,26.486563252023053,0.0004455241075459333,75.6564501118173,75.81317998763404,75.64884234991528,1.0001005667987202,0.00010056679872023214,282.29461728604514,279.8300963567167,85.97436600344722,86.60297858178043,3.283474254113445,3.2311832795966606,78685.936130235,625813555232.8884,635229119285.3428,167877007.81581348,50049566.38203476,44688.44501640209,21214.48623928049,3949.7437782262564,11.78438724900304,3.5291829223051394,1.04601841692052
17,10860.0,181.0,3.0166666666666666,26.411167193584134,26.5073934803757,0.0004455241075459333,75.48586676345782,75.14693325948035,75.47831433140612,1.0001000609528525,0.00010006095285243637,282.3787549595123,287.7388519036789,86.00629117973803,87.65831274798853,3.283233715652154,3.2825050230080035,77971.59238390371,625818254784.4219,622993818073.2161,167927958.59840363,50068767.5680447,44715.24288617708,21234.976731575927,3952.755929814295,11.794946618298905,3.532630109728597,1.0471269113935775
17,10920.0,182.0,3.033333333333333,26.384435747113272,26.446961301850624,0.0004455241075459333,75.31657303964595,74.86670852718983,75.30907583229923,1.0000995525076342,9.955250763416062e-05,282.4622041600378,286.94719397247684,86.03796833267434,84.51080649299212,3.2829948176817667,3.395390552760508,77255.11519026927,625822911452.1973,654975452684.5822,167978492.70418954,50087819.67616683,44741.829700352726,21255.312314015788,3955.7458542465797,11.805425963532715,3.5360518973093105,1.0482274515834
17,10980.0,183.0,3.05,26.357704300649246,26.311007672278716,0.0004455241075459333,75.14856598513049,74.76430349347221,75.14112390976459,1.0000990413102528,9.904131025293526e-05,282.54496706242765,276.2186240758895,86.06939813922743,86.70138153121343,3.282757555773514,3.1858618536135763,76536.34868814204,625827525396.499,663252243714.7386,168028611.44449437,50106723.11173518,44768.205956265774,21275.493341585214,3958.713588877067,11.815825406745097,3.5394483155718754,1.0493200445019388
17,11040.0,184.0,3.066666666666667,26.330972854196194,26.370736509634632,0.0004455241075459333,74.98184385482791,75.32362029146276,74.9744556659975,1.0000985427471902,9.854274719021781e-05,282.6270445446911,282.55401509531305,86.1005809849662,82.66912870419388,3.28252192158889,3.4178903240452176,75839.05738617732,625832096615.4421,624027265365.9332,168078315.34235078,50125478.102053806,44794.37174618343,21295.520023903842,3961.6591442582135,11.826144912486047,3.5428193519170663,1.0504046855699496
17,11100.0,185.0,3.0833333333333335,26.304241407744104,26.434368794899324,0.0004455241075459333,74.81639935896051,75.01660077243822,74.80906824817825,1.0000979976218651,9.799762186503346e-05,282.70844452649845,284.3322606073496,86.1315192380864,84.03898598184063,3.2822879130348364,3.383337593682876,75072.30807446747,625836625583.9097,643264119328.401,168127609.18947208,50144086.072369814,44820.3294051607,21315.39323662065,3964.5827180516417,11.836385329488738,3.5461652534644297,1.0514814458073023
17,11160.0,186.0,3.1,26.27750996129203,26.05069969646001,0.0004455241075459333,74.65222921443406,74.65097287475287,74.64495884872672,1.0000973992861604,9.739928616044604e-05,282.78917084669166,289.8716595048472,86.16221384131103,83.26549378515719,3.2820555350111786,3.481293946959327,74226.98983619688,625841112684.0869,640911695714.4774,168176495.31030178,50162547.59231839,44846.07996131792,21335.113374101304,3967.48437309093,11.846546990118986,3.5494861043274635,1.052550345306174
17,11220.0,187.0,3.1166666666666667,26.250778514839748,26.19220100636704,0.0004455241075459333,74.48933656047501,74.8480144151,74.48212470536835,1.0000968266565327,9.682665653254508e-05,282.86921932238886,285.81276909691235,86.19266385670429,84.4312768665604,3.28182477098817,3.385152750308701,73424.0415993016,625845557458.0419,611815550618.9962,168224971.1615044,50180862.08786584,44871.62191439716,21354.680059261547,3970.3639969425158,11.856629236178932,3.5527817133889443,1.053611328915797
17,11280.0,188.0,3.1333333333333333,26.224047068387257,26.210448797695094,0.0004455241075459333,74.32772139708335,74.0145972936148,74.32056310125026,1.000096316490812,9.631649081212565e-05,282.9485899535901,288.2796844434895,86.22286928426618,85.00642142540833,3.2815956172920138,3.391269501874631,72718.4057083257,625849959905.7737,631718757581.5985,168273036.73634517,50199029.55583884,44896.9550818301,21374.09329210139,3973.221564605917,11.866631926005034,3.5560520313496506,1.0546643797030983
17,11340.0,189.0,3.15,26.19731562193456,26.287118537826384,0.0004455241075459333,74.1673837242591,74.06979678257186,74.1602713650575,1.0000959052477922,9.590524779215588e-05,283.0272827402952,283.0846705886946,86.25283012399672,86.26835095987296,3.2813680702814785,3.28144293288241,72163.72587737194,625854320027.2827,606262833884.2952,168320692.02815017,50217049.99309193,44922.07928259331,21393.35307262082,3976.0570512811933,11.8765549190662,3.5592970092946117,1.0557094808637444
17,11400.0,190.0,3.1666666666666665,26.170584175481846,26.175843960776675,0.0004455241075459333,74.00830902400882,74.48765190226304,74.00124687114706,1.000095432890125,9.543289012495156e-05,283.1053098655581,279.0999803454562,86.28255008958591,85.81787216101674,3.2811421263235037,3.2522360822672427,71518.44883244931,625858638678.2295,643034075337.0215,168367944.4132777,50234925.63668682,44946.99821547845,21412.46114472295,3978.8707826172104,11.886399605283549,3.5625170599267064,1.056746753603423
17,11460.0,191.0,3.183333333333333,26.14385272902923,26.17653313569223,0.0004455241075459333,73.85048747030434,74.16278038138907,73.84348703967062,1.0000948009217112,9.480092171111986e-05,283.18267957507953,284.10179490097335,86.31203169452324,88.31416322426266,3.280917781860629,3.2169448764354223,70636.86014700346,625862916437.7397,623321031050.6571,168414798.8822543,50252657.99979764,44971.7143313113,21431.418688711477,3981.6629717192277,11.896166884507021,3.5657124482752596,1.057776275022429
17,11520.0,192.0,3.2,26.11712128257655,26.138017329695572,0.0004455241075459333,73.69393222192234,73.75815751585144,73.68698933671203,1.0000942213173967,9.42213173967772e-05,283.2593808264185,278.2921961484715,86.34127157280507,87.77864956271186,3.280695033400884,3.1703859370683376,69836.9918859105,625867152530.2622,624041779660.7836,168461248.73696592,50270245.04897702,44996.223941857235,21450.224123952557,3984.43327731859,11.905855236086394,3.5688827093929056,1.0587979040121147
17,11580.0,193.0,3.216666666666667,26.090389836123805,26.146637633124847,0.0004455241075459333,73.53864327886282,73.37647974574496,73.53175127442765,1.0000937282781346,9.372827813458655e-05,283.3354136195752,284.0394003253275,86.37026972443142,86.40820105865842,3.280473877453095,3.2871810412128206,69168.11819005845,625871346955.7971,638065997662.5638,168507293.97107482,50287686.78123392,45020.5268745946,21468.877450446194,3987.1816756876597,11.915464525860598,3.5720277965100986,1.0598116244813156
17,11640.0,194.0,3.2333333333333334,26.063658389670998,26.18604244907914,0.0004455241075459333,73.38462064112579,73.11656629347304,73.37777041118632,1.0000933556566394,9.335565663943096e-05,283.4107779545496,282.82206252308947,86.39902614940232,84.40250596928205,3.2802543105575284,3.3508728120705493,68678.38266646181,625875499714.3444,698120845503.0602,168552934.5783014,50304983.193604395,45044.62295850375,21487.378668192385,3989.9081432946655,11.924994620776545,3.5751476632340893,1.0608174204653795
17,11700.0,195.0,3.25,26.03692694321817,26.125008170520253,0.0004455241075459333,73.23185310159863,72.78605781198151,73.22504435171547,1.0000929838956527,9.298389565268368e-05,283.48548331703523,275.94057209299206,86.42754378301952,87.62160080421137,3.2800363276404005,3.149229979369761,68190.67540589094,625879611436.2562,634585420561.7892,168598176.30104154,50322136.05286507,45068.515050856135,21505.729123390844,3992.6129343088965,11.934446584618074,3.57824262604629,1.0618153850567371
17,11760.0,196.0,3.2666666666666666,26.01019549676538,25.79468079061367,0.0004455241075459333,73.08032911121167,73.04224647263916,73.07357074725581,1.000092487117938,9.248711793801726e-05,283.55953948215836,293.6317223971919,86.45582565014824,85.62845675818873,3.279819923640648,3.429137152692076,67521.08516691902,625883682771.1187,608405258336.3221,168643025.05727905,50339147.179875,45092.20610595403,21523.930203317206,3995.296311937247,11.94382152125851,3.5813130136937765,1.062805615068884
17,11820.0,197.0,3.283333333333333,25.98346405031259,25.978348499302488,0.0004455241075459333,72.93005539914593,73.16323181357001,72.9233472957109,1.0000919884191248,9.198841912493325e-05,283.63294075434374,282.53899840264376,86.48386998832049,87.75509033517633,3.2796050962179177,3.2196308763799304,66850.90593027667,625887713340.4445,597372663596.1287,168687477.38936886,50356015.50921512,45115.69414367538,21541.981099661436,3997.958087058288,11.95311858599759,3.584358564249318,1.063788029835355
17,11880.0,198.0,3.3,25.956732603859816,25.992200739764268,0.0004455241075459333,72.7810294898726,72.94866570970667,72.77437174181243,1.0000914847892302,9.148478923025212e-05,283.7056892288777,290.7041195999338,86.51167744591244,87.92368389211413,3.2793918417112193,3.306323242286337,66175.84740797809,625891703283.471,677584079849.9867,168731534.56122065,50372741.42900753,45138.97967136501,21559.88210978436,4000.598298667189,11.962337917318637,3.587379313889003,1.064762638283232
17,11940.0,199.0,3.316666666666667,25.93000115740707,25.80769609075609,0.0004455241075459333,72.63324890786281,72.93506233891881,72.62664187727756,1.000090972546912,9.097254691202508e-05,283.7777870010465,284.77711095038813,86.53924867130016,87.38174064194845,3.279180156496534,3.259000208261795,65490.73520947223,625895652739.4364,618356348969.7593,168775197.83682668,50389325.32741239,45162.06319848687,21577.633531046795,4003.216986028222,11.971479655306961,3.590375299330303,1.0657294495201728
17,12000.0,200.0,3.3333333333333335,25.903269710954337,26.008752805819967,0.0004455241075459333,72.48671190047013,71.98194879946337,72.48015554098208,1.0000904573043354,9.045730433535454e-05,283.8492354222749,286.95096590735534,86.56658409898368,86.26516386360152,3.2789700364948025,3.326382899603239,64803.81517223311,625899561794.2673,621375248453.7848,168818468.02956104,50405767.46346662,45184.94499935384,21595.235573976846,4005.814168442981,11.980543847864329,3.5933465300748955,1.066688464693516
17,12060.0,201.0,3.35,25.876538264501598,25.792633491247546,0.0004455241075459333,72.34141728583577,72.12406391182344,72.33491061912872,1.0000899519561353,8.99519561351783e-05,283.9200352566351,286.0867076058915,86.59368399458657,85.3263725696077,3.2787614772733824,3.3528521017638147,64133.5620542457,625903430491.796,594099370563.7434,168861345.5969947,50422067.99425379,45207.62516274864,21612.688380539534,4008.3898494740433,11.98953047020709,3.5962929941727664,1.0676396786788844
17,12120.0,202.0,3.3666666666666667,25.849806818048854,25.81279780729402,0.0004455241075459333,72.1973626219487,72.2943336817202,72.19090504542795,1.0000894513861085,8.945138610856153e-05,283.99018856492285,291.0914418261973,86.62054899656817,87.31764636448943,3.2785544752917035,3.3337069188866635,63472.53720295454,625907258968.7885,560317566565.4203,168903831.78244662,50438227.302048534,45230.10419290745,21629.992244069515,4010.944068190551,11.998439662429442,3.5992147285332803,1.0685831007019413
17,12180.0,203.0,3.3833333333333333,25.82307537159611,25.7906713927583,0.0004455241075459333,72.05454551108853,72.11033065537217,72.04813680127737,1.0000889503892216,8.895038922165238e-05,284.05969791525456,288.32039801480374,86.64717984069362,87.59916622575294,3.2783490292184525,3.29136007153047,62813.31683739083,625911047412.5425,631185071532.9252,168945928.13691247,50454245.82812226,45252.38275691223,21647.14745258125,4013.476872956561,12.007271629533747,3.602111787254568,1.0695187444155796
17,12240.0,204.0,3.4,25.79634392514337,25.793182503080367,0.0004455241075459333,71.91296378780854,71.73466892811943,71.90660391594768,1.0000884462832966,8.844628329667544e-05,284.1285653258895,286.86530619695264,86.673577131933,86.69227874068736,3.2781451363590772,3.3090064116900173,62152.164893785986,625914795962.981,581393257740.7719,168987635.8781954,50470123.93468608,45274.461349133424,21664.154266188452,4015.9883001216376,12.016026509133825,3.6049842057278503,1.0704466183639263
17,12300.0,205.0,3.4166666666666665,25.769612478690615,25.671029430916718,0.0004455241075459333,71.77261540941988,71.10452852853575,71.76630446677474,1.0000879374058904,8.79374058903236e-05,284.1967925717438,292.84630744558854,86.69974141420155,86.69045989757564,3.2779427935547676,3.3780684494185986,61486.84572080744,625918504740.6831,644525673077.6196,169028956.07667845,50485861.947084635,45296.34038838214,21681.012930259163,4018.4783805341713,12.024704409707152,3.6078320111678877,1.0713667288301227
17,12360.0,206.0,3.433333333333333,25.742881032237857,25.844836269363746,0.0004455241075459333,71.63349879556085,71.92643324515872,71.62723657935496,1.0000874278627092,8.742786270917126e-05,284.26438170078694,280.93212307199076,86.72567320462049,86.91059275372118,3.2777420018417587,3.2324267292488615,60823.19678117205,625922173936.7288,576390937567.1349,169069889.96822795,50501460.175114155,45318.02037809605,21697.72363462661,4020.9471422257548,12.033305473032872,3.6106552362045674,1.0722790823287123
17,12420.0,207.0,3.45,25.718542661429037,25.717624123336286,0.0002547194275624004,71.50740840123183,71.30484490619008,71.50168802333613,1.000080003396477,8.000339647690461e-05,284.32545545336893,292.7723862543915,86.74922211924915,89.11108107144847,3.277556253617157,3.28547676376689,50967.04101064311,625925421624.7273,604684669091.1744,169106878.104828,50515625.13507823,45337.62086700434,21712.869627939406,4023.1903882683505,12.041084450884192,3.6132136375641903,1.0731072526321515
17,12480.0,208.0,3.466666666666667,25.702640857111856,25.63762833840683,0.0002547194275624004,71.42465342017103,71.86566424832284,71.4202091387934,1.000062227224356,6.222722435596974e-05,284.3650444528246,275.94664902314815,86.76482219620638,87.48123749865326,3.2774232373780845,3.1543523721574727,30848.36935927696,625927338837.3916,649704434626.1156,169130854.52904648,50525008.77085708,45350.34503043105,21722.81016620497,4024.678684627627,12.04613851490535,3.614890023374725,1.0736538259779134
17,12540.0,209.0,3.4833333333333334,25.687354936295574,25.555586068344784,0.0002547194275624004,71.34675830573946,71.52769712691264,71.34229529825976,1.0000625576659825,6.255766598259027e-05,284.4022566842708,287.4497503785712,86.77951453444908,87.156498726789,3.2772971617785545,3.2980874011431434,31190.29282227678,625929130554.1597,639170957810.3633,169153391.3139993,50533846.42979297,45362.3076809237,21732.16693670726,4026.0807469842075,12.05089091722145,3.616467624368189,1.0741685425631937
17,12600.0,210.0,3.5,25.672071701795474,25.668155281986337,0.0002547194275624004,71.26947866571058,70.87042205312676,71.2647959691443,1.0000657084118827,6.570841188270404e-05,284.43915189594435,276.2025957353714,86.79408887507175,89.66797621001362,3.2771719316664027,3.0802813602982444,34425.93845436019,625930904568.3396,678901153642.6243,169175736.30423826,50542613.12582187,45374.170265328714,21741.449776350368,4027.4718150273693,12.055604219281888,3.6180325861086815,1.074679231626781
17,12660.0,211.0,3.5166666666666666,25.656788467295378,25.67566128778146,0.0002547194275624004,71.1921990256817,70.75801659814842,71.18769710868568,1.0000632400987652,6.324009876519223e-05,284.4760471076179,283.19742738247226,86.80866321569441,86.3889059260817,3.277046743604117,3.278168930913292,31901.73583288288,625932678582.5193,577843760814.2924,169198081.34011117,50551379.84459372,45386.03438732438,21750.73261599348,4028.8631222373015,12.060318738313985,3.6195979916933188,1.0751900801457657
17,12720.0,212.0,3.533333333333333,25.641505273927795,25.783402752442548,0.0002547194275624004,71.11533346886192,70.84369901412225,71.1109986129264,1.0000609590080307,6.0959008030822444e-05,284.5127341059259,285.85224975876514,86.82315982845677,90.30582834139898,3.2769221330813085,3.1653798543113703,29654.413228271635,625934440590.9009,595518575789.1708,169220300.35880727,50560099.808911875,45397.833278884245,21759.965715911767,4030.247263313873,12.065007972935714,3.6211552295391716,1.0756983290181865
17,12780.0,213.0,3.55,25.626222108137146,25.5440632915272,0.0002547194275624004,71.03898611910823,71.0622087083044,71.03470010657372,1.0000603368850447,6.0336885044589414e-05,284.54915873646746,279.2164414541099,86.83755866675628,84.96279825470276,3.2767982322999187,3.286337634703021,29064.464171073265,625936187599.4966,602541183973.9655,169242360.51620683,50568760.987122834,45409.54950243437,21769.136568735034,4031.6223295538507,12.069664987317706,3.622702057299333,1.0762032629902947
17,12840.0,214.0,3.566666666666667,25.61093894230793,25.617026980786456,0.0002547194275624004,70.96307125190296,71.17601746906853,70.95880115140463,1.0000601771792792,6.0177179279288094e-05,284.58536505368545,292.88764300911384,86.85187544458229,87.54902690695452,3.2766749548807526,3.345412888716506,28922.916763453897,625937922586.3815,639219698690.1877,169264288.49729136,50577372.81923797,45421.197125619394,21778.255471702636,4032.9898062640805,12.074295346868857,3.624240249920506,1.0767054412710908
17,12900.0,215.0,3.5833333333333335,25.595655776519262,25.538236841174623,0.0002547194275624004,70.88755358839852,71.04160061875369,70.8833014538378,1.0000599878176313,5.998781763127629e-05,284.6213705334851,273.1283410971748,86.86611683682405,86.09448768220685,3.2765522495743613,3.172425418284036,28753.149059139283,625939646478.4636,666034618301.6927,169286094.8784855,50585939.32442074,45432.78173291482,21787.326662513977,4034.3503270567803,12.078901259958768,3.625770531096206,1.0772050973872598
17,12960.0,216.0,3.6,25.580372610828196,25.601390863022747,0.0002547194275624004,70.81243128924369,70.7950395986584,70.80820072549146,1.000059746804874,5.974680487407691e-05,284.65717585532667,290.5359885580626,86.88028317824192,88.11014590893592,3.2764301109761513,3.2974180846135357,28534.38366891278,625941359286.63,571976644594.7648,169307780.06530553,50594460.70660883,45444.30351741036,21796.350362112156,4035.7039210881976,12.083482794157517,3.627292926017619,1.0777022402707201
17,13020.0,217.0,3.6166666666666667,25.56508944523473,25.551250762309593,0.0002547194275624004,70.73770435443848,70.57344009718554,70.73349868302886,1.0000594579864976,5.945798649757705e-05,284.69278101921014,288.3323177598213,86.89437446883592,86.78211853822013,3.276308538492481,3.322485353164494,28270.815559937946,625943061010.8805,582027052360.404,169329344.0569746,50602936.965424076,45455.76245487314,21805.326570497167,4037.050584774999,12.088039930434356,3.628807427872865,1.0781968675180753
17,13080.0,218.0,3.6333333333333333,25.54980627955976,25.52858463830908,0.0002547194275624004,70.6633805834005,70.52858933654647,70.65919504759073,1.000059235543328,5.92355433280652e-05,284.7281830841157,278.84452531478087,86.90838923563301,85.61948057006003,3.276187553219261,3.256788332026964,28071.16720560545,625944751639.3842,635783802884.6643,169350785.09092063,50611367.205365375,45467.157574503515,21814.254350802028,4038.3901707164446,12.092572271530878,3.630313889603461,1.078688926936572
17,13140.0,219.0,3.65,25.534523113903397,25.516440798218877,0.0002547194275624004,70.58945561651247,70.54614890692673,70.58528954704211,1.0000590217805592,5.902178055926959e-05,284.7633836939764,294.4730129052021,86.92232830197656,88.02983421899924,3.276067142434115,3.345150147308204,27880.276971917607,625946431178.7544,636201357563.5,169372104.15116155,50619751.926400766,45478.489381228814,21823.134226704497,4039.7227557090237,12.097080009866946,3.6318123827900743,1.0791784439488088
17,13200.0,220.0,3.6666666666666665,25.519239948268712,25.602945641978767,0.0002547194275624004,70.51592931995563,70.23844181280603,70.51178191414822,1.0000588186214392,5.881862143925787e-05,284.7983828992529,277.50571588115054,86.93619169313914,87.8277097095666,3.27594730517427,3.159660166464791,27699.879477371327,625948099629.1938,595599170402.348,169393301.26716116,50628091.14351484,45489.75786731694,21831.96621427889,4041.0483386641163,12.101563133091743,3.633302903087175,1.0796654170240803
17,13260.0,221.0,3.683333333333333,25.50395678265009,25.408708230087452,0.0002547194275624004,70.44280136309041,70.51401323301424,70.43867188701765,1.000058625126825,5.862512682501989e-05,284.83318097870927,285.29232088657835,86.94997948453468,86.38415707384637,3.275828041217318,3.3026000432312297,27529.003504596058,625949757015.9087,633068116290.3375,169414376.60773367,50636384.90148343,45500.96309807961,21840.75035324168,4042.3669230848363,12.106021657751894,3.634785453973868,1.0801498467023842
17,13320.0,222.0,3.7,25.488673617006075,25.545979837623136,0.0002547194275624004,70.37006930647887,70.40836001348536,70.36595920899863,1.0000584103098493,5.8410309849233895e-05,284.8677799890487,279.84214920635264,86.96369223256242,88.98047841021106,3.2757093526714782,3.1449836436734535,27338.55836788119,625951403524.8684,643875122750.2008,169435331.42323434,50644633.533031,45512.105707656374,21849.486936618443,4043.6785574055466,12.110455825620873,3.6362601040143456,1.0806317521202087
17,13380.0,223.0,3.716666666666667,25.473390451363137,25.52815332027246,0.0002547194275624004,70.29773470801457,69.87315121746364,70.29364362918304,1.0000581998402747,5.8199840274567337e-05,284.90217861680287,285.0540683369079,86.97732958189019,90.45390286469218,3.275591237238022,3.1513738966389697,27152.689007634955,625953039037.3076,645151292538.7803,169456164.91393024,50652836.82507252,45523.185252610645,21858.175777274817,4044.9832049752235,12.114865452055643,3.637726798574111,1.0811111172212073
17,13440.0,224.0,3.7333333333333334,25.458107285721283,25.457846705077305,0.0002547194275624004,70.2257975676975,69.87985930500626,70.22172490197099,1.0000579972327965,5.79972327964959e-05,284.9363768619717,286.7494838498152,86.99089153251796,87.05782976261017,3.2754736943402856,3.2937816693998165,26974.627690982736,625954663553.2266,647680361269.7694,169476877.07908112,50660994.77724567,45534.2017096329,21866.8168752108,4046.2808623270325,12.119250518722108,3.639185531076107,1.081587939679884
17,13500.0,225.0,3.75,25.44282412007887,25.369330574934764,0.0002547194275624004,70.1542573310878,69.85692292358087,70.15020278720813,1.0000577980350531,5.779803505307708e-05,284.9703752499157,284.24741083356105,87.0043782420293,84.36195599761676,3.2753567235108956,3.3693790935998575,26800.179411412984,625956277105.1234,639116405084.1144,169497468.23655254,50669107.48410708,45545.15522438163,21875.410297025774,4047.571541004656,12.123611074477246,3.6406363151058905,1.0820622231692085
17,13560.0,226.0,3.7666666666666666,25.427540954431784,25.526150930588592,0.0002547194275624004,70.08311259919931,69.99334082651731,70.07907705019386,1.0000575856471763,5.7585647176266935e-05,285.00417510624675,288.37555129795606,87.01779010804559,87.01884989579706,3.275240324448271,3.31394349205119,26613.971468841763,625957879774.9995,622992556286.1797,169517939.1895246,50677175.18479858,45556.046199934346,21883.956210766137,4048.8552754194966,12.127947270559924,3.6420791949718416,1.0825339805022962
17,13620.0,227.0,3.783333333333333,25.412257788782902,25.333670360741888,0.0002547194275624004,70.01236435125966,69.89526561959802,70.0083474617485,1.000057377293663,5.737729366284757e-05,285.03777550309593,294.19814929630564,87.03112685224966,88.5128192511673,3.275124496399968,3.3237914212344535,26431.993648998494,625959471505.4576,655042002171.7545,169538289.37457716,50685197.71132897,45566.874315342844,21892.454498806936,4050.1320357014956,12.132258970567039,3.6435141286953017,1.0830031988309108
17,13680.0,228.0,3.8,25.396974623132227,25.444905447432603,0.0002547194275624004,69.94201258726889,70.05859255163136,69.9380137981755,1.000057176188974,5.7176188973950565e-05,285.07117644046315,281.5374363546239,87.04438847464148,85.3850359458222,3.2750092388036314,3.297269049968693,26257.16415770801,625961052296.4978,610655976979.5128,169558518.79099244,50693175.06334633,45577.63954794243,21900.90516114817,4051.401818472507,12.136546156657703,3.644941109870704,1.0834698758883592
17,13740.0,229.0,3.816666666666667,25.381691457481008,25.317354067293984,0.0002547194275624004,69.87205602206393,70.34552830983392,69.86807584130351,1.000056967087078,5.696708707797443e-05,285.10437928921385,285.8046731000411,87.05757533540022,88.44453795595446,3.2748945532977864,3.2314564551444924,26075.463664311905,625962622268.6357,643460729783.9973,169578628.26869038,50701107.45771289,45588.34231237003,21909.30835216378,4052.6646543260035,12.140808984244066,3.6463601819187192,1.083934023573781
17,13800.0,230.0,3.8333333333333335,25.366408291829128,25.422679398632166,0.0002547194275624004,69.80249477891458,70.18522795970834,69.7985333784888,1.0000567547802803,5.675478028025205e-05,285.1373839178578,281.85760501757454,87.07068739997831,89.28374214868606,3.2747804391162854,3.1568749050436447,25891.33865221909,625964181410.3123,640160279011.2299,169598617.7272966,50708994.873249695,45598.98254444399,21917.664057046582,4053.920536680384,12.145047419196882,3.647771333766791,1.0843956382993465
17,13860.0,231.0,3.85,25.351125126176242,25.331532585826224,0.0002547194275624004,69.73332920849715,69.66069354165927,69.72938620263686,1.0000565472618508,5.654726185075844e-05,285.17018995233354,288.36479622167377,87.08372457009541,87.63735270338158,3.274666895107299,3.290432530495035,25712.08920078721,625965729688.6422,600187805766.8618,169618486.93946037,50716837.25034408,45609.560102722404,21925.972233673303,4055.1694529611877,12.149261396819943,3.6491745455581572,1.084854713982161
17,13920.0,232.0,3.8666666666666667,25.335841960522508,25.293357672851517,0.0002547194275624004,69.66455914821876,70.19045781998105,69.66063411222407,1.0000563451086069,5.634510860696638e-05,285.20279757732834,279.1422614694219,87.09668689405183,87.72541136389529,3.2745539210264254,3.1820000286063874,25538.1972545711,625967267119.3702,653250646560.4937,169638236.01637685,50724634.61779398,45620.07502412136,21934.23290157461,4056.411404436557,12.153450923119614,3.650569817764783,1.0853112503177984
17,13980.0,233.0,3.8833333333333333,25.320558794868937,25.241409109243634,0.0002547194275624004,69.59618354875302,69.95551974318516,69.59227691131814,1.0000561360772813,5.613607728137526e-05,285.23520798475937,293.8373254294243,87.10957468356342,88.4610824448921,3.2744415182936253,3.3216564539832962,25358.555464456516,625968793804.1062,619096779096.544,169657865.6794682,50732387.16331721,45630.52766725535,21942.44618679572,4057.6464172727465,12.157616131680577,3.6519571875075947,1.0857652574098045
17,14040.0,234.0,3.9,25.30527562921527,25.42321992611124,0.0002547194275624004,69.52820267974282,70.09846799074676,69.52431440958318,1.0000559267673856,5.592676738569956e-05,285.26742086834247,284.5525986029091,87.12238785852935,85.37034796013059,3.274329685861733,3.333154958391408,25179.170294154,625970309716.7395,602844779047.9695,169677375.74249408,50740094.83825517,45640.917912717865,21950.612056947095,4058.874480664631,12.161756966698007,3.653336637522608,1.086216729923592
17,14100.0,235.0,3.9166666666666665,25.289992463561696,25.149538079256867,0.0002547194275624004,69.46061634229683,69.27012844187797,69.45674642230613,1.0000557169776882,5.571697768818767e-05,285.2994364539959,297.5797208028578,87.13512647803279,86.58280318857136,3.274218423564478,3.4369379350625757,24999.86573375371,625971814876.5295,661222520978.2699,169696766.34164864,50747757.67792024,45651.24581112329,21958.73053591959,4060.0955969694633,12.165873439808166,3.6547081699219097,1.0866656680281017
17,14160.0,236.0,3.933333333333333,25.274709297907254,25.443242837048896,0.0002547194275624004,69.39342447984079,69.42393327104548,69.38957277041152,1.0000555084759206,5.550847592064231e-05,285.33125484542677,285.7427895300737,87.14779056155322,84.12703131197966,3.2741077313244666,3.396563328978233,24822.229142818847,625973309295.7146,630294832179.5709,169716037.53927022,50755375.69369045,45661.51137402148,21966.8016305089,4061.3097647675336,12.16996554715991,3.6560717820362876,1.0871120704289374
17,14220.0,237.0,3.95,25.25942613225205,25.365818322640695,0.0002547194275624004,69.32662690338513,69.6616536271317,69.32279328048433,1.0000553010448567,5.5301044856754485e-05,285.36287626005037,285.1067062397204,87.16038016541839,88.21497388164218,3.273997608987833,3.231953643405794,24646.057199144907,625974792993.0652,587980063770.7577,169735189.46642503,50762948.91921806,45671.71464961123,21974.825363416487,4062.5169861941254,12.17403329954412,3.6574274757254397,1.0875559372205779
17,14280.0,238.0,3.966666666666667,25.244142966596794,25.307339453359653,0.0002547194275624004,69.26022335077603,69.40762385757354,69.25640778478966,1.0000550933279448,5.509332794488198e-05,285.39430097811004,290.2330070175778,87.17289536631615,85.39333699706775,3.273888056360087,3.3987781391836682,24470.13714416029,625976265990.9614,609109007004.3047,169754222.29215693,50770477.40046407,45681.855706424656,21982.8017661323,4063.717265360004,12.178076715906379,3.6587752553737087,1.0879972692724966
17,14340.0,239.0,3.9833333333333334,25.2288598009416,25.028991802996128,0.0002547194275624004,69.19421363211367,68.94044712655129,69.19041612128582,1.0000548849254092,5.4884925409248314e-05,285.4255292178028,288.59942582448343,87.18533622082757,86.7741693291561,3.2737790732934973,3.3258679173263386,24294.119636360214,625977728308.2197,613300367858.2329,169773136.14801675,50777961.171239436,45691.93459324138,21990.730861467113,4064.910604469237,12.18209580739134,3.660115122959442,1.0884360667185473
17,14400.0,240.0,4.0,25.21357663528659,25.306193059085537,0.0002547194275624004,69.12859755749822,68.99671784385164,69.12481813364519,1.0000546753532968,5.4675353296775814e-05,285.4565611973257,292.9284099161202,87.19770278553369,87.74253601398951,3.2736706596436123,3.3384994692815377,24117.5859561014,625979179963.6553,623960545704.6631,169791931.16556028,50785400.26535776,45701.95135900165,21998.612672231735,4066.09700574764,12.186090585267415,3.661447080503821,1.0888723297071983
17,14460.0,241.0,4.016666666666667,25.198293469631885,25.25938675316925,0.0002547194275624004,69.06337493702988,68.86448442456997,69.05961367127455,1.0000544640428084,5.446404280848374e-05,285.4873971348758,284.09749442853575,87.20999511701564,84.65884230652657,3.2735628152692557,3.355792338854531,23940.048794292794,625980620976.0839,594333244059.2421,169810607.4763494,50792794.71663542,45711.90605280627,22006.447221236936,4067.27647144272,12.190061060926556,3.662771130070791,1.0893060584015033
17,14520.0,242.0,4.033333333333333,25.183010303977596,25.37402812012321,0.0002547194275624004,68.99854558080881,69.40558104006182,68.9948025893322,1.0000542503396799,5.425033967982311e-05,285.51803724864993,281.1542620279551,87.22221327185449,87.48207491435717,3.2734555400325185,3.2138499492975936,23760.95317131128,625982051364.3213,626512992667.1761,169829165.2119516,50800144.558891416,45721.79872391579,22014.234531293525,4068.4490038236318,12.194007245883888,3.664087273766944,1.089737252979075
17,14580.0,243.0,4.05,25.167727138323844,25.159077150173005,0.0002547194275624004,68.93410929893518,69.67924750403738,68.93038474875232,1.0000540335034607,5.40335034606615e-05,285.5484817568453,284.37087578381784,87.2343573066313,87.94293921804395,3.273348833798753,3.233583938771417,23579.67738266136,625983471147.1831,621863910883.4614,169847604.50394028,50807449.82594752,45731.62942175035,22021.974625212275,4069.614605181132,12.197929151777457,3.665395513741459,1.090165913632059
17,14640.0,244.0,4.066666666666666,25.15244397267007,25.042794399533292,0.0002547194275624004,68.87006623661887,69.16577257109425,68.86636001625756,1.0000538175730564,5.381757305648248e-05,285.57873068823545,286.1843271268222,87.24642721492694,87.714744108169,3.2732426966290253,3.2626707178658854,23399.765539191587,625984880327.403,591893197724.1813,169865925.3692496,50814710.51366242,45741.398135405725,22029.667485550573,4070.7732718386987,12.201826766363551,3.6666958447019304,1.0905920382573293
17,14700.0,245.0,4.083333333333333,25.13716080701533,25.127970776933605,0.0002547194275624004,68.80641672368907,68.63597927438585,68.80272826438127,1.000053609201275,5.360920127501982e-05,285.60878396723626,280.1431464756897,87.25842295561405,84.12716116184883,3.27313712869321,3.3299964316724497,23226.97544190065,625986278898.855,588149879672.7975,169884127.76165873,50821926.59698104,45751.10482078584,22037.31307268929,4071.9249968381137,12.20570006427338,3.6679882572673455,1.0910156234910477
17,14760.0,246.0,4.1,25.12187764136071,25.16635700283465,0.0002547194275624004,68.74316009396463,68.33105865498825,68.73948937150018,1.0000534004907224,5.340049072245038e-05,285.6386420812667,300.07891167955955,87.27034467481404,88.7484400317597,3.2730321295923694,3.38123026807201,23054.420002732768,625987666903.2114,642129032993.6204,169902211.97569677,50829098.16369178,45760.74961371882,22044.91146665018,4073.0697910423914,12.209549091604444,3.6692727643425584,1.09143667284879
17,14820.0,247.0,4.116666666666666,25.106594475706256,25.083103580880746,0.0002547194275624004,68.68029619688815,68.12553340357613,68.67664322183983,1.0000531909376602,5.319093766021053e-05,285.66830522628516,287.88050882706307,87.28219242171166,88.16711317162655,3.272927699227047,3.2651688194290016,22881.670856088305,625989044357.4,620704670948.1847,169920178.12949866,50836225.2431693,45770.332557133814,22052.46268551823,4074.2076561220642,12.213373857646763,3.670549367361111,1.0918551863072348
17,14880.0,248.0,4.133333333333334,25.091311310052,24.936287527826384,0.0002547194275624004,68.61782488190222,68.6618525098945,68.61418970550277,1.0000529799508682,5.2979950868157665e-05,285.69777359824997,283.99380738830007,87.29396624549166,89.06647471704817,3.272823837500968,3.1885600984041296,22708.230909474823,625990411278.3486,588305783296.1697,169938026.34120527,50843307.8647909,45779.85369411428,22059.9667473784,4075.3385937686903,12.217174371809547,3.6718180677978993,1.0922711638572076
17,14940.0,249.0,4.15,25.07602814439798,25.053482027254997,0.0002547194275624004,68.55574599844942,69.38145378143854,68.55212871848529,1.0000527668510337,5.276685103371079e-05,285.7270473931197,290.58034628253904,87.3056661953388,85.33583098750805,3.272720544321034,3.4051387666814406,22533.535312519372,625991767682.9844,601336285425.5385,169955756.7289625,50850346.057936385,45789.31306789772,22067.42367031567,4076.4626056947864,12.220950643620956,3.6730788671691044,1.0926846055036563
17,15000.0,250.0,4.166666666666667,25.060744978744236,25.086675603060765,0.0002547194275624004,68.49405939597231,68.85020141780356,68.49046016270152,1.000052550870037,5.255087003708962e-05,285.75612680685265,284.24851396518505,87.31729232043783,87.1630885266327,3.2726178195973152,3.2611110823400073,22356.952451403944,625993113588.2354,645299274165.6334,169973369.4109217,50857339.85198816,45798.71072187506,22074.833472415023,4077.579693633823,12.224702682727761,3.6743317670321014,1.0930955112656302
17,15060.0,251.0,4.183333333333334,25.04546181309081,24.94032999346941,0.0002547194275624004,68.43276492391351,68.10179133138575,68.42918394600744,1.0000523311502427,5.233115024276741e-05,285.7850120354072,277.64266710589305,87.3288446699735,87.27426119768714,3.2725156632430443,3.181266312607306,22177.785099078683,625994449011.0293,607019174648.9723,169990864.50523984,50864289.2763312,45808.046699590406,22082.19617176143,4078.68985934015,12.228430498895088,3.6755767689853784,1.093503881176252
17,15120.0,252.0,4.2,25.030178647437662,24.828649728681945,0.0002547194275624004,68.37186251896479,68.24796078291685,68.36829998221575,1.0000521080200908,5.210802009075325e-05,285.81370322549196,289.49140672746915,87.3403232736506,86.19610383860842,3.272414075340595,3.3585207896346003,21996.34926043213,625995773966.6737,633245779455.2998,170008242.10024965,50871194.348618835,45817.32102876257,22089.511775959472,4079.7931027085024,12.232134095614034,3.6768138725432316,1.093909714587951
17,15180.0,253.0,4.216666666666667,25.01489548178388,25.06778325213574,0.0002547194275624004,68.31135317326071,68.28362507759972,68.30780819112117,1.0000518971730088,5.189717300877118e-05,285.8421999280459,288.34424724009733,87.35172792552663,88.54525098490912,3.27231305798262,3.256462024024758,21825.87900350759,625997088450.8796,621218320522.5874,170025501.92344898,50878054.94455999,45826.533543952595,22096.780165833836,4080.889400902477,12.235813399148158,3.678043051544722,1.0943130024602175
17,15240.0,254.0,4.233333333333333,24.99961231613016,25.087704001742324,0.0002547194275624004,68.25123594922266,68.20854280984408,68.24770849853138,1.000051685994576,5.1685994576005684e-05,285.87050278328013,277.69803805595126,87.36305885050346,87.57349288781357,3.2722126095935424,3.171028457340369,21655.688790549986,625998392495.188,614161172065.7186,170042644.3620804,50884871.19939334,45835.68443325108,22104.001454006575,4081.9787726954405,12.239468477244982,3.6792643268703955,1.0947137511310925
17,15300.0,255.0,4.25,24.984329150476505,25.236678201930275,0.0002547194275624004,68.19151074365992,68.21694167291953,68.18800083627531,1.000051473974036,5.1473974035971095e-05,285.8986119604158,271.7717770337457,87.37431608719037,88.7426060839275,3.2721127301885726,3.0624723458844567,21485.357221958988,625999686115.6462,629150848930.9802,170059669.51812732,50891643.136143304,45844.77373210985,22111.175652872967,4083.0612188999144,12.24309933664923,3.6804776991209716,1.095111960309842
17,15360.0,256.0,4.266666666666667,24.969045984822905,25.159547218943796,0.0002547194275624004,68.13217745338181,68.18878453016984,68.1286851422383,1.0000512605099632,5.126050996326232e-05,285.926527628674,278.8489516576101,87.38549967419658,86.16911389767606,3.2720134197859734,3.2360661383699165,21314.393997504016,626000969328.303,671702291615.9546,170076577.49357834,50898370.77783678,45853.801476128734,22118.3027748283,4084.1367403486224,12.246705984220165,3.6816831689369693,1.0955076297193629
17,15420.0,257.0,4.283333333333333,24.953762819169363,25.016298872119147,0.0002547194275624004,68.0732359751976,67.74110183994136,68.06976136037527,1.0000510449097058,5.1044909705829026e-05,285.954249957276,284.38155060527293,87.39660965013137,87.38602163708647,3.271914678407049,3.2543139655253728,21142.24102974434,626002242149.2067,635603930095.3115,170093368.39042744,50905054.14750309,45862.76770105517,22125.382832267842,4085.205337894456,12.250288426931341,3.6828807369986425,1.0959007590961654
17,15480.0,258.0,4.3,24.938479653515877,25.133944764802944,0.0002547194275624004,68.01468620591662,68.23519173299071,68.01122944074002,1.000050826388598,5.082638859816467e-05,285.9817791154427,290.1137820251564,87.407646053604,86.78731745437683,3.271816506076142,3.3428131037425617,20968.273485570648,626003504594.405,611658529739.4049,170110042.3106735,50911693.26817411,45871.67244278364,22132.41583758688,4086.267012410464,12.253846671870301,3.6840704040259022,1.0962913481903578
17,15540.0,259.0,4.316666666666666,24.923196487862448,25.120294991726265,0.0002547194275624004,67.95652804234813,67.69896589301668,67.95308933950912,1.0000506040692547,5.060406925467613e-05,286.00911527239555,294.28307861648256,87.4186089232237,85.89667169361543,3.2717189028206346,3.426012589476807,20791.80105195711,626004756679.9463,636627329549.7166,170126599.35632086,50918288.1628841,45880.515737355636,22139.401803180695,4087.321764789793,12.257380726238448,3.6852521707782664,1.0966793967656263
17,15600.0,260.0,4.333333333333333,24.907913322209073,24.914697100638406,0.0002547194275624004,67.89876138130143,68.0019148803665,67.89534101900144,1.0000503769809335,5.037698093354981e-05,286.0362585973556,286.7731405795785,87.42949829759976,86.3344324358413,3.271621868670934,3.321654321324132,20612.069458294573,626005998421.8789,609795748024.7505,170143039.62937889,50924838.85466976,45889.29762095898,22146.34074144456,4088.3695959456795,12.260890597350707,3.6864260380547704,1.0970649045992158
17,15660.0,261.0,4.35,24.892630156555562,25.078904135486123,0.0002547194275624004,67.84138669612605,68.21325831032794,67.83798444770723,1.000050152557546,5.0152557546065763e-05,286.0632099436227,286.6973253023605,87.44031420919869,88.2440200635919,3.2715254117136854,3.248915055045723,20435.18731813718,626007229970.0894,684070040712.2363,170159363.64658278,50931345.36339387,45898.01834233938,22153.232595519683,4089.4105051954825,12.264376375727284,3.687592022472931,1.097447873405497
17,15720.0,262.0,4.366666666666666,24.877346990902012,25.010584224952893,0.0002547194275624004,67.78440389930196,67.93600057099188,67.78101960030878,1.0000499298920722,4.992989207213538e-05,286.08996861296646,281.45497147276393,87.45105658251,89.75456555515204,3.2714295263321467,3.1358290214197138,20260.393353497937,626008451222.7375,604072522822.5919,170175570.98416042,50937807.642930806,45906.6776640882,22160.077375918972,4090.4444832860963,12.267837960826828,3.6887500987821604,1.0978282971235687
17,15780.0,263.0,4.383333333333334,24.86206382524847,25.007272967350527,0.0002547194275624004,67.72781289583662,68.57908517539805,67.72444645770857,1.000049707872181,4.970787218108457e-05,286.1165344174129,292.09531304434,87.46172540886639,84.28627156786156,3.271334210248818,3.4655146990238466,20086.772729246775,626009662147.4485,622991257967.1819,170191661.52762592,50944225.68767102,45915.2755099868,22166.875094052946,4091.471526954697,12.271275315749875,3.6899002571134525,1.0982061731442596
17,15840.0,264.0,4.4,24.846780659594927,24.872145420005452,0.0002547194275624004,67.67161368573002,67.67553148178305,67.66826500705118,1.000049486693334,4.9486693333992094e-05,286.1429073569619,292.2420114265018,87.4723206882678,86.8519011301041,3.2712394630149646,3.3648314846755447,19914.47813396064,626010862744.2222,573264856635.3752,170207635.276448,50950599.49735154,45923.81186269249,22173.625749921608,4092.4916335534363,12.274688426755365,3.691042492487343,1.098581499689867
17,15900.0,265.0,4.416666666666667,24.83149749394139,24.7829981175826,0.0002547194275624004,67.61580626898217,67.35064121778315,67.61247524175052,1.0000492664588856,4.926645888561973e-05,286.1690874316137,283.61076451234925,87.48284242071428,85.77389174283958,3.2711452841849398,3.306492905354561,19743.585814094335,626012053013.0583,653497497592.2446,170223492.23009968,50956929.07171138,45932.28670498822,22180.32934352495,4093.504800452682,12.278077280199586,3.6921767999588924,1.0989542749947638
17,15960.0,266.0,4.433333333333334,24.816214328287856,24.934327927760297,0.0002547194275624004,67.56039064559307,67.43385398248168,67.55707716151484,1.0000490471793253,4.904717932529843e-05,286.1950746413682,280.1627880028276,87.4932906062058,87.89732377840973,3.271051673316179,3.1873870097469807,19574.096521799474,626013232953.9573,575650429472.5159,170239232.38805795,50963214.410491504,45940.70001978246,22186.98587486298,4094.511025040992,12.281441862536175,3.6933031746177014,1.099324497305405
17,16020.0,267.0,4.45,24.800931162634328,24.66873986605907,0.0002547194275624004,67.50536681556271,67.36556041377081,67.50207077237235,1.0000488287715124,4.882877151243468e-05,286.22086898622536,283.85111100202806,87.50366524474236,89.10272785439201,3.270958629969193,3.185661290481317,19405.9364593345,626014402566.9192,620126204820.24,170254855.74980402,50969455.51343499,45949.05179010934,22193.5953439357,4095.510304725164,12.284782160316185,3.694421611587937,1.0996921648803408
17,16080.0,268.0,4.466666666666667,24.785647996980803,25.027708065826562,0.0002547194275624004,67.4507347788911,67.53123459802488,67.44745608669625,1.000048611057927,4.86110579269264e-05,286.2464704661852,284.89014601399384,87.513966336324,87.79488547122855,3.2708661537075625,3.2449515081075626,19238.95823542408,626015561851.9438,611156878673.0635,170270362.31482336,50975652.38028691,45957.34199912858,22200.1577507431,4096.502636930201,12.288098160188149,3.695532106028345,1.1000572759902196
17,16140.0,269.0,4.483333333333333,24.77036483132724,24.71025230099117,0.0002547194275624004,67.39649447872387,68.05301437434393,67.39323312323334,1.0000483929222472,4.839292224723677e-05,286.2718812921905,284.20663632655516,87.52419417221252,89.92918253015586,3.2707742584744315,3.160338260956086,19072.276821360756,626016711109.6411,654821172958.6227,170285753.42273167,50981805.1873448,45965.57132876292,22206.67310211454,4097.4880451719255,12.29139012482315,3.696634719863381,1.1004198439040718
17,16200.0,270.0,4.5,24.755081665673625,24.803887550523207,0.0002547194275624004,67.34264590276788,67.1798735000148,67.33940190713098,1.000048173811246,4.817381124621994e-05,286.29710194229307,277.70082347902144,87.53434881538476,87.03269281603612,3.2706829469436163,3.1907644644065747,18905.463978507032,626017850405.0095,637793452950.6733,170301029.36279768,50987913.97253688,45973.7399136799,22213.141399526667,4098.466532559165,12.294658100880042,3.6977294627923945,1.1007798701677614
17,16260.0,271.0,4.516666666666667,24.739798500019994,24.72887666507007,0.0002547194275624004,67.28918909395126,67.53694972161739,67.28596246996138,1.0000479538951579,4.795389515798768e-05,286.32213074711245,300.5740762811806,87.54443004592244,86.60649093534145,3.2705922078299996,3.4705721596038654,18738.664297451174,626018979511.0724,595304822669.3888,170316189.12265968,50993978.602312446,45981.847210035514,22219.562637822957,4099.438076891836,12.297901867062444,3.698816279720241,1.101137341779769
17,16320.0,272.0,4.533333333333333,24.724515334366348,24.879794563113048,0.0002547194275624004,67.23612405227404,67.62700454869236,67.23291484975007,1.0000477326103017,4.773261030157451e-05,286.34696770664874,285.78258667052035,87.55443786382557,85.76574329482936,3.2705020407076053,3.332129772234477,18571.44903635871,626020098427.8293,604667214614.1964,170331232.7018247,50999999.076426744,45989.89320157218,22225.936817003407,4100.402675671861,12.301121410472236,3.6998951659616304,1.1014922570635584
17,16380.0,273.0,4.55,24.709232168712685,24.735636642477452,0.0002547194275624004,67.18345077773617,67.26368153808107,67.1802590910041,1.0000475092947727,4.7509294772777e-05,286.37161282090193,276.59619531170694,87.56437226909414,86.97331913775854,3.270412445153528,3.180241918485386,18403.321073492247,626021207155.2808,593416257002.9432,170346160.09980375,51005975.394636944,45997.87787215665,22232.263937068015,4101.360326419321,12.304316718308012,3.7009661168656596,1.1018446143546614
17,16440.0,274.0,4.566666666666666,24.693949003059007,24.56804427474021,0.0002547194275624004,67.13116927033767,66.75665463284903,67.12799524474049,1.0000472831876717,4.7283187671602435e-05,286.39606608987197,288.5232408243018,87.57423326172814,84.9322884937651,3.2703234207479306,3.3970972163958866,18233.716186079997,626022305693.4263,630121634531.1812,170360971.31611162,51011907.55670221,46005.80120577992,22238.543998016783,4102.311026672441,12.307487777865013,3.702029127815829,1.1021944120006757
17,16500.0,275.0,4.583333333333333,24.678665837405312,24.734003168887856,0.0002547194275624004,67.07927953007855,67.29315094453617,67.07612336851211,1.0000470534283727,4.705342837267918e-05,286.4203275135589,281.15326009191244,87.5840208417276,87.97351181502759,3.2702349670740385,3.195885378351873,18062.004516476067,626023394042.2661,694799433569.8628,170375666.35026777,51017795.56238368,46013.66318655739,22244.77699984971,4103.254773987608,12.31063457653531,3.703084194230076,1.1025416483612833
17,16560.0,276.0,4.6,24.663382671751602,24.68309037195431,0.0002547194275624004,67.0277815569588,67.01541220523755,67.02464352643965,1.0000468190557092,4.681905570919464e-05,286.4443970919628,293.3736272728779,87.59373500909247,83.23507590754916,3.270147083718134,3.5246393911952905,17887.492169724406,626024472201.8,636496170046.2898,170390245.20179528,51023639.4114445,46021.46379872869,22250.962942566795,4104.191565939345,12.313757101807731,3.7041313115607712,1.1028863218082452
