batch_id,time_s,time_min,time_hr,T_celsius,T_meas_celsius,cooling_rate_degC_s,c_kg_m3,c_meas_kg_m3,cs_kg_m3,S_supersat_ratio,sigma_rel_supersat,mean_L1_um,mean_L1_meas_um,mean_L2_um,mean_L2_meas_um,aspect_ratio,aspect_ratio_meas,nucleation_rate_m3_s,mu00,mu00_meas,mu10,mu01,mu20,mu11,mu02,mu30,mu21,mu12
11,0.0,0.0,0.0,32.525867433066274,32.51183497219754,0.0003958721982410603,240.0,240.42308736914435,159.11249631300487,1.5083667566114598,0.5083667566114597,94.6869804534837,97.77911891293448,70.45492948888501,72.01006762081059,1.3439369131498675,1.357853452211962,138882981109.91998,243066341413.86603,228735427471.2351,23015217.918354526,17125221.94543518,2190.669903804767,1622.0104208651785,1209.3850456680111,0.20955798141750567,0.15443363459660955,0.11455531853133596
11,60.0,1.0,0.016666666666666666,32.50211510117179,32.694561964892294,0.0003958721982410603,158.59611368146784,158.77551313517117,158.55052099759342,1.0002875593444132,0.00028755934441306345,293.03698938722346,286.264327444884,111.80143563133292,111.10229910509449,2.6210485378158985,2.5765832908111044,312327.79836076783,279375822443.30853,303362823998.8834,76996998.28932913,28586570.741893876,20993.974946649516,11400.255023691863,2864.80558729058,5.646668487811612,2.1061384833138708,0.7735952479727369
11,120.0,2.0,0.03333333333333333,32.47836276927732,32.529186056527436,0.0003958721982410603,158.0359117617979,158.43761050581682,157.9910791260276,1.0002837668811322,0.0002837668811321214,293.6284682981481,293.7303286632469,111.98567530575207,111.0299999060677,2.6220181063020847,2.6455041782558335,305939.13111032406,279394187959.5186,280524073878.7001,77155822.24610469,28635400.99799309,21079.272973121515,11467.546545574138,2874.4325200064636,5.680924151546756,2.118160351016176,0.7777418696387401
11,180.0,3.0,0.05,32.454610437382854,32.536241947830455,0.0003958721982410603,157.47860684962788,157.2098524066067,157.4341600774905,1.000282319746334,0.00028231974633395834,294.2153305430162,289.96668752714726,112.16849090924794,114.09612109516038,2.6229766323686814,2.541424587828926,304594.4695146453,279412469630.01636,276804585456.2842,77313412.69567737,28683855.45281223,21164.067503882452,11534.490078567535,2883.9997563818515,5.715043226093601,2.130131508843593,0.7818700897039662
11,240.0,4.0,0.06666666666666667,32.43085810548839,32.24648085358718,0.0003958721982410603,156.92381038408885,156.74113638703645,156.8797532795124,1.0002808335916868,0.00028083359168689,294.79841136236615,295.76064832769725,112.35014578261043,108.18240400090198,2.6239254903396403,2.733907154857007,303137.44908008643,279430673261.26697,269776237403.50983,77469994.11774942,28732004.12985781,21248.47765130901,11601.132296650301,2893.5210855059922,5.749072842953036,2.1420686436590795,0.7859857283186377
11,300.0,5.0,0.08333333333333333,32.407105773593926,32.58481535178907,0.0003958721982410603,156.37151565849322,155.858066011991,156.32784820776794,1.0002793325132144,0.00027933251321443376,295.37766618100403,282.3915306525841,112.5306247179328,113.03652910884323,2.6248647150177318,2.4982324995194114,301620.54696831247,279448800438.8172,278535070409.9198,77625554.38235049,28779842.921121765,21332.493366397426,11667.474005430557,2902.995355217966,5.783007825601257,2.1539699587835948,0.7900881684202374
11,360.0,6.0,0.1,32.38335344169946,32.55129689608772,0.0003958721982410603,155.82171829871913,155.8976485096189,155.77843438590855,1.0002778556157739,0.0002778556157738297,295.95307569392224,291.7155229063023,112.70992097583466,108.86743299951243,2.6257943678034827,2.679548096882277,300128.76491295215,279466851843.79297,284279553536.60474,77780088.15277892,28827369.97791811,21416.108409310364,11733.515730328345,2912.421883260989,5.8168445513747375,2.1658342172667355,0.7941769925114709
11,420.0,7.0,0.11666666666666667,32.359601109805,32.33286954818208,0.0003958721982410603,155.2744109883781,155.5088038848995,155.23150138536025,1.000276423294466,0.00027642329446601514,296.52463114619655,299.5946436296341,112.88803094472286,113.35188124189445,2.626714530005345,2.643049593418702,298706.7875272145,279484827764.9282,255660640688.4554,77933592.89187966,28874584.275766548,21499.31812423627,11799.258350189131,2921.8001604514675,5.85058004299048,2.1776604065361216,0.7982518599487366
11,480.0,8.0,0.13333333333333333,32.335848777910535,32.44495301962101,0.0003958721982410603,154.72959753675192,154.9414415990069,154.6870388251562,1.0002751278447046,0.00027512784470469764,297.09233709608327,296.6933325585416,113.0649565049754,112.56782345487801,2.627625272053324,2.6356850781384167,297554.83297331625,279502728051.89355,252634500758.0518,78086069.73496163,28921486.28176269,21582.11995379824,11864.701407441524,2931.129990606755,5.88421219257371,2.18944784673507,0.8023125563219885
11,540.0,9.0,0.15,32.31209644601607,32.30230256502356,0.0003958721982410603,154.18724555097424,154.2898555469001,154.14503637174158,1.0002738276899872,0.00027382768998713484,297.65624357225704,299.22605901028606,113.24071260733223,113.39393954120592,2.628526761434245,2.638818795968819,296367.6306613065,279520553518.26825,278462364027.8325,78237531.97522694,28968079.917700395,21664.51802864286,11929.848793120525,2940.411873564085,5.9177416249591595,2.201196794386557,0.8063591815518291
11,600.0,10.0,0.16666666666666666,32.28834411412161,32.31449212888494,0.0003958721982410603,153.64733801909847,153.46495389528314,153.6054837387965,1.0002724790761581,0.0002724790761581704,298.2163768485625,295.4274613499505,113.41530710355875,112.11261513700157,2.6294191186756053,2.6350956222806707,295050.8719812895,279538304591.32434,247305221238.71954,78387986.5387238,29014367.22349392,21746.513048519697,11994.7025507032,2949.645935583279,5.9511675799491615,2.212907025168546,0.8103916716011089
11,660.0,11.0,0.18333333333333332,32.26459178222714,32.4168142924729,0.0003958721982410603,153.10989044492433,152.89889906010896,153.0683706870585,1.0002712497538158,0.0002712497538157473,298.77271298038977,307.064871999905,113.58873283796596,114.53243267091136,2.6303023681634716,2.681029860617747,293968.2974502164,279555980881.66833,285451064921.754,78537426.88705018,29060346.25922366,21828.0983328346,12059.260817871265,2958.8315016631636,5.984486276873687,2.224577267938718,0.8144096060629441
11,720.0,12.0,0.2,32.24083945033268,32.34057628202226,0.0003958721982410603,152.57485802210613,152.0471837556273,152.53368702413093,1.000269914133582,0.00026991413358209277,299.3253682537707,308.17642208993243,113.7610260695178,112.05108665964579,2.6311767623373674,2.7503206910078046,292631.72731308383,279573582468.3529,254351676817.55814,78685884.14256509,29106026.62935728,21909.28819799618,12123.528976768346,2967.970265164059,6.017702604360364,2.236209288403136,0.8184136122997314
11,780.0,13.0,0.21666666666666667,32.217087118438215,32.1773329734674,0.0003958721982410603,152.04225574551845,151.77571576011218,152.00142260431852,1.0002686365726077,0.00026863657260774566,299.87430375246595,295.29492735049627,113.93217466380315,119.65380954305904,2.632042306199722,2.467910787614584,291397.750133715,279591109324.9224,263074466253.3466,78833347.73563133,29151405.064614102,21990.07377560855,12187.505226208308,2977.061281688947,6.050811891858682,2.247801495202681,0.822403155913801
11,840.0,14.0,0.23333333333333334,32.19333478654376,32.14150508955116,0.0003958721982410603,151.51206699886177,151.16174862548755,151.47156732843715,1.0002673747366515,0.00026737473665144825,300.41957231505324,298.7997013260346,114.10219526884163,114.90469326914527,2.6328991445538827,2.600413375858771,290175.1207518136,279608561290.3883,280247621034.7734,78979831.75583501,29196485.95726422,22070.460020560982,12251.191562143043,2986.1051880487767,6.083815195991748,2.259354311034327,0.8263784007434213
11,900.0,15.0,0.25,32.169582454649294,32.12792212892916,0.0003958721982410603,150.98427455583115,151.2401665726391,150.9441111436402,1.0002660813455169,0.0002660813455167877,300.96122774519796,309.6450273009691,114.27110482259977,113.97630174190954,2.633747422083871,2.716749206358144,288861.6705683657,279625938216.94617,268433403572.51422,79125350.55342068,29241273.777203824,22150.452110358598,12314.590053798373,2995.102644178965,6.116713689101794,2.270868197961748,0.8303395238087105
11,960.0,16.0,0.26666666666666666,32.14583012275484,32.12023321375176,0.0003958721982410603,150.4588880641851,151.24005923363666,150.4190440432425,1.0002648868113477,0.0002648868113476846,301.49923988695747,302.64529894038964,114.43889383200403,113.92046854644445,2.634587156439641,2.6566367115757044,287740.974927296,279643240190.2123,281883749296.3354,79269895.91064245,29285765.956888188,22230.042573189086,12377.699542284387,3004.052857057296,6.149503289139394,2.28234176858222,0.8342860601938079
11,1020.0,17.0,0.2833333333333333,32.122077790860374,32.205922794044845,0.0003958721982410603,149.93587495904592,150.09063187394355,149.8963560665416,1.0002636414489405,0.0002636414489406352,302.0337100328596,296.6261582114956,114.60559419126476,114.27387491670567,2.635418560186485,2.5957477894900007,286488.4742091034,279660466983.16187,284592621882.72974,79413494.9526943,29329970.951406967,22309.24388592831,12440.5239392981,3012.95732213521,6.18218823801808,2.2937765636670213,0.8382185607288787
11,1080.0,18.0,0.3,32.09832545896591,32.15091792357244,0.0003958721982410603,149.4152343625156,148.96441717543942,149.37603729864634,1.0002624052999272,0.00026240529992705943,302.56464091359203,312.4336286864644,114.77120676019986,113.75732299529724,2.636241697325385,2.7464924495399776,285234.9508665345,279677618589.6743,249491550352.78766,79556148.3049809,29373888.95099279,22388.053660484446,12503.063350292734,3021.815827635583,6.214766598844683,2.305171949320589,0.8421368215070764
11,1140.0,19.0,0.31666666666666665,32.074573127071446,32.035404836305034,0.0003958721982410603,148.8969640692774,149.04662150073358,148.85807787030063,1.0002612300221332,0.0002612300221332322,303.0919539562239,294.88088868167154,114.93570506462954,115.66910943871157,2.637056550754112,2.5493486559427265,284093.15081194625,279694698226.40515,264058195560.33533,79697834.8423656,29417512.884114195,22466.456909453675,12565.318040171196,3030.626607863775,6.247231091886941,2.3165253724422135,0.8460399560071564
11,1200.0,20.0,0.3333333333333333,32.05082079517698,32.087064203202196,0.0003958721982410603,148.38105170694402,148.85085950425898,148.34246795770687,1.0002600991460393,0.0002600991460392065,303.61571344797323,297.3359922779044,115.09910987045755,114.52164267440195,2.6378632622762113,2.596330137555435,283027.7986287325,279711704830.9337,260694866775.62274,79838571.71138233,29460848.238128323,22544.460689677853,12627.289495106137,3039.390566275645,6.279583740615666,2.327837604067723,0.8499282526624012
11,1260.0,21.0,0.35,32.02706846328252,32.07732100458439,0.0003958721982410603,147.86748346977856,147.76768967793697,147.82919778235757,1.0002589859648523,0.00025898596485222935,304.13600381642607,312.71574879207674,115.26144860347624,111.82931742548163,2.6386619941132117,2.7963664269028325,281981.2641756365,279728636737.5768,271318840853.24844,79978381.45522659,29503902.271488972,22622.075267978063,12688.97937344433,3048.1089926347795,6.311827959012933,2.3391099103455497,0.8538021743174341
11,1320.0,22.0,0.36666666666666664,32.003316131388054,32.06701378882886,0.0003958721982410603,147.35624941331457,147.22578546971732,147.3182576108633,1.0002578893008063,0.0002578893008063366,304.65285523345426,300.0275074453641,115.42273074854414,111.72637902694947,2.639452846572831,2.685377527298138,280951.388852251,279745493905.76746,277318286334.2449,80117272.08408475,29546677.47367315,22699.30259327735,12750.38886971628,3056.7821679795297,6.343963662399058,2.350342306459999,0.8576617413439969
11,1380.0,23.0,0.38333333333333336,31.979563799493587,31.888984809709516,0.0003958721982410603,146.84733959308565,147.0860533145397,146.8096377547783,1.0002568076516225,0.0002568076516225113,305.1662978709296,291.05526239546117,115.58296579051978,116.66000997026791,2.6402359187080116,2.4949017445621666,279935.2915039166,279762276294.9387,275464883266.79224,80255251.60948275,29589176.334654115,22776.144663843395,12811.519178452487,3065.410377979609,6.3759908000196335,2.361534818906468,0.8615069778270357
11,1440.0,24.0,0.4,31.955811467599126,31.937748374867265,0.0003958721982410603,146.34074406462534,146.58794746395301,146.30332857043277,1.0002557391862383,0.0002557391862384045,305.676361900724,296.01247141751253,115.74216321426167,115.97584073728203,2.6410113083410796,2.552363229580411,278929.3574125489,279778983864.5235,271463133833.02704,80392328.0442744,29631401.344897315,22852.60352675546,12872.371494183455,3073.9939128861397,6.407909354829271,2.3726874854154167,0.8653379115385821
11,1500.0,25.0,0.4166666666666667,31.932059135704662,31.92818290392596,0.0003958721982410603,145.83645288346716,146.0161614384168,145.7993204587642,1.000254681740533,0.0002546817405328601,306.1830774947092,302.8093569134578,115.90033250462832,114.39377284427022,2.641779112087381,2.647079026982411,277929.2274422064,279795616573.9546,269285325263.49615,80528509.40263027,29673354.995356567,22928.68127737639,12932.947011439694,3082.533067482206,6.439719343274197,2.3838003548761257,0.8691545739116004
11,1560.0,26.0,0.43333333333333335,31.9083068038102,31.91374047400356,0.0003958721982410603,145.3344561051447,145.2379237318867,145.29760386514272,1.0002536328130793,0.00025363281307925426,306.68647482475706,303.67572065724016,116.0574831464783,115.96451908206215,2.642539425378391,2.61869512382787,276929.78757690813,279812174382.6652,300726195508.0909,80663803.70002566,29715039.77746998,23004.380058829054,12993.2469247517,3091.0281410338275,6.471420815073681,2.3948734872601647,0.8729570000137836
11,1620.0,27.0,0.45,31.884554471915735,31.8795655195655,0.0003958721982410603,144.8347437851915,144.69971256898944,144.798169279218,1.0002525895607353,0.00025258956073524107,307.1865840627395,319.87228971122653,116.21362462467012,121.27709896472332,2.6432923424843353,2.6375324974113203,275925.1586380085,279828657250.08826,253951814922.4531,80798218.95322964,29756458.183156047,23079.702061478027,13053.272428649982,3099.479437241418,6.5030138530006125,2.405906953544709,0.8767452285213233
11,1680.0,28.0,0.4666666666666667,31.86080214002127,31.95374939134575,0.0003958721982410603,144.33730597914112,143.88029542628982,144.3010072347318,1.0002515487944603,0.0002515487944604269,307.6834353805282,306.2822898673383,116.36876642406229,120.78180722497858,2.644037956536305,2.535831321821759,274908.68729038094,279845065135.6566,279999347831.26996,80931763.1802933,29797612.70480972,23154.649522415817,13113.024717665043,3107.887264191704,6.5344985726611045,2.4169008356356465,0.8805193016926636
11,1740.0,29.0,0.48333333333333334,31.837049808126807,31.697512059953752,0.0003958721982410603,143.8421327425271,144.49432945344418,143.80610830937005,1.0002505069748466,0.00025050697484666905,308.1770589499951,308.536561498492,116.52291802951335,120.0501826695264,2.6447763595479037,2.5700632405352524,273872.93751721643,279861397998.80334,284908265392.6558,81064444.40053882,29838505.835298527,23229.22472495427,13172.504986327389,3116.2519343101144,6.565875122273442,2.4278552262905975,0.8842792653422433
11,1800.0,30.0,0.5,31.813297476232343,31.790427927584126,0.0003958721982410603,143.349214130883,143.3033917396526,143.31346312458723,1.0002494602078291,0.00024946020782920666,308.66748494301197,313.30173375729476,116.67608892588181,116.93303678377012,2.645507642436422,2.6793260687879434,272809.68394419877,279877655798.9615,296712565942.2511,81196270.63454804,29879140.067958687,23303.429998120464,13231.71442916752,3124.57376431362,6.597143682446218,2.4387702290417694,0.8880251688142324
11,1860.0,31.0,0.5166666666666667,31.78954514433788,31.783324408389827,0.0003958721982410603,142.8585401997424,142.94663780006124,142.82306234544532,1.0002484042402848,0.00024840424028491103,309.15474353145066,303.87522958377554,116.82828859802622,119.81509940843728,2.6462318950435586,2.536201456111106,271709.9067866721,279893838495.56384,287473908019.77325,81327249.90415138,29919517.89659115,23377.26771615768,13290.65424071594,3132.8530751640465,6.628304465955995,2.4496459581187717,0.8917570649562829
11,1920.0,32.0,0.5333333333333333,31.765792812443415,31.645452740689752,0.0003958721982410603,142.37010100463885,142.49086865114538,142.3348966804506,1.0002473344556344,0.00024733445563443436,309.63886488718305,308.75006513350326,116.97952653080509,115.17539511098427,2.64694920615569,2.6806946469425026,270563.7891499633,279909946048.0435,285369145799.2177,81457390.232417,29959641.81545793,23450.74029803124,13349.325615503154,3141.0901920218685,6.659357717524425,2.4604825383713673,0.89547501009329
11,1980.0,33.0,0.55,31.74204048054895,31.493580574122234,0.0003958721982410603,141.88388660110587,141.60307344236705,141.8489568813882,1.0002462458694488,0.0002462458694488282,310.1198791820809,315.81449438326763,117.12981220907695,116.83408889648989,2.6476596635237177,2.703102299732624,269360.71722272603,279925978415.8334,278470649446.70624,81586699.6436394,29999514.31927803,23523.85020693904,13407.729748059668,3149.2854442004195,6.690303713594985,2.471280105192187,0.8991790640011783
11,2040.0,34.0,0.5666666666666667,31.718288148654487,31.62138917770429,0.0003958721982410603,141.39988704467703,141.25820095980637,141.3652337431649,1.000245133124988,0.00024513312498800955,310.59781658801603,302.055590467416,117.2791551177003,118.43609734955044,2.648363353882477,2.5503676432020033,268089.28380978206,279941935558.3666,280569729315.6613,81715186.16332898,30039137.90322385,23596.599949827018,13465.867832915985,3157.439165120628,6.721142762109363,2.4820388044394637,0.9028692898807238
11,2100.0,35.0,0.5833333333333334,31.694535816760023,31.566915911854426,0.0003958721982410603,140.9180923908859,141.14735689102986,140.88371810364205,1.0002439904887985,0.00024399048879844332,311.07270727686034,310.735498520662,117.4275647415337,116.68162759639388,2.649060362969744,2.663105622725008,266737.2961588505,279957817435.07587,281890809426.75085,81842857.81820095,30078515.062917206,23668.992076909548,13523.741064602607,3165.5516922661714,6.75187520228372,2.4927587923598025,0.9065457543314199
11,2160.0,36.0,0.6,31.67078348486556,31.735206159600597,0.0003958721982410603,140.438492695266,140.3001314163297,140.40440084348083,1.0002428118462126,0.00024281184621258633,311.5445814204856,318.7128829725188,117.57505056543566,116.17920612608575,2.649750775544829,2.7432868032049504,265291.7884864194,279973624005.3943,295115871165.7969,81969722.63616449,30117648.294425666,23741.029181194503,13581.350637650043,3173.6233671391096,6.782501404384694,2.5034402355109777,0.9102085273253804
11,2220.0,37.0,0.6166666666666667,31.647031152971095,31.584863609927368,0.0003958721982410603,139.9610780133509,140.16198662863872,139.92727288597732,1.0002415906969127,0.00024159069691255904,312.0134691907638,314.2504644329446,117.72162207426473,114.71618965286713,2.6504346754067822,2.7393732775109694,263739.0403854558,279989355228.755,270880085604.20236,82095788.64631239,30156540.094258748,23812.713898013368,13638.697746588792,3181.654535216002,6.81302176950547,2.5140833106848697,0.9138576821813181
11,2280.0,38.0,0.6333333333333333,31.623278821076635,31.392079381731264,0.0003958721982410603,139.4858384006742,139.33765456423683,139.45232519690916,1.0002403201504007,0.00024032015040063618,312.4794007595665,312.49184462419686,117.8672887528794,115.71218146931568,2.6511121454122093,2.700595915280214,262064.60167947895,280005011064.5907,265415734438.45645,82221063.8789101,30195192.959364094,23884.048904555937,13695.783585949359,3189.6455459044323,6.843436729341794,2.5246882048304395,0.9174932955385722
11,2340.0,39.0,0.65,31.59952648918217,31.634251401383665,0.0003958721982410603,139.0127639127694,139.11791765801013,138.9795487843728,1.0002389929215278,0.0002389929215277906,312.94240629876566,307.4528641199999,118.0120600861382,115.47368153915163,2.6517832674927106,2.662536259535098,260253.3250474407,280020591472.33453,268849948220.97003,82345556.36538538,30233609.38712387,23955.03691941016,13752.609350262246,3197.5967525000888,6.8737467459681625,2.5352551149769127,0.9211154473312265
11,2400.0,40.0,0.6666666666666666,31.575774157287707,31.569697656703898,0.0003958721982410603,138.54184460517007,138.21666364431385,138.50893469863058,1.000237601325944,0.00023760132594401136,313.40251598023315,314.19380556189174,118.15594555889969,123.58406694785464,2.6524481226719545,2.542348810178447,258289.40720470005,280036096411.4194,274568695657.02393,82469274.13831787,30271791.87535097,24025.68070210666,13809.176234057963,3205.5085121442157,6.9039523116142645,2.5457842481570854,0.9247242207622945
11,2460.0,41.0,0.6833333333333333,31.55202182539324,31.418882770673193,0.0003958721982410603,138.07308809547482,137.72989920080778,138.0404740319492,1.0002362644996283,0.00023626449962831436,313.859725540895,316.966562315438,118.29894369407589,117.91803792176633,2.653106745843347,2.6880243930596266,256432.49500591567,280051525793.13916,278308648971.3607,82592215.99076688,30309740.01025352,24095.977648209435,13865.483322309645,3213.380563869922,6.934051606909956,2.5562749989850695,0.9283194174234775
11,2520.0,42.0,0.7,31.528269493498776,31.402395399146208,0.0003958721982410603,137.6065266655734,136.98873532584432,137.57415791845202,1.0002352821751639,0.00023528217516380066,314.31394196616924,323.7881460828769,118.44102475620996,120.5325461917885,2.6537590553030865,2.6863130026945004,255332.45587138092,280066880464.26514,262304181460.39984,82714356.9119759,30347445.864971768,24165.911108387547,13921.526737312817,3221.2110245400445,6.96403669356563,2.5667246114039357,0.9319000926682341
11,2580.0,43.0,0.7166666666666667,31.50451716160431,31.4174577868947,0.0003958721982410603,137.14209319143282,136.9456194509627,137.1099775339549,1.0002342328257618,0.0002342328257619146,314.7652691427307,314.46582320861506,118.58222062603694,114.74118763893948,2.654405251318241,2.740653375474523,254074.07757492838,280082162185.76074,236413793591.72314,82835724.73973642,30384917.88390823,24235.495289982387,13977.314542014388,3229.001498779132,6.99391298927582,2.577134995202939,0.9354669082038234
11,2640.0,44.0,0.7333333333333333,31.480764829709845,31.39038140400208,0.0003958721982410603,136.67975861266984,136.55844157438713,136.64792409582174,1.0002329674384647,0.00023296743846459018,315.21384180164995,304.0381217006436,118.72257397933132,115.79265493791662,2.655045550617242,2.6257116383043178,252334.97055517946,280097370006.7499,271748438810.7273,82956355.67882395,30422167.429290127,24304.749720428987,14032.850227151082,3236.7542702698765,7.023688335361875,2.5875089350866047,0.9390208398005383
11,2700.0,45.0,0.75,31.45701249781538,31.615391019760946,0.0003958721982410603,136.219528430136,136.2154646256406,136.18798886279967,1.0002315884653241,0.00023158846532419345,315.65964071308036,307.95176691676835,118.8620786842058,116.76153487205221,2.655679962923488,2.6374419217272473,250338.93491068514,280112504011.9304,297651737872.1674,83076244.46907414,30459192.836582568,24373.669525531845,14088.133131959954,3244.468818690314,7.053359958499729,2.5978454907951,0.942561573009166
11,2760.0,46.0,0.7666666666666667,31.433260165920917,31.433686206486307,0.0003958721982410603,135.76141784752068,135.78097974921124,135.7301631348816,1.000230270942856,0.00023027094285610794,316.10261516773284,306.6314814934729,119.00071858568407,116.55949659413363,2.656308456995825,2.6306863915274104,248465.37753062721,280127564381.03577,271225495914.44232,83195377.36838314,30495989.76621139,24442.24481228479,14143.161430172004,3252.1440458612456,7.082922884206094,2.6081429496431703,0.946088525855443
11,2820.0,47.0,0.7833333333333333,31.409507834026453,31.512711678923164,0.0003958721982410603,135.30542686482391,135.11939206311868,135.27443825314185,1.0002290795813475,0.00022907958134760464,316.54276516560725,316.6269370463754,119.13849368376607,117.67346132218447,2.656931067181519,2.690725109032576,246853.36537079085,280142551114.06604,296800986745.7681,83313754.29764208,30532558.190192424,24510.47374394,14197.93512178723,3259.779782186508,7.112375647343301,2.618400831508633,0.9496015436224388
11,2880.0,48.0,0.8,31.38575550213199,31.37736993750945,0.0003958721982410603,134.85155548204568,134.70701317042867,134.82080559959118,1.0002280796522298,0.0002280796522298333,316.98009070670355,309.64806804935347,119.27540397845183,117.27476765353002,2.657547827412673,2.640363943965852,245642.68853264017,280157464211.021,311839763853.72205,83431375.17821331,30568898.08070552,24578.354495757627,14252.454206805636,3267.3758591536075,7.141716788892287,2.6286186583249593,0.9531004722702798
11,2940.0,49.0,0.8166666666666667,31.362003170237525,31.294152888420363,0.0003958721982410603,134.399803699186,134.3003629848864,134.36925659702803,1.0002273369886208,0.0002273369886207854,317.4145917910219,324.1263664575027,119.41144946974134,121.48973013134093,2.6581587712110823,2.667932228568571,244974.76345369886,280172303671.901,279160659456.50244,83548239.93193023,30605009.410094503,24645.885255002984,14306.718685227219,3274.9321093335425,7.170944856019576,2.6387959541016537,0.9565851584422794
11,3000.0,50.0,0.8333333333333334,31.33825083834306,31.456225339088743,0.0003958721982410603,133.95017151624492,134.08853113763269,133.9197827088844,1.0002269179858705,0.00022691798587045784,317.84626841856215,320.91026599293326,119.54663015763461,117.2498881007077,2.658763931693005,2.7369771621214567,244993.98231858146,280187069496.7058,266729003616.35498,83664348.48109715,30640892.150867134,24713.064220943335,14360.728557051974,3282.4483663806072,7.2000584021435605,2.648932244944436,0.9600554494710045
11,3060.0,51.0,0.85,31.314498506448597,31.376846851764967,0.0003958721982410603,133.5025760180671,133.46594534748974,133.47237543908324,1.0002262683861323,0.00022626838613234461,318.27525376859626,324.69089180268804,119.68098693601,120.02033302773323,2.659363545679724,2.705299040685559,244505.2885545761,280201764105.64166,274536880720.8639,83779736.61117621,30676557.166703105,24779.910631656254,14414.49378205832,3289.9267834755733,7.229065172087688,2.659030241896764,0.9635122786465812
11,3120.0,52.0,0.8666666666666667,31.290746174554133,31.386079010864695,0.0003958721982410603,133.0569880206229,132.89735489037568,133.02702633188431,1.0002252300871841,0.00022523008718416834,318.7015947168468,317.98173070906205,119.81453419847455,113.95499130331781,2.6599577158887326,2.790415119796547,243166.0554142224,280216388350.5596,285203050072.7666,83894416.87167925,30712008.26506297,24846.430204691376,14468.0178658354,3297.36802115956,7.257967045741413,2.6690906220250246,0.9669558851913937
11,3180.0,53.0,0.8833333333333333,31.26699384265967,31.514946327146045,0.0003958721982410603,132.6134565488805,131.8293189404485,132.58372697174394,1.0002242324741926,0.00022423247419259607,319.1252699461682,329.29660651897046,119.94726588955372,121.43586061597102,2.6605464291284107,2.711691627569048,241904.23261213585,280230939988.96735,279946701312.129,84008383.47830057,30747243.831359494,24912.618136063604,14521.294919498152,3304.77161827894,7.286761360193216,2.6791125028711478,0.970385983435978
11,3240.0,54.0,0.9,31.243241510765206,31.3739533719168,0.0003958721982410603,132.17197147959817,132.45420663250601,132.14246898316878,1.0002232627909589,0.000223262790958939,319.5462850109856,309.9090296346064,120.07918363864358,119.60537519450325,2.6611297256367257,2.591096170474193,240692.34981855628,280245419458.27386,295571396109.9257,84121637.84933773,30782264.269614063,24978.473611348418,14574.326159051583,3312.1375083384064,7.315447140151335,2.689095569504139,0.9738024731480845
11,3300.0,55.0,0.9166666666666666,31.21948917887074,31.15733176035188,0.0003958721982410603,131.73252092314962,131.5807327466115,131.70324403056077,1.0002222943922479,0.00022229439224792603,319.9646744965625,338.837625636142,120.21029826555215,115.21680203956548,2.661707683228107,2.940869904719149,239473.09903893925,280259826844.9439,289447074807.51685,84234189.23701778,30817072.443428647,25044.00054597396,14627.113012679038,3319.4661665379494,7.344025512586263,2.699040242973776,0.9772055085505504
11,3360.0,56.0,0.9333333333333333,31.19573684697628,31.30874796134762,0.0003958721982410603,131.2950998612078,131.11563868101868,131.266043818088,1.0002213523183503,0.0002213523183502143,320.3804463748718,329.38381142197966,120.3406121404523,115.41584196550455,2.66228034473473,2.853887350407458,238300.59924787717,280274162351.54126,299985463048.2468,84346039.71756077,30851668.95907624,25109.198592070617,14679.656083182559,3326.757578524397,7.372495728026631,2.708946286515921,0.9805950162467665
11,3420.0,57.0,0.95,31.171984515081817,31.299226340317656,0.0003958721982410603,130.85969686785972,130.41639137013624,130.83086008952642,1.0002204126634462,0.00022041266344627986,320.7936256652376,328.7184678258508,120.47013293239208,121.74513719716137,2.662847776927973,2.70005419020149,237123.51476138874,280288426270.28186,276459698882.44495,84457195.96367843,30886055.837691415,25174.070158638828,14731.95674304419,3334.0120381957854,7.4008582600295565,2.7188138885340534,0.9839710685175496
11,3480.0,58.0,0.9666666666666667,31.148232183187353,31.207037343582037,0.0003958721982410603,130.42630178952544,130.6782763673555,130.39768462812802,1.0002194606559083,0.0002194606559083599,321.20423690289715,314.251389470395,120.59886819386217,120.42328876013224,2.663410044500274,2.6095566123953273,235910.28723094883,280302618825.72034,295934499023.82306,84567664.51977152,30920235.07044252,25238.617615372637,14784.016211913173,3341.2298367507433,7.429113576185603,2.728643235816335,0.9873337373321127
11,3540.0,59.0,0.9833333333333333,31.124479851292893,30.971572065485997,0.0003958721982410603,129.99491257491871,129.91403088299208,129.9665092564722,1.0002185433663566,0.00021854336635656848,321.6122848454342,336.8343086320614,120.72681938924661,115.8248772494172,2.6639671820434034,2.908134389011461,234762.2955097718,280316740065.0335,302011872993.4085,84677446.59966023,30954207.023889042,25302.8401834296,14835.834736190258,3348.4109162631553,7.457260759514954,2.7384340347963545,0.9906829305171345
11,3600.0,60.0,1.0,31.10072751939843,30.993558213649848,0.0003958721982410603,129.56551500669286,129.6166691411832,129.53732583632782,1.0002176142681891,0.00021761426818904818,322.01780240864963,322.31259455219896,120.8539966517394,122.11249534196291,2.6645192656441203,2.639472673534328,233579.70421328951,280330790314.8402,291457493413.6973,84786551.00866407,30987974.378352094,25366.741625558094,14887.414023664835,3355.5557211345003,7.485300908441863,2.7481866902657544,0.9940187942363727
11,3660.0,61.0,1.0166666666666666,31.076975187503965,31.060981834267317,0.0003958721982410603,129.13810332715505,129.33996641402743,129.1101262685122,1.000216691435842,0.00021669143584185369,322.4208017953743,317.48865889456545,120.98040372426689,121.59625268690976,2.6650663402497923,2.611006933840685,232401.53709789878,280344769730.2518,305064104482.18054,84894980.96960439,31021538.108938262,25430.322402120368,14938.754765951659,3362.664328758582,7.513233667600623,2.7579011023393476,0.9973413020698763
11,3720.0,62.0,1.0333333333333334,31.0532228556095,31.16802225736718,0.0003958721982410603,128.71266944818814,128.72017556143874,128.68490249274706,1.0002157747715794,0.0002157747715793285,322.8213009330402,327.9762867631478,121.10604611564682,117.39457717017179,2.665608458761597,2.793794182568781,231227.74907580685,280358678513.53534,290830407790.951,85002741.24928878,31054899.662375692,25493.583916556454,14989.857934596332,3369.736920746986,7.541059106021194,2.7675773180441,1.0006504776996186
11,3780.0,63.0,1.05,31.029470523715037,30.900052250019417,0.0003958721982410603,128.2892052187827,128.09293702214057,128.261646487527,1.0002148633828616,0.00021486338286160454,323.2193190246011,315.8358849145713,121.23092974048356,123.69606021185267,2.6661456751714243,2.553322105600156,230056.59008864078,280372516845.9295,301441515645.96826,85109836.95903292,31088060.594163027,25556.52780541221,15040.724508699086,3376.773705000517,7.56877740442172,2.7772154231649626,1.0039463580951582
11,3840.0,64.0,1.0666666666666667,31.005718191820574,30.868485595424694,0.0003958721982410603,127.86770252132936,127.81728156502598,127.84035026997567,1.0002139563236172,0.00021395632361713142,323.61487459562346,319.2206373599349,121.35506029788175,124.75396725311313,2.666678042112696,2.5588014905551555,228886.19838131266,280386284919.84033,291146269008.253,85216273.02853227,31121022.402514346,25619.15561822739,15091.355463348138,3383.7748788519993,7.596388711891574,2.786815492010649,1.007228976117477
11,3900.0,65.0,1.0833333333333333,30.98196585992611,31.108644820229,0.0003958721982410603,127.44815342413145,127.28449600232695,127.42100589571109,1.0002130537914806,0.00021305379148063428,324.00798569919294,325.344610398175,121.47844333902063,122.81507085898377,2.6672056110807683,2.649060967214159,227717.1604764199,280399982928.5779,298644937367.03503,85322054.26146623,31153786.546593208,25681.46885142596,15141.751751299838,3390.7406331576126,7.623893161019854,2.7963775927929166,1.0104983624155388
11,3960.0,66.0,1.1,30.958213528031646,31.060550271913428,0.0003958721982410603,127.0305502749217,127.1964165337204,127.00360545870825,1.0002121578841492,0.0002121578841492352,324.3986696782499,319.32428853293123,121.60108419274574,123.21407063339193,2.6677284321252976,2.5916219380742707,226554.11568754242,280413611066.80994,295196257931.8315,85427185.27165921,31186354.4267074,25743.46890898595,15191.914291745456,3397.671147874337,7.651290850058823,2.8059017814222775,1.0137545432977586
11,4020.0,67.0,1.1166666666666667,30.934461196137182,30.793735158982102,0.0003958721982410603,126.61488505982773,126.84605808118515,126.58814109116126,1.000211267567688,0.00021126756768792798,324.7869447012125,315.5730623804515,121.72298844537893,119.39228237641386,2.6682465559655153,2.64316131745877,225395.00214962914,280427169530.06396,271379932924.16742,85531670.89544064,31218727.511955258,25805.157351222355,15241.844047312297,3404.566620058506,7.678581954118236,2.8153881402226815,1.0169975540233298
11,4080.0,68.0,1.1333333333333333,30.887085413473454,30.839669692149073,0.0008828575539566287,125.80843879967769,126.1267636026667,125.76521755902859,1.0003436660905771,0.00034366609057720704,325.55035522904706,341.31338070811086,121.95455974292149,120.08070801684607,2.6694397972105564,2.8423664912121285,600210.2831897531,280458150793.66077,276697824355.12964,85737115.00654593,31280226.36869239,25926.15555086494,15338.714468951943,3417.598500844312,7.732083441858231,2.8337819554649566,1.023204887627537
11,4140.0,69.0,1.15,30.83411397671803,30.948402723500532,0.0008828575539566287,124.89665830650713,124.94706123333438,124.85410469746706,1.0003408266724043,0.00034082667240441206,326.4118911967169,318.49347925762777,122.21469163654884,123.09412364514861,2.6708073049631786,2.5873979181635796,594548.3720561692,280493901045.4813,272220498033.32758,85968979.51504026,31349313.597291075,26062.943931879898,15448.237651314772,3432.2503981616,7.792688194937366,2.854580940875262,1.0302094586965043
11,4200.0,70.0,1.1666666666666667,30.78114252507808,30.776844676318074,0.0008828575539566287,123.99423235920845,124.29990824152087,123.95241949809221,1.0003373299309972,0.0003373299309973143,327.2618261009052,322.5068040137418,122.4714037949135,122.67900389334737,2.6721488932136914,2.6288671555738863,586498.0615606114,280529235760.27,290005027354.8974,86197737.44321987,31417497.02381096,26198.224904184266,15556.637164503802,3446.7382343825902,7.852772213526752,2.8751960181962715,1.0371505055221153
11,4260.0,71.0,1.1833333333333333,30.72817107116579,30.902332302726023,0.0008828575539566287,123.10115190700567,122.56285485387936,123.06007777035056,1.0003337730432103,0.00033377304321034935,328.10045369182643,337.1866885492065,122.72478861639901,119.17339335736993,2.6734652175068745,2.8293789330817454,578154.503895416,280564151897.77783,270103060723.20428,86423467.57849039,31484801.19664621,26332.033311055315,15663.91409569933,3461.0663585986263,7.912346057102122,2.8956312120841616,1.044029531147584
11,4320.0,72.0,1.2,30.67519961731224,30.48900372429565,0.0008828575539566287,122.21740427028286,121.95313174876304,122.17699606209125,1.000330734995081,0.0003307349950810015,328.92766537013136,331.8339777526388,122.97480933598254,120.04918527922925,2.6747564574095812,2.764150185449466,571524.7256676155,280598652242.23016,270678665159.3312,86646139.67765535,31551215.970093086,26464.337090169218,15770.069967978348,3475.2313646677044,7.971389970232604,2.9158799111061247,1.0508443498778968
11,4380.0,73.0,1.2166666666666666,30.622228163729666,30.541609991682087,0.0008828575539566287,121.3428341659505,121.25146107112323,121.30309179552687,1.0003276286682834,0.0003276286682834934,329.74363645601704,329.41566621992854,123.22151529705353,126.64194532473321,2.676023222576795,2.6011576604832327,564575.4734450128,280632744597.4221,269397661147.32037,86865800.20932832,31616754.219366834,26595.15074969224,15875.123433964216,3489.2348874998456,8.029905200987404,2.9359427254034944,1.057595218922081
11,4440.0,74.0,1.2333333333333334,30.56925671032206,30.644853627975433,0.0008828575539566287,120.477379451057,120.40778103587179,120.43828329150318,1.0003246157159116,0.00032461571591148466,330.54847894850207,327.67198368130715,123.46493935743227,124.04417115235611,2.677265956382652,2.6415750182960798,557868.7208414179,280666431657.6051,274132845529.86502,87082478.67001925,31681424.472379014,26724.4793969899,15979.081958275749,3503.0777146781766,8.087888995129411,2.9558189545458706,1.0642819807239186
11,4500.0,75.0,1.25,30.51628525704128,30.598563843408765,0.0008828575539566287,119.62095145955017,119.46058733433595,119.582489768623,1.0003216331337605,0.0003216331337604923,331.342360570614,323.1985660758234,123.70513080241791,125.25585368554432,2.6784851882969565,2.5803070799965613,551190.2702478347,280699717219.36707,305404867094.2418,87296219.63120437,31745239.657499123,26852.33766655743,16081.956191489782,3516.761628064225,8.145343026517372,2.975509401828294,1.0709049794824919
11,4560.0,76.0,1.2666666666666666,30.463313803803302,30.329968152363826,0.0008828575539566287,118.77347931902476,118.06673381184912,118.73563133507746,1.0003187584343616,0.0003187584343615678,332.12543621442603,332.53532642653084,123.94213553559094,125.27297023525101,2.67968140761181,2.6544858464045387,544808.355247662,280732604123.30615,306345104286.8164,87507064.24469258,31808211.817129135,26978.738616642877,16183.75464680815,3530.288262932534,8.202268413359878,2.995014685710425,1.0774645002266128
11,4620.0,77.0,1.2833333333333334,30.410342350647067,30.379796367456102,0.0008828575539566287,117.93487152204365,117.9114064182162,117.89762898449484,1.0003158887746055,0.0003158887746055034,332.8978802729402,334.8885432101621,124.17600494475512,122.34325592959799,2.680855133172014,2.7372865031716387,538373.4156648128,280765096464.73645,285092882842.3053,87715058.94609894,31870354.460453093,27103.69883078602,16284.48831611519,3543.659595708771,8.25866798764873,3.0143359933920646,1.0839610123159902
11,4680.0,78.0,1.3,30.357370897852597,30.408100533510602,0.0008828575539566287,117.10507270851694,117.29148448220995,117.06840459107418,1.0003132195879054,0.0003132195879053952,333.6597394693159,337.11583211798705,124.40675182800898,125.77829263048099,2.6820066802370746,2.680238577481618,532553.4637393699,280797197883.01196,267325924145.05615,87920215.68191962,31931670.765875276,27227.213917619738,16384.16384927155,3556.8753223233416,8.314535077976968,3.0334712406150413,1.090393875783952
11,4740.0,79.0,1.3166666666666667,30.304399445110835,30.272981864208237,0.0008828575539566287,116.28398953514774,115.71164089145806,116.24788089010717,1.000310617662568,0.00031061766256802064,334.41126812274325,351.6344165697074,124.63445235678809,125.16952373996777,2.6831366592395502,2.8092654350927067,526895.1347167167,280828911045.40845,258020261202.44666,88122602.53734271,31992180.906706378,27349.31480983335,16482.792458685268,3569.939001648546,8.369879392876694,3.0524239816560623,1.096764364667252
11,4800.0,80.0,1.3333333333333333,30.25142799238978,30.26980373966925,0.0008828575539566287,115.47154287004206,115.13066347264997,115.43598148524978,1.0003080615275646,0.00030806152756467857,335.152630150868,342.23062260656667,124.85915503253179,126.11804485327478,2.68424554101415,2.7135738030566237,521327.46827378013,280860239234.47205,277200362087.5944,88322263.17893602,32051897.644556634,27470.01763592698,16580.383649688953,3582.852553798169,8.424703971063536,3.071195461125083,1.1030729641317416
11,4860.0,81.0,1.35,30.19845653965743,30.294339063250064,0.0008828575539566287,114.66765358130591,114.1616104492067,114.6326308378079,1.0003055215887662,0.00030552158876621753,335.88398947133584,333.77524899569926,125.0809083566795,130.5531069030851,2.685333788219161,2.5566243264013178,515752.6377353282,280891185732.7493,294882171642.8132,88519241.29245712,32110833.747600697,27589.338914352204,16676.946927615216,3595.6179320948877,8.47901216201757,3.089787023057747,1.1093201905390664
11,4920.0,82.0,1.3666666666666667,30.14548508688178,30.01759821498229,0.0008828575539566287,113.87224253704532,113.72404394966223,113.8377542605149,1.000302959916545,0.00030295991654490377,336.6055100017927,336.1995385141116,125.29976083067056,123.66710837360847,2.686401855600344,2.7185849409401994,510045.6367358271,280921753822.7864,302771169891.3605,88713580.58248278,32169001.990452476,27707.295545244135,16772.49179779667,3608.237122376696,8.532807621001112,3.10820010928956,1.1155065909275017
11,4980.0,83.0,1.3833333333333333,30.09251363403083,29.860810581172583,0.0008828575539566287,113.08523060536633,112.87582514842325,113.05127791140941,1.0003003300323905,0.0003003300323904883,337.31735565988436,342.45646190719066,125.5157609559444,123.70786205291638,2.6874501902456824,2.76826756379238,504054.14363433584,280951946787.1297,257753669786.4476,88905324.77204256,32226415.154041756,27823.9048022943,16867.02776556592,3620.7121423152003,8.586094304093287,3.1264362578379457,1.1216327424959651
11,5040.0,84.0,1.4,30.039542181072573,29.99626442708679,0.0008828575539566287,112.30653865437495,112.40443486125933,112.27312878780458,1.0002975766947184,0.00029757669471838435,338.01969036325664,347.68160129129086,125.72895723394036,127.08635994642317,2.688479231831318,2.7357900677764775,497598.6958043169,280981767908.32556,286763579997.6376,89094517.6022588,32283086.025492657,27939.184324764567,16960.564336255575,3633.0450407457815,8.638876463245374,3.144497101293413,1.127699252091583
11,5100.0,85.0,1.4166666666666667,29.986570727975014,29.803447526105913,0.0008828575539566287,111.53608755217716,111.84911679775901,111.50323472035369,1.000294635683941,0.0002946356839410961,338.7126780295553,344.9466599546765,125.93939816609787,125.13803131591762,2.6894894128590074,2.7565293806152367,490473.3454982062,281011220468.9201,276121521360.038,89281202.83199131,32339027.398003504,28053.152109641454,17053.11101519825,3645.237897009532,8.691158641360865,3.1623843652208703,1.1337067557010998
11,5160.0,86.0,1.4333333333333333,29.933599274706143,29.898884656717264,0.0008828575539566287,110.77379816687905,111.16631125270266,110.74152436719997,1.000291433587026,0.0002914335870261326,339.39648257642614,349.9514815364658,126.14713225385626,125.67526177917826,2.690481158885409,2.7845693462835928,482447.01353402564,281040307751.45996,282054047345.38965,89465424.23748764,32394252.070728756,28165.826503931177,17144.677307726553,3657.292820307061,8.742945667403974,3.1800998665722733,1.1396559179464603
11,5220.0,87.0,1.45,29.880627821369607,29.905332105618605,0.0008828575539566287,110.01967173936615,110.08221546196663,109.98792721016007,1.0002886183057658,0.000288618305765719,340.0711459464768,334.3821525106895,126.35217147722717,126.3972629696672,2.691454701336643,2.645485706371146,475671.0999080451,281069030278.1291,263206375747.56226,89647192.69019015,32448763.097473636,28277.205696071444,17235.26306478516,3669.209772774567,8.794233124739778,3.197642262446765,1.1455463419224063
11,5280.0,88.0,1.4666666666666666,29.827656368128753,29.798445525055765,0.0008828575539566287,109.2736246086197,109.36328606046145,109.24237354789658,1.0002860708689145,0.0002860708689144324,340.7367434318716,348.9682253681189,126.55453706524655,126.22391876106371,2.6924103341802845,2.764675893391492,469741.10733131645,281097392850.02747,289204393836.236,89826528.00513646,32502565.956553627,28387.293177723404,17324.878335745696,3680.989207938558,8.845019004044072,3.2150110003057337,1.1513778814192301
11,5340.0,89.0,1.4833333333333334,29.774684914897676,29.687386671813655,0.0008828575539566287,108.5355509857164,108.48535147337438,108.50479448604317,1.0002834575174204,0.0002834575174204601,341.3934694926962,347.09610024538074,126.75428641673015,130.00311648481295,2.693348518173947,2.6699059963376244,463557.9415418518,281125400003.46204,258335638193.6946,90003482.2463776,32555675.834213316,28496.113180564236,17413.535827986332,3692.6338234322498,8.895311128735171,3.232208895980153,1.1571515277689015
11,5400.0,90.0,1.5,29.72171346166292,29.846748606224473,0.0008828575539566287,107.80540588971687,107.90186245295831,107.77512193633282,1.000280992058649,0.00028099205864905104,342.04142619139634,334.9613318002142,126.9514496631711,127.57320161442095,2.694269558157108,2.6256402407506094,457823.45627845655,281153053739.44666,282017513914.0057,90178082.53941754,32608100.637789767,28603.67472833999,17501.24094462291,3704.1447229320393,8.945110365029734,3.2492363984497135,1.162867481674809
11,5460.0,91.0,1.5166666666666666,29.66874200842682,29.743559599145723,0.0008828575539566287,107.0830952507072,106.85779920528242,107.05328861041319,1.0002784280677495,0.0002784280677493632,342.6807673944603,354.51973100419724,127.14607173917493,131.17670722439408,2.6951738477412754,2.702611908055804,451734.96872613457,281180358612.0055,284292432975.90576,90350370.00125223,32659852.223560482,28709.995678228384,17588.004985344793,3715.5238905051183,8.994421752366774,3.2660953529884065,1.1685264008975234
11,5520.0,92.0,1.5333333333333334,29.61577055518964,29.658562834498564,0.0008828575539566287,106.36858956911435,106.00132042847781,106.33922801431632,1.000276112168071,0.0002761121680710018,343.3115452294297,342.8198153440268,127.33816790135482,128.92463586495498,2.696061604211105,2.6590714260625967,446419.2420823979,281207316043.37866,286668262817.2847,90520358.26370402,32710934.517215718,28815.077008507833,17673.831493644233,3726.771566571028,9.043242548715549,3.282784970311274,1.1741280680402264
11,5580.0,93.0,1.55,29.562799101952354,29.610844510282448,0.0008828575539566287,105.66178496166472,105.72279420892215,105.63287444332823,1.000273688645593,0.00027368864559298333,343.9339434547571,346.8368041805555,127.5277919329966,125.02574337648392,2.696933258559521,2.7741231110791538,440723.93886861444,281233931042.39514,292322668437.6775,90688096.56883527,32761361.75904402,28918.942203107203,17758.732947992536,3737.890316245284,9.091580618684306,3.299308046789565,1.1796734557736959
11,5640.0,94.0,1.5666666666666667,29.509827648714854,29.550572241487455,0.0008828575539566287,104.9626312024075,104.65044119496235,104.93416297688046,1.0002712960652604,0.0002712960652605355,344.54804541503273,338.04104588660647,127.71496820873269,128.87206579784777,2.6977890708308827,2.6230746267144265,435099.958107567,281260206041.83496,283808381566.1944,90853607.0125382,32811140.321087524,29021.597978308866,17842.71538153695,3748.880962426513,9.139436067637492,3.3156647478923755,1.1851626608763397
11,5700.0,95.0,1.5833333333333333,29.45685619547745,29.591840042339495,0.0008828575539566287,104.27106292924888,104.24361601195,104.24302947358622,1.0002689240307407,0.00026892403074076885,345.1539647234079,348.7707607111086,127.89972997085103,126.22651907828498,2.698629346614494,2.7630545725086737,429515.21296128683,281286144203.4752,273072437328.88843,91016919.89187968,32860278.954470728,29123.05641747469,17925.786645580025,3759.7448802655317,9.186811596885091,3.331856114213697,1.1905960698952864
11,5760.0,96.0,1.6,29.40388474224001,29.425220079507564,0.0008828575539566287,103.58701728536128,103.84523339695698,103.55941056634326,1.0002665785645848,0.00026657856458480475,345.75181547293977,346.834498619778,128.08211058706806,130.6587525262043,2.699454388190328,2.654506429259062,423990.3121839804,281311748629.581,292019557695.31757,91178065.65299648,32908786.451011494,29223.32993054366,18007.95429049145,3770.4834740118495,9.233710147064082,3.3478832632351283,1.1959740936609011
11,5820.0,97.0,1.6166666666666667,29.350913289002648,29.379623031391844,0.0008828575539566287,102.91043053919296,102.91595247518758,102.88324365755537,1.0002642498493544,0.0002642498493542925,346.3417089904717,330.76587354487685,128.26214261017822,130.56991428825046,2.700264489133739,2.5332472288728565,418495.29946823505,281337022436.70996,278615016040.331,91337074.000957,32956671.38618751,29322.430666183274,18089.22597171287,3781.0981157014207,9.280134614360035,3.3637472932423265,1.2012971351911113
11,5880.0,98.0,1.6333333333333333,29.297941835765275,29.259077497616442,0.0008828575539566287,102.24124184352932,102.61182995948289,102.2144669144294,1.0002619485275244,0.00026194852752442726,346.9237520504378,346.0250561889364,128.43985721326598,126.83927100798576,2.701059932466241,2.7280593260990185,413065.2001767176,281361968666.6681,296510547495.45026,91493973.42343785,33003941.970770407,29420.370208084067,18169.60899821901,3791.5901117709163,9.326087705804694,3.379449233542827,1.2065655728703617
11,5940.0,99.0,1.65,29.244970382527914,29.234693830815925,0.0008828575539566287,101.5793893245225,101.88370780398901,101.55301926438793,1.0002596679087001,0.00025966790870012924,347.4980512369842,341.70236663290575,128.6152855268491,131.31377941572387,2.701840996686527,2.6021821026955334,407679.96792131837,281386590384.1273,299029755742.9368,91648792.36571036,33050606.406912584,29517.16031134692,18249.11080230392,3801.960783009292,9.371572284691208,3.394990162991034,1.211779800465636
11,6000.0,100.0,1.6666666666666667,29.191998929290538,29.237327643008733,0.0008828575539566287,100.92481272949162,100.58460111168479,100.89884039057048,1.0002574096869756,0.00025740968697558173,348.06470812692316,343.047906277932,128.78845718146823,130.2123094787214,2.702607949068647,2.6345274701850756,402346.0658053518,281410890606.9733,292888943332.46454,91801557.92843473,33096672.49807536,29612.812063978152,18327.73862152684,3812.2113748100264,9.41659096994088,3.4103710732620605,1.216940181195272
11,6060.0,101.0,1.6833333333333333,29.139027476053148,29.097740387906185,0.0008828575539566287,100.2774522472509,100.14456870769787,100.25187072743671,1.0002551724933268,0.00025517249332679924,348.6238234310239,357.07576813859635,128.95940155975293,128.95663601135425,2.7033610517298357,2.7689600099924823,397060.26614858967,281434872327.3107,287135013492.68024,91952296.98876283,33142147.984964248,29707.336600891314,18405.49964041462,3822.3431341036494,9.461146474335417,3.4255929845814093,1.2220470867418558
11,6120.0,102.0,1.7,29.08605602281575,29.1950447604704,0.0008828575539566287,99.63724901230941,99.56333441137546,99.61205145647233,1.000252956900984,0.000252956900983936,349.1754945937208,346.10412620926354,129.12814706547854,125.66289587731248,2.704100558468172,2.754226884498769,391825.371943334,281458538510.05566,266121470305.8593,92101035.54959834,33187040.349051133,29800.744676460065,18482.40092989708,3832.357263182871,9.505241397704607,3.4406568750103066,1.2271008734135749
11,6180.0,103.0,1.7166666666666666,29.03308456957835,28.973042682127833,0.0008828575539566287,99.00414482106196,99.32871815694504,98.97932450198722,1.000250762663815,0.00025076266381507156,349.71981705363083,354.63146611092816,129.29472147620862,128.04510232576433,2.704826717291644,2.7695824336076282,386641.566636516,281481892121.3288,283691299990.69,92247799.0808116,33231356.907235265,29893.046874961834,18558.449481398275,3842.254940616751,9.548878324590683,3.4555637131164567,1.232101892854674
11,6240.0,104.0,1.7333333333333334,28.98011311634095,29.088253345260544,0.0008828575539566287,98.37808214407993,98.55788572391434,98.35363252702075,1.0002485888566695,0.00024858885666941547,350.25688525980655,353.4216923066339,129.45915228513658,127.94070275901817,2.7055397712504576,2.762386673553911,381506.90479466814,281504936093.083,277184024240.8429,92392612.79481265,33275104.903760497,29984.253788919144,18633.65220536008,3852.0373428750786,9.592059909520913,3.4703144882107977,1.237050502671892
11,6300.0,105.0,1.75,28.92714166310355,29.01946014064931,0.0008828575539566287,97.75900401602837,97.92478953397898,97.7349189293481,1.0002464327688008,0.0002464327688007194,350.786792179681,347.7748951383247,129.62146654013958,127.99109966755631,2.7062399581095136,2.717180304268298,376413.9829246582,281527673340.49915,293555499260.40515,92535501.51257935,33318291.466709152,30074.3759248048,18708.015944465373,3861.7056334538893,9.63478882959613,3.484910193867913,1.2419470607600844
11,6360.0,106.0,1.7666666666666666,28.87417020986615,28.768143824895272,0.0008828575539566287,97.14685478547501,97.15874657635102,97.12312783758526,1.0002442976087986,0.0002442976087985291,351.30962765089436,349.283195946015,129.7816903617921,131.4478389083554,2.7069275078136936,2.6571999878182324,371373.4960122397,281550106727.0188,262022727840.3475,92676489.21709971,33360923.478643082,30163.423410799474,18781.547383570884,3871.2609327969817,9.677067642713013,3.49935178013557,1.2467919094748656
11,6420.0,107.0,1.7833333333333334,28.82119875662885,28.80362127134453,0.0008828575539566287,96.54157809373652,96.78279881350089,96.51820410739943,1.0002421717908374,0.00024217179083732549,351.8254847310298,347.3822792108304,129.9398507961501,131.1420961131486,2.7076026528841743,2.648899853721349,366351.1401307623,281572239093.07263,279366426736.19794,92815600.76707049,33403008.07265393,30251.407107073803,18854.253292488418,3880.704433472905,9.718899321596199,3.5136403340846414,1.2515854356807279
11,6480.0,108.0,1.8,28.768227303391583,28.70786474718344,0.0008828575539566287,95.9431199102702,96.24980302550287,95.92009331782282,1.0002400601547694,0.00024006015476948315,352.33444866881837,351.3452338735023,130.09597261438478,129.07514830090076,2.7082656102903875,2.72202076463584,361362.6971702689,281594073267.4469,290213048625.7135,92952858.92402717,33444551.775996674,30338.336658203825,18926.140161373263,3890.0371991032307,9.760286310809946,3.5277767615195406,1.2563279650474963
11,6540.0,109.0,1.8166666666666667,28.715255850154346,28.637455938713984,0.0008828575539566287,95.35142660065338,95.57714848489597,95.32874176766683,1.0002379642547035,0.00023796425470340408,352.83660433929964,357.8673133629436,130.2500804654876,135.411293410519,2.7089165939731674,2.6428173333963874,356413.77369652275,281615612045.7774,256176947549.50934,93088286.35505201,33485561.085791342,30424.2217969533,18997.214432798704,3899.260298947676,9.80123115489807,3.5417619990620404,1.2610198325072464
11,6600.0,110.0,1.8333333333333333,28.662284396917133,28.57316248945983,0.0008828575539566287,94.76644510285006,95.08992854371779,94.74409647205253,1.0002358841514112,0.00023588415141112193,353.3320355437539,362.1545238962389,130.40219867384326,130.88406426712277,2.7095558137596574,2.7669871494601024,351505.3864711955,281636858193.22034,273331811192.13928,93221905.44399765,33526042.414809145,30509.07221680839,19067.482480582887,3908.3747948458126,9.841736435559874,3.5555969930114184,1.2656613752554038
11,6660.0,111.0,1.85,28.609312943679935,28.6628896375518,0.0008828575539566287,94.18812309663696,94.31615820141877,94.16610515902917,1.000233820200704,0.00023382020070386166,353.8208243368014,361.5638615421385,130.55235104465845,132.0787932661296,2.7101834743348956,2.737486106597086,346639.3782241261,281657814447.0203,309320829506.52673,93353738.11001055,33566002.03935197,30592.897448384767,19136.950589437314,3917.381728572432,9.88180471023048,3.569282678696749,1.2702529259209063
11,6720.0,112.0,1.8666666666666667,28.556341490442755,28.614184434771317,0.0008828575539566287,93.61640900360355,93.302200940751,93.59471626631884,1.0002317730973507,0.00023177309735075225,354.3030510264036,354.04629719284617,130.700560863962,128.60785610672664,2.710799775336659,2.752913452651267,341818.5255578779,281678483516.5099,270852366685.16986,93483805.80729082,33605446.09917039,30675.70685464999,19205.62495496685,3926.2821214323226,9.921438508183195,3.582819979234026,1.2747948121774466
11,6780.0,113.0,1.8833333333333333,28.50337003720558,28.6259673682176,0.0008828575539566287,93.0512519871521,92.29315325254903,93.02987893815822,1.0002297439192422,0.0002297439192421983,354.7787941738619,357.93794030986,130.84685089860477,129.66909556892443,2.711404911447089,2.7603951330068566,337046.64307307074,281698868083.1101,292125139501.72266,93612129.52485803,33644380.59738356,30757.509626264866,19273.511683669727,3935.076973864967,9.960640326712886,3.596209804309342,1.2792873563629445
11,6840.0,114.0,1.9,28.450398583968408,28.520647214964878,0.0008828575539566287,92.49260195249762,92.11534580272966,92.47154302224787,1.0002277341716326,0.0002277341716325035,355.2481305938186,349.67422458906776,130.99124339625965,133.61408528608214,2.7119990724812255,2.617046128335778,332328.68330698495,281718970800.32983,290268661818.743,93738729.78632198,33682811.40040104,30838.31477704157,19340.616792937533,3943.7672650590034,9.999412627399352,3.609453048987855,1.2837308751071537
11,6900.0,115.0,1.9166666666666667,28.397427130731224,28.397873994705716,0.0008828575539566287,91.94040954666788,91.77713622202033,91.9196590668193,1.0002257458312969,0.0002257458312969671,355.7111353542564,369.89178405927674,131.13376008542156,127.66834389957594,2.712582443472553,2.8972866159385133,327670.8322114197,281738794293.76666,254573944500.093,93863626.64965938,33720744.23784639,30918.13113951589,19406.946211055223,3952.3539525762167,10.037757832449905,3.6225505925481833,1.288125678967268
11,6960.0,116.0,1.9333333333333333,28.34445567749402,28.30103650522053,0.0008828575539566287,91.39462615850339,91.55013140478557,91.37417831780618,1.000223781390691,0.00022378139069094996,356.1678817764984,359.1312429417668,131.2744221754076,130.70490500473926,2.7131552047556555,2.747649316823611,323080.6007876306,281758341161.10596,271858469038.86853,93986839.70699483,33758184.70248254,30996.967360630853,19472.505777201106,3960.837971984883,10.07567832111995,3.6355032973418817,1.2924720720714444
11,7020.0,117.0,1.95,28.29148422425679,28.21184120689794,0.0008828575539566287,90.85520391865742,90.91138301744074,90.83505271613554,1.0002218439018784,0.00022184390187850842,356.61844143520847,358.63009298314336,131.4132503563568,133.34733559316308,2.7137175320460973,2.68944326024862,318566.91274484096,281777613972.1213,287069363699.7299,94108388.0843883,33795138.25013885,31074.831897530337,19537.30124144687,3969.2202365022454,10.113176426210938,3.648312007677762,1.2967703517701314
11,7080.0,118.0,1.9666666666666666,28.238512771019515,28.21554044041151,0.0008828575539566287,90.32209569959605,90.56128043935325,90.30223489512159,1.0002199370203575,0.000219937020357562,357.06288415839083,358.6314029052083,131.55026479923032,127.02513483688381,2.714269596517604,2.823310546890865,314140.1893215616,281796615268.6747,277894004524.56824,94228290.44162631,33831610.19964013,31151.733013459227,19601.338264757545,3977.50163664597,10.15025443064442,3.660977548730636,1.3010208082950825
11,7140.0,119.0,1.9833333333333334,28.18554131778218,28.00535661950251,0.0008828575539566287,89.79525511559805,90.06092719049708,89.77567817798507,1.0002180650484664,0.0002180650484663498,357.50127802739024,344.92820526330644,131.6854851558113,133.701220206133,2.7148115648766598,2.5798433606777533,309812.43139692664,281815347564.7163,287317506990.33057,94346564.97201884,33867605.732737005,31227.67877376861,19664.622418991537,3985.683039894357,10.186914564111529,3.673500725474212,1.3052237244259668
11,7200.0,120.0,2.0,28.1325698645448,28.091454055997467,0.0008828575539566287,89.27463556178894,89.12751422113642,89.25533657548421,1.0002162222119728,0.0002162222119728569,357.9336929255015,356.68565861983825,131.81893160923056,131.09958323567975,2.715343604715101,2.7207230550734773,305566.8709738776,281833813359.1414,267699506607.95398,94463230.36204681,33903130.175917685,31302.677678796845,19727.15930233197,3993.765357131103,10.223159312813689,3.685882427634719,1.3093794105057717
11,7260.0,121.0,2.0166666666666666,28.07959841130748,28.092243975569403,0.0008828575539566287,88.76018667731807,88.24419127879942,88.74116478366201,1.0002143525352911,0.00021435253529106103,358.36021359857926,365.64466380085935,131.95062874041147,131.66486277963642,2.715865903932803,2.777086126712698,301245.9471758347,281852015183.1109,269974694696.15634,94578309.32406989,33938190.03787273,31376.741010162812,19788.954964130273,4001.7497886646693,10.25899257457047,3.698124020793533,1.3134883348262985
11,7320.0,122.0,2.033333333333333,28.026626958070143,28.06065485424891,0.0008828575539566287,88.25186703663194,88.33962081413019,88.23311818171314,1.0002124922626012,0.00021249226260127045,358.7808927893121,356.7349583163666,132.08059165400468,128.74602106119394,2.7163786010980813,2.7708425889667523,296953.3103517199,281869955430.2506,274305131382.43665,94691815.91958089,33972789.28667857,31449.87441490126,19850.014380428907,4009.6369418012714,10.29441551938709,3.7102259447595864,1.3175506563347859
11,7380.0,123.0,2.05,27.973655504832784,27.88052599338813,0.0008828575539566287,87.74963243063155,86.91551709201227,87.73115282997375,1.0002106389812706,0.00021063898127056938,359.19579451200315,359.67385340717294,132.20883878939483,131.43922026704828,2.716881849966117,2.7364271689714434,292682.88933942624,281887636513.44147,282993138177.0987,94803767.2640608,34006932.787159756,31522.085662651567,19910.342861630157,4017.427644454805,10.329430399163117,3.7221890037948846,1.3215666548655483
11,7440.0,124.0,2.066666666666667,27.920684051595405,28.05572345533209,0.0008828575539566287,87.25343932568742,87.08340592939507,87.23522546803359,1.0002087901711276,0.00020879017112769216,359.60498127928525,367.8257997797047,132.33538813931497,130.73274304581614,2.7173758004980058,2.813570580790137,288428.4437340155,281905060818.5405,271854626508.6677,94914180.07190575,34040625.28623158,31593.382352964283,19969.945636998822,4025.1227047441093,10.364039420795521,3.7340139850225142,1.325536603913876
11,7500.0,125.0,2.0833333333333335,27.867712598358004,27.833076061950088,0.0008828575539566287,86.76324486363958,85.990803335661,86.7452935129647,1.0002069432236367,0.0002069432236367831,360.00851410212107,364.27050868483536,132.46025724984648,134.2359128387811,2.717860598919668,2.7136591168589024,284183.6299923218,281922230704.3801,298110172708.2645,95023070.6562562,34073871.41284188,31663.771912056225,20028.827854662224,4032.7229107172057,10.398244743426348,3.7457016575512254,1.3294607703629333
11,7560.0,126.0,2.1,27.814741145120585,27.814715135861167,0.0008828575539566287,86.27900686179753,86.22850500764122,86.261315057685,1.0002050954602384,0.0002050954602384572,360.4064524898027,361.96064253345224,132.58346322041905,135.75232051589836,2.7183363877788405,2.666331162206999,279942.0643259675,281939148502.7687,294246377976.8418,95130454.92883042,34106675.67791428,31733.26158964817,20086.99458161022,4040.2290300824257,10.432048475751357,3.757252771619508,1.3333394142167732
11,7620.0,127.0,2.1166666666666667,27.761769691883153,27.836872625968592,0.0008828575539566287,85.8006847110426,85.1104275111555,85.78324886944475,1.0002032546193766,0.00020325461937673617,360.79885896629804,370.3458483030322,132.70502406740593,132.93145427390144,2.7188033120964175,2.7859910983892893,275725.78522394167,281955816430.1766,273761097615.79016,95236349.62542145,34139042.84216507,31801.859290317658,20144.450695815016,4047.6418997498236,10.46545309067354,3.768668199995054,1.3371728362172288
11,7680.0,128.0,2.1333333333333333,27.70879823864572,27.80997585935439,0.0008828575539566287,85.3282393677442,85.25118514468693,85.31105438843932,1.0002014390682201,0.00020143906822015737,361.18579902959857,375.60417404519916,132.82495871185026,136.35963632657644,2.71926151931395,2.754511409414738,271584.94943823497,281972236588.5304,290518352814.3225,95340772.29478244,34170977.912772164,31869.573567394284,20201.20088720221,4054.96242517295,10.49846142332747,3.7799489372825406,1.3409613776062492
11,7740.0,129.0,2.15,27.65582678540828,27.872232910394654,0.0008828575539566287,84.86162970799676,84.88646306003675,84.84469172655787,1.0001996351344344,0.00019963513443451239,361.5673228180345,357.41929197653525,132.94328144407697,134.98759809006586,2.7197111346324707,2.6477935531385595,267482.6065368161,281988411323.7164,294878872879.9941,95443736.32296872,34202484.64995656,31936.41022979323,20257.25009558028,4062.1912152816153,10.531074971754434,3.7910955207992396,1.3447052252243246
11,7800.0,130.0,2.1666666666666665,27.602855332170837,27.54844221084664,0.0008828575539566287,84.4008166122195,84.49490367996714,84.38412166626306,1.0001978446374364,0.0001978446374363296,361.9434856507665,363.5958663920951,133.06000812536976,134.75132654156442,2.720152288805977,2.6982730020096906,263423.9459659594,282004342823.92505,272362155209.77872,95545256.50750165,34233567.24001396,32002.37613266997,20312.60301999797,4069.328990527857,10.563295790760991,3.8021086762013816,1.348404628861619
11,7860.0,131.0,2.183333333333333,27.5498838789334,27.530437483075406,0.0008828575539566287,83.94576166618407,84.16454515689264,83.92930565960054,1.0001960698525287,0.000196069852528826,362.31434149555935,351.0704084299254,133.17515421573225,133.3184786608902,2.72058510935637,2.633321441680342,259415.21629714876,282020033247.38403,289622919836.4184,95645347.28450899,34264229.76320262,32067.477969151554,20367.264274777,4076.37645289026,10.5951258873572,3.8129891114431373,1.3520598319139656
11,7920.0,132.0,2.2,27.496912425695967,27.575473875088743,0.0008828575539566287,83.49642716101452,83.42903230886125,83.48020582735589,1.0001943135321465,0.00019431353214655278,362.67994296878186,364.9997613793225,133.2887347738877,130.4503801060619,2.7210097206191923,2.7979969171616177,255463.74307966168,282035484722.3583,318587795153.5212,95744022.7285826,34294476.193694845,32131.722267726836,20421.23838951208,4083.3342856523336,10.626567218509619,3.8237375160630407,1.3556710711606652
11,7980.0,133.0,2.216666666666667,27.443940972458545,27.39809522663001,0.0008828575539566287,83.05277609318742,82.91741411003514,83.03678495834319,1.0001925789257406,0.000192578925740563,363.0403413354069,366.0412199248012,133.4007644572794,127.80462236343541,2.7214262437878896,2.86406871015899,251577.942042914,282050699347.1498,303822212343.3083,95841296.55263902,34324310.39953007,32195.115389703093,20474.529809070893,4090.2031531864695,10.657621688945083,3.834354560486621,1.3592385765473594
11,8040.0,134.0,2.2333333333333334,27.390806669195,27.45614270680422,0.0008828575539566287,82.61349537614167,82.86632714511128,82.59766931027363,1.0001916042668055,0.00019160426680552839,363.3966444757627,363.37926815724023,133.51157074148495,134.03138380077314,2.7218363356641078,2.7111506115416537,249679.68403711362,282065732957.2976,268865663757.16843,95937467.66975327,34353819.55757778,32257.848569873662,20527.29626156888,4097.002708270897,10.688381567873224,3.8448713252380573,1.3627726062434655
11,8100.0,135.0,2.25,27.33688775265547,27.42975390295759,0.0009065534878762559,82.17366322655752,82.14582079960498,82.15783575548487,1.0001926471276552,0.00019264712765511025,363.75294879661305,355.6428738500992,133.62236595761263,133.83745078195545,2.7222459817243614,2.657274714754568,253054.62049892248,282080793278.4963,259862492351.51532,96033641.7221166,34383326.52095733,32320.637001386425,20580.12895220962,4103.806409977036,10.719195738310528,3.8554052331767554,1.366311886624716
11,8160.0,136.0,2.2666666666666666,27.282522826422003,27.254986885251654,0.0009065534878762559,81.73577525602911,82.01601284131823,81.7202073294014,1.0001905027793794,0.00019050277937938368,364.1071945712021,364.30746009801373,133.73254065427528,131.67697338281872,2.7226521891369,2.7666755298124794,248084.93435246806,282095774923.3517,292387163058.8687,96129262.73722427,34412668.98031834,32383.11984079376,20632.728107828647,4110.577227958474,10.749887619821205,3.865896877789168,1.3698368342183678
11,8220.0,137.0,2.283333333333333,27.227958853346813,27.05367971014435,0.0009065534878762559,81.30212225128447,81.17544214805878,81.2868388480221,1.0001880181770992,0.00018801817709934067,364.45750185158937,358.1389684316616,133.84153746258764,136.09050301625578,2.72305226584434,2.631623518864373,242266.01446832932,282110582080.2477,308392470896.5036,96223823.20142023,34441698.47812928,32444.9663757986,20684.818558849027,4117.281172069314,10.780294740169333,3.876291587946743,1.3733294206368458
11,8280.0,138.0,2.3,27.17347747217779,27.19414369338291,0.0009065534878762559,80.87505785469685,80.90894831440522,80.85994913462497,1.0001868504770728,0.0001868504770727025,364.801938796365,362.64192996423685,133.9487836899315,136.12488526938847,2.7234434591120964,2.6640384617887873,239859.52678240972,282125116288.959,263545133040.32947,96316801.51064935,34470262.44620967,32505.835578400438,20736.117585466156,4123.883213178602,10.81024899633321,3.886532819638254,1.3767710069657197
11,8340.0,139.0,2.316666666666667,27.119099130383578,27.20959958758897,0.0009065534878762559,80.4545300826577,81.08390419103814,80.43963271358105,1.0001851993672037,0.00018519936720365487,365.1405676890535,379.5777895738907,134.05429738367312,133.51886880399317,2.723825903499346,2.842877512174808,236213.22881749,282139380196.469,311713796889.263,96408214.33944017,34498365.648559645,32565.73565906794,20786.631431957347,4130.384213193199,10.839753139113466,3.8966215324053497,1.380161920129711
11,8400.0,140.0,2.3333333333333335,27.06476191833347,27.121896683546293,0.0009065534878762559,80.0400281870856,80.02792516654318,80.02535304535144,1.0001833811557925,0.0001833811557924958,365.47382696018127,359.6210459759042,134.15820909946046,135.91000875428924,2.724200251430243,2.6460232713696645,232152.65132238925,282153394867.44763,292714142203.0749,96498179.93414201,34526042.82834534,32624.741179941375,20836.421449443485,4136.791920855161,10.868842578743811,3.906569706103407,1.3835061335486982
11,8460.0,141.0,2.35,27.010476823348647,27.113765209260915,0.0009065534878762559,79.63162737156559,79.76680410040751,79.6171449369445,1.000181900954029,0.0001819009540288921,365.801674524983,361.3085562170888,134.26050522800784,133.63535805600048,2.724566497822725,2.703689812883809,228957.8240903013,282167158170.36304,291555517521.6991,96586686.81964985,34553290.3246132,32682.842253862455,20885.478604460903,4143.105283893572,10.897511302716282,3.916375323309526,1.3868029815444134
11,8520.0,142.0,2.3666666666666667,26.956129776610084,26.939778128896194,0.0009065534878762559,79.22835971797616,78.78612156357741,79.2141186219805,1.0001797797696093,0.0001797797696092293,366.12493111297425,361.7827991734937,134.36142863377515,133.90346817254675,2.7249258573374493,2.7018179895632257,224167.82879625284,282180711121.25745,294797335518.6385,96673956.48468722,34580172.808650225,32740.181117247856,20933.919163450624,4149.338930144451,10.925828183080121,3.9260615824624825,1.3900601214179387
11,8580.0,143.0,2.3833333333333333,26.901767521419416,26.88132853495133,0.0009065534878762559,78.83063144980348,78.82290957157157,78.8165999286734,1.0001780274858694,0.00017802748586943446,366.44328321365407,373.62471872975334,134.46088539279555,134.16262144013007,2.7252779285453688,2.7848644780430365,220320.94046504362,282194037581.7289,288042736109.1202,96759904.17485024,34606665.23563528,32796.70045674689,20981.69433079869,4155.486941406483,10.953764048844643,3.935618674155408,1.3932743189309873
11,8640.0,144.0,2.4,26.84735880267802,26.734633783722597,0.0009065534878762559,78.438159212413,78.51102863369115,78.42433770616204,1.0001762400124148,0.00017624001241488347,366.75697984759256,356.56200179752136,134.55894893422004,136.8214950972227,2.725623102383803,2.6060379002886593,216404.06345096685,282207149837.45764,298915951175.47986,96844597.02442244,34632787.13753405,32852.442101091285,21028.83814309785,4161.553622755101,10.981338521956264,3.9450532214191325,1.396447764190044
11,8700.0,145.0,2.4166666666666665,26.7929446455559,26.76290726894616,0.0009065534878762559,78.05122456674358,78.21971424610632,78.03760428323545,1.0001745348749904,0.00017453487499049283,367.0657954989131,370.79718359969115,134.65555250042505,134.08340457606025,2.7259610813134083,2.7654219011820547,212705.95720291897,282220036117.397,288215913648.5483,96927974.02835877,34658520.68991746,32907.36423079447,21075.316779214296,4167.534714179883,11.008530044275636,3.9543580076287634,1.399578089787219
11,8760.0,146.0,2.433333333333333,26.738524770120883,26.756110256844366,0.0009065534878762559,77.66978877986406,77.466958424371,77.65636866149089,1.0001728141375201,0.00017281413752006996,367.3697983647431,362.6009063795585,134.7507137051637,137.27651114926658,2.7262920415290193,2.641390747360174,208985.85398205207,282232700204.2604,246787770751.0341,97010053.53889073,34683870.578701906,32961.476788387474,21121.134891752376,4173.431100716015,11.035342536094662,3.963534305291831,1.402665695335929
11,8820.0,147.0,2.45,26.684121015590915,26.878350997994247,0.0009065534878762559,77.29397881161488,77.0816063745034,77.2807522890829,1.0001711489878167,0.00017114898781657329,367.6689133047184,353.0386010882242,134.84440817698072,137.65925662569586,2.7266159440750406,2.5645830853798537,205415.99321344393,282245138535.76025,297472375394.30774,97090815.19607861,34708830.2968788,33014.76443509094,21166.277230280808,4179.241101377543,11.061767461838956,3.972579211480948,1.405709609567052
11,8880.0,148.0,2.466666666666667,26.629721887054764,26.642555016542406,0.0009065534878762559,76.9236747757071,76.87572153759437,76.91064345918716,1.0001694345013101,0.00016943450131005075,367.96323439212404,370.31925984072143,134.9366656724367,134.1371565605934,2.726932910031786,2.7607507817823627,201744.17033136057,282257354761.8881,287378423960.45074,97170284.27562226,34733407.724587664,33067.24193812495,21210.758195555016,4184.966384211595,11.087811215414575,3.9814949649457523,1.4087106030557852
11,8940.0,149.0,2.4833333333333334,26.57532977381544,26.62356153978566,0.0009065534878762559,76.55886823745733,76.83673116120359,76.54602824274001,1.0001677421417166,0.00016774214171644895,368.25278754452336,370.8926098896723,135.02749280388662,131.66920268000027,2.7272430221256663,2.8168516429089654,198142.65321388963,282269350176.7853,287294804096.4349,97248467.69146499,34757604.6011582,33118.911940825245,21254.578800750183,4190.607179638853,11.113474187491937,3.9902816943320882,1.4116687153116312
11,9000.0,150.0,2.5,26.520930831372223,26.640358488280913,0.0009065534878762559,76.1994389743087,76.42930774813779,76.18678613277892,1.000166076588501,0.0001660765885009777,368.53768318299905,365.16203519509355,135.11692191729827,135.74017933655807,2.727546468299299,2.6901543594524093,194621.90970395991,282281130212.2,266706113439.03967,97325395.16644011,34781429.51641917,33169.79212558333,21297.753487014284,4196.165305066123,11.138764239149948,3.9989420598131895,1.4145848277256872
11,9060.0,151.0,2.5166666666666666,26.466536451998376,26.604559632487693,0.0009065534878762559,75.84543189121729,75.93270298726276,75.83296578987533,1.0001643889463125,0.00016438894631259823,368.81789990072895,370.03581403529853,135.2049462988596,134.25125616705182,2.7278432483193833,2.756293122314288,191067.30439977522,282292693383.23914,293439785272.8075,97401060.83915064,34804880.65768488,33219.87691791526,21340.276860358597,4201.640191767112,11.163677759013007,4.007474864212376,1.4174585509264253
11,9120.0,152.0,2.533333333333333,26.412147909755667,26.405042553485355,0.0009065534878762559,75.49682568835792,75.22801978841767,75.48454781277944,1.0001626541581587,0.00016265415815868282,369.0934691448183,368.45196764503214,135.29157489504513,129.99842394181695,2.728133436477099,2.834280266427993,187422.98308579047,282304040978.1072,280608640264.23206,97475473.11897232,34827960.38428664,33269.17013024615,21382.151479320684,4207.032233028567,11.188215792735072,4.0158804750440655,1.4202900106573588
11,9180.0,153.0,2.55,26.35775891110085,26.407743298511058,0.0009065534878762559,75.15356206488093,75.04820357539587,75.14146571411324,1.0001609810329455,0.00016098103294543434,369.36445567091,365.4017380657799,135.37682542853784,134.73980228193653,2.728417175551871,2.711906443956288,183941.0250617611,282315176664.59216,268792069563.0446,97548649.41308515,34850673.39762439,33317.68143655833,21423.384347005605,4212.34234899071,11.212382285767974,4.024160198896958,1.4230796278695388
11,9240.0,154.0,2.566666666666667,26.30336899865009,26.23371818093855,0.0009065534878762559,74.81561125523642,74.89561401622427,74.80369220495275,1.0001593377269535,0.0001593377269534932,369.63089854700405,367.4592416037888,135.46070885378282,135.83788094307172,2.728694554123337,2.7051308445969298,180546.29218827057,282326102275.3407,269340729816.13135,97620600.19579263,34873022.59498523,33365.41608558598,21463.979038854795,4217.571061537413,11.236179035807211,4.032314646086553,1.4258276044689409
11,9300.0,155.0,2.5833333333333335,26.248979456721923,26.11336395034983,0.0009065534878762559,74.48295200974864,75.03509995274777,74.47121150771146,1.0001576515515123,0.00015765155151221185,369.8928291750609,371.0106082128961,135.54323410535974,132.90671337295782,2.7289656441835954,2.791511420283038,177074.32839389195,282336819095.3319,254337767546.81818,97691333.8741996,34895010.33585645,33412.37803458786,21503.938107381855,4222.718776225186,11.259607226594815,4.040344227721326,1.428534079663437
11,9360.0,156.0,2.6,26.194589859462322,26.14177709018612,0.0009065534878762559,74.15555636415887,73.79113265209537,74.14399791648518,1.0001558918860394,0.00015589188603927216,370.1502847342685,363.428191950259,135.62441155878201,135.58719480770316,2.7292305306986626,2.6804020281243512,173460.122241771,282347328892.18665,280848288045.83484,97760860.41716081,34916639.36476077,33458.5722842253,21543.264911656905,4227.7859864642805,11.282668571806177,4.048249523513395,1.431199244456063
11,9420.0,157.0,2.6166666666666667,26.14020004481701,26.12718507695631,0.0009065534878762559,73.83341639318967,73.74269296145228,73.82202821982189,1.0001542652463282,0.00015426524632818704,370.4032813221864,360.47767540304477,135.7042451099158,132.02058915595984,2.7294892729565863,2.7304655865245517,170164.19710467831,282357632723.2492,279050071926.7341,97829184.0876894,34937910.69475049,33504.000060994826,21581.960403665216,4232.7727805241975,11.305362912331693,4.056030474946059,1.4338230759849613
11,9480.0,158.0,2.6333333333333333,26.0858094846947,26.02217074332791,0.0009065534878762559,73.51649636634839,73.78059683252464,73.5052779393185,1.0001526207007767,0.00015262070077674616,370.65186428832095,356.61495274634046,135.78274764550284,135.0268214170621,2.729741964391579,2.641067522761654,166849.2504140223,282367732631.4123,273622055109.8457,97896317.07269831,34958827.74364615,33548.66793116931,21620.02887535786,4237.6798175627255,11.32769278340851,4.06368793931173,1.4364058574718852
11,9540.0,159.0,2.65,26.031417778747514,26.171140839037207,0.0009065534878762559,73.20477025689651,73.40739057727235,73.19372431333207,1.0001509138067242,0.00015091380672411166,370.8960687735288,373.8387953932836,135.8599289145553,134.10720010767778,2.729988685676347,2.787611665094192,163420.61573042074,282377630315.62195,307848359349.2873,97962268.79760483,34979393.091327794,33592.58065732128,21657.473453069804,4242.507562611615,11.349659835944372,4.0712224719969585,1.4389477707957
11,9600.0,160.0,2.6666666666666665,25.977025374374545,25.931156380161855,0.0009065534878762559,72.89822480514125,72.96617847508966,72.88735026075634,1.0001491965937301,0.0001491965937301163,371.13591712314644,373.6909374453575,135.93579470667066,133.31225935123112,2.7302295022735024,2.8031250783981747,159994.2870686747,282387327041.72705,281534290638.4411,98027045.22792642,34999608.260242686,33635.74072401239,21694.29572955692,4247.256234069459,11.371264595202689,4.078634243660371,1.4414488684973719
11,9660.0,161.0,2.683333333333333,25.922633110175603,25.864042075122047,0.0009065534878762559,72.59685264286196,72.72618726753988,72.58614147676909,1.00014756489152,0.00014756489152000472,371.3714257778986,369.0551878909716,136.01034898433764,137.5799672288303,2.730464472381172,2.6824776551744587,156775.01116591925,282396823875.7196,288787704071.62787,98090650.73369366,35019474.285246864,33678.14958067393,21730.49658989077,4251.925937846465,11.392507081819183,4.085923252055126,1.4439091448464625
11,9720.0,162.0,2.7,25.86824027691447,25.745895271875618,0.0009065534878762559,72.30062309147013,72.38567398456387,72.29007579254171,1.0001459024466746,0.00014590244667447697,371.60263454086686,368.3419883267373,136.083602939236,137.90638134028802,2.7306936803164654,2.670956809589853,153513.46291793077,282406122674.3507,281455867244.5297,98153096.00972866,35038994.134444386,33719.81295334553,21766.079719187084,4256.517240171849,11.413389481644435,4.093090232151101,1.446328841013021
11,9780.0,163.0,2.716666666666667,25.81384682261802,25.956354781522123,0.0009065534878762559,72.0095153707413,72.23522777453903,71.9991356034102,1.0001441651659302,0.0001441651659302768,371.82957329469264,368.2373450867761,136.15556469328845,139.83675952136656,2.730917198516979,2.633337230833862,150120.20171698282,282415224958.5882,295714249201.75543,98214389.06880958,35058169.956252635,33760.73480856103,21801.047613568924,4261.030516630257,11.433913114193013,4.10013562265681,1.4487080985160916
11,9840.0,164.0,2.7333333333333334,25.759453176881877,25.88519867361883,0.0009065534878762559,71.72352151981276,71.44540526245304,71.71330664965511,1.0001424403731312,0.00014244037313126745,372.05225988567634,357.16062492991523,136.22623849534065,139.83805995417134,2.7311350881820147,2.554101687673344,146780.5414634537,282424131915.2197,280613588600.0117,98274534.66941996,35077002.86513782,33800.91695197929,21835.401229296076,4265.465899060384,11.454078224652928,4.107059490545132,1.4510469321275314
11,9900.0,165.0,2.75,25.705059773736963,25.765049530835594,0.0009065534878762559,71.44263185449397,71.561477028328,71.43257535756237,1.0001407830654467,0.0001407830654467951,372.2707120585292,360.5499221466598,136.2956287863124,136.18556584598574,2.731347405441625,2.647489988435419,143606.36108885828,282432844632.97504,286247766421.4749,98333537.54282393,35095494.02618089,33840.361216394966,21869.14172963467,4269.823536216386,11.473885089882822,4.113861919759529,1.4533453647457861
11,9960.0,166.0,2.7666666666666666,25.65066654988,25.777950925298942,0.0009065534878762559,71.16682448477079,71.0956814584632,71.15692632614957,1.000139103234671,0.0001391032346709784,372.4849577030008,372.77981742311357,136.36374334592156,134.12169347633073,2.731554213483985,2.7794147819114756,140412.1614367627,282441364476.79346,257542978149.82074,98391405.1653991,35113645.495973155,33879.071321852214,21902.271744015834,4274.103792617467,11.493334954801183,4.120543329592143,1.4556035338133095
11,10020.0,167.0,2.783333333333333,25.59627337043698,25.596990658366018,0.0009065534878762559,70.89608412759493,70.82870926097397,70.88634466513643,1.0001373954674135,0.0001373954674134577,372.6950219245605,364.2622122350239,136.43058841203705,135.4730324619494,2.7317555854774733,2.688817144012296,137189.05284329018,282449693061.71497,286930010058.43176,98448144.26488057,35131458.9223485,33917.050466840476,21934.793108241163,4278.306930281108,11.512428802798961,4.127104027897509,1.4578215307549398
11,10080.0,168.0,2.8,25.54188019182953,25.537095795894356,0.0009065534878762559,70.63039942177068,70.7185963046729,70.62081682314577,1.0001356908494687,0.00013569084946864912,372.90092483498563,373.14394954226515,136.49616910998844,132.01873471144157,2.73195157978758,2.8264469460176262,134000.73704845464,282457831563.3124,271118914748.5099,98503760.2204853,35148935.656154856,33954.30101582397,21966.70718701885,4282.433149885915,11.53116722288529,4.133544201131322,1.45999941147537
11,10140.0,169.0,2.816666666666667,25.48748699707251,25.588466234395455,0.0009065534878762559,70.3697539968555,70.13634826514003,70.36033024629855,1.0001339355645995,0.00013393556459954028,373.10269644835745,369.87337531551583,136.56049300587597,139.15987914946328,2.7321422780181637,2.6579023895116856,130742.39660403643,282465781773.96436,288055038669.6646,98558261.0992248,35166077.70476931,33990.82713207904,21998.015946768424,4286.482803592464,11.549551714752488,4.139864325503728,1.4621373210658426
11,10200.0,170.0,2.8333333333333335,25.43309379702124,25.327303259326772,0.0009065534878762559,70.11414839916439,69.73022421085862,70.10487338006334,1.0001323020590989,0.0001323020590989532,373.3003342157658,384.27476053741316,136.6235594689918,129.99215358625747,2.732327686869338,2.956138120155261,127750.7798167324,282473543560.42474,319629127250.41077,98611646.13905777,35182884.87406575,34026.62718574173,22028.719321866454,4290.455743792307,11.567580901255997,4.146063955795107,1.464235118603134
11,10260.0,171.0,2.85,25.378700593016628,25.336187179461533,0.0009065534878762559,69.86355487051308,70.20393769406338,69.8544354949342,1.0001305482681848,0.0001305482681848039,373.493882255379,369.0603806509295,136.68537967242392,139.32473470730474,2.7325079181876157,2.6489221847524527,124556.278275037,282481119640.50336,267827838291.10605,98663927.22878933,35199360.1382964,34061.707907288925,22058.82064662937,4294.352546568675,11.585257587581477,4.152143987248568,1.4662930795932911
11,10320.0,172.0,2.8666666666666667,25.324307385066504,25.23621455359145,0.0009065534878762559,69.61798059249529,69.79635668243586,69.60900673659037,1.0001289180283648,0.00012891802836478687,373.6833299210437,365.74712875112243,136.74595085394404,138.16899285619738,2.7326829612685812,2.6470999114235587,121627.3040157539,282488509387.8727,309440224516.4498,98715101.41814074,35215502.73405303,34096.06627955695,22088.31905840328,4298.172938919163,11.602579730008673,4.158103758255884,1.4683109948672501
11,10380.0,173.0,2.8833333333333333,25.269914176486004,25.210963880175285,0.0009065534878762559,69.37740251161247,69.56533232635184,69.36857815643467,1.0001272096879066,0.00012720968790664512,373.8687186200329,375.57486630318243,136.80528309019883,134.93086949804234,2.7328529291776897,2.7834613954565195,118580.14121560064,282495715536.4568,294209861306.6305,98765179.86869125,35231315.345255256,34129.708586780376,22117.21732637719,4301.9174302009105,11.619549931958371,4.163944085606234,1.470289109959497
11,10440.0,174.0,2.9,25.215520967619838,25.2510114258507,0.0009065534878762559,69.14181667302756,68.62532877429254,69.13314169324931,1.0001254822154146,0.00012548221541472225,374.0500559241921,372.851456219075,136.86337817074394,135.29521855523572,2.733017852719855,2.755836164800269,115529.0657614166,282502738613.56396,266973144152.5949,98814164.57149525,35246798.431264505,34162.63511730799,22145.51592560661,4305.586029449365,11.636167823449545,4.16966484196286,1.4722273808290411
11,10500.0,175.0,2.9166666666666665,25.161127757935223,25.206165774096615,0.0009065534878762559,68.91121797544831,68.8216032269796,68.90269019382454,1.0001237655830242,0.00012376558302412298,374.227353644241,373.3063196587145,136.92023866965138,133.57406416028695,2.733177777663261,2.794751526095307,112530.32285003402,282509579553.7599,270542543036.18146,98862058.66905366,35261952.663699485,34194.84692161335,22173.215468859373,4309.178791802214,11.652433420653832,4.1752660140736815,1.474125794902116
11,10560.0,176.0,2.933333333333333,25.106734548672918,24.99708878223285,0.0009065534878762559,68.68559706835529,69.31654117711518,68.67721743517376,1.000122014745129,0.0001220147451291736,374.40062879216833,372.5287939354417,136.97586870225336,138.99621292711217,2.7333327566332795,2.6801362863806295,109502.72203831293,282516239492.9566,269770173074.1822,98908866.71521425,35276779.12761578,34226.34602570739,22200.317079320997,4312.695872369111,11.668347244746466,4.1807477579396455,1.4759843952768397
11,10620.0,177.0,2.95,25.052341339191187,25.101695537447434,0.0009065534878762559,68.46495189629508,67.90431140360936,68.45671812047787,1.0001202771041802,0.00012027710418007991,374.5698932308751,357.5172387926904,137.0302704395151,137.18263062497806,2.7334828430934865,2.606140713032763,106533.05527410435,282522719547.13293,293972379281.5718,98954591.8738927,35291278.39018881,34257.13351920091,22226.821003892797,4316.1373012131235,11.683909348589257,4.1861100581295485,1.4778031630335173
11,10680.0,178.0,2.966666666666667,24.9979481299011,24.980678671374072,0.0009065534878762559,68.24927572252545,67.92127033316125,68.24118790332841,1.000118518147845,0.00011851814784498612,374.7351616226541,378.2647146741189,137.08344720641935,136.7447335058416,2.7336280875573573,2.7662104782847803,103560.48502967096,282529020801.5625,282259280020.36127,98999238.0666039,35305451.32651235,34287.211048143676,22252.728051793052,4319.5031870309,11.699120084064491,4.191353009648508,1.4795821196089127
11,10740.0,179.0,2.9833333333333334,24.94355492076236,25.02204084349241,0.0009065534878762559,68.03856570084761,68.46016105188794,68.03062339387988,1.0001167460559894,0.00011674605598938522,374.8964454043597,375.24288694513837,137.13540117381098,142.10533456157296,2.7337685396727043,2.6405967664961163,100601.0446624526,282535144305.522,268194538557.9683,99042808.34397142,35319298.50404109,34316.579683677344,22278.038564907507,4322.793565473434,11.713979520502436,4.196476605606745,1.4813212501375672
11,10800.0,180.0,3.0,24.889161711574374,24.984688521936473,0.0009065534878762559,67.83282021904832,67.8208477091616,67.82502217302816,1.0001149729962528,0.00011497299625295093,375.05375502619677,384.65253453171186,137.1861341543646,140.0210581516501,2.7339042486916263,2.747104897001372,97676.76598451064,282541091099.36035,263142953879.5731,99085305.49143903,35332820.3951785,34345.240338068594,22302.75273689541,4326.00845093585,11.728487657118993,4.201480812917537,1.4830205301096009
11,10860.0,181.0,3.0166666666666666,24.834768502445876,24.74018299478899,0.0009065534878762559,67.63203539827362,68.24813856811264,67.62438280761705,1.0001131631866915,0.00011316318669159266,375.20710275621514,380.5976567105804,137.23564861421673,135.64530123149441,2.7340352637597842,2.805830008523822,94728.2043186701,282546862243.58875,284110144331.4962,99126732.7878559,35346017.64736628,34373.194287952545,22326.871033685162,4329.147902623994,11.742644691135647,4.206365668268044,1.484679959326436
11,10920.0,182.0,3.033333333333333,24.780375293289065,24.793564244478365,0.0009065534878762559,67.43621346027693,67.42972396328986,67.42870486245559,1.00011135610326,0.00011135610325986073,375.3564948972205,376.2196701947387,137.28394498585823,139.60298922625972,2.7341616307419367,2.694925604959544,91823.60121646967,282552458696.3474,290252236264.1333,99167091.89832045,35358890.36471667,34400.44172559654,22350.39318839948,4332.211849608666,11.75645027646842,4.211131016600023,1.4862994707676256
11,10980.0,183.0,3.05,24.725982084062636,24.567956863727083,0.0009065534878762559,67.24535367784904,67.70636740715928,67.23798891576577,1.0001095327537606,0.00010953275376062482,375.50194071735893,359.33284198792273,137.33102470578655,136.84707118673646,2.734283396791234,2.6257985565331565,88932.30255319567,282557881468.93054,263686461438.18018,99206385.29268491,35371438.92046274,34426.983418353724,22373.31928839082,4335.200288257722,11.769904371807673,4.215776808903827,1.4878790338482453
11,11040.0,184.0,3.066666666666667,24.67158887489763,24.74863303238738,0.0009065534878762559,67.05945791141362,67.41107303317497,67.05223657468451,1.0001076971790652,0.00010769717906515219,375.6434470940742,377.8070125541278,137.3768885315685,133.69941010479445,2.7344006048568588,2.8257941621283167,86062.39223010693,282563131430.2477,280136064871.54987,99244614.79588318,35383663.50707093,34452.819728966424,22395.649110184862,4338.113175124325,11.783006743950468,4.2203029322755405,1.4894185972048475
11,11100.0,185.0,3.0833333333333335,24.61719566571347,24.79851722377633,0.0009065534878762559,66.87852851971134,67.36165198690193,66.87145048961068,1.0001058453203697,0.00010584532036967771,375.7810202017176,376.7087654780269,137.42153685794287,141.85060204417542,2.7345132996887864,2.655672658764687,83208.81299269352,282568209531.75903,288364254295.9754,99281782.04301496,35395564.22016943,34477.95089732926,22417.382370449403,4340.950442969382,11.795757103367935,4.224709249305955,1.4909180991886937
11,11160.0,186.0,3.1,24.562802456480497,24.481675517808732,0.0009065534878762559,66.70256898233725,66.87474982717228,66.69563437144727,1.0001039739850341,0.00010397398503422555,375.9146651555629,385.8415771357016,137.46496976306838,139.27176988752205,2.7346215243307523,2.770422013357861,80368.27834954728,282573116673.9087,295903680981.15405,99317888.3841826,35407141.07131576,34502.3769943838,22438.518651215058,4343.712006656504,11.808155085857294,4.228995596990714,1.4923774695492786
11,11220.0,187.0,3.1166666666666667,24.508409247202007,24.4728158239685,0.0009065534878762559,66.53158400475753,66.49291962972202,66.52479300846213,1.0001020821860287,0.00010208218602865474,376.04438623372874,384.47969499364433,137.50718695970747,139.1828836719452,2.7347253227128974,2.7624064457513686,77541.20606291131,282577853776.65875,281831558788.45844,99352934.94465707,35418393.97510159,34526.097952837525,22459.05738726067,4346.397758476615,11.820200265311252,4.233161787265573,1.4937966281257773
11,11280.0,188.0,3.1333333333333333,24.454016037933783,24.449652130370506,0.0009065534878762559,66.36557969105239,65.99524783953858,66.35893228392564,1.0001001735093975,0.00010017350939746052,376.1701870197634,365.54175533452616,137.54818775959563,135.71284278702566,2.734824741400644,2.6934942031106903,74734.96350248322,282582421822.08887,274181767173.48877,99386922.66372888,35429322.73981874,34549.113587391046,22478.99784536339,4349.007564926354,11.83189216226576,4.237207607327708,1.4951754839495044
11,11340.0,189.0,3.15,24.399622828648504,24.304045761330766,0.0009065534878762559,66.20456255657459,66.82736186147663,66.1980591939655,1.000098240986039,9.824098603896448e-05,376.29206969571464,384.312825063485,137.58797125540195,141.26893678973354,2.7349198208411027,2.7204340444318698,71941.08611510057,282586821646.56805,318945570823.62225,99419852.10175227,35439927.11500986,34571.423491690584,22498.33924289826,4351.541282722997,11.843230199151686,4.241132817410529,1.4965139395418927
11,11400.0,190.0,3.1666666666666665,24.345229619353294,24.21061055115618,0.0009065534878762559,66.0485403838383,65.7645745429546,66.0421818669124,1.0000962796313835,9.627963138337212e-05,376.410035654941,380.63396691796896,137.62653616299434,136.13578599783588,2.7350106029635866,2.7959875805471146,69154.75141412462,282591054120.9133,265562142445.50204,99451723.60735933,35450206.75023182,34593.02712700793,22517.080645028742,4353.998744875948,11.854213738512202,4.244937152541998,1.4978118871397437
11,11460.0,191.0,3.183333333333333,24.290836410047618,24.341046242424223,0.0009065534878762559,65.89752288179871,66.42748097695556,65.89130958286272,1.000094296182233,9.429618223289225e-05,376.5240855287658,381.61820940474234,137.6638806602598,139.69698068213083,2.7350971345780106,2.7317570325523617,66388.23803587828,282595120221.5013,298504499935.9171,99482537.32525223,35460161.15242052,34613.92381646729,22535.220885513983,4356.379748633598,11.864842076970316,4.248620314992185,1.4990692040413485
11,11520.0,192.0,3.2,24.236443200739135,24.279492844123492,0.0009065534878762559,65.75152032713909,65.38032889676461,65.74545279417127,1.0000922882527985,9.228825279848033e-05,376.6342188934605,398.3612724422448,137.70000269807005,136.68523805813737,2.735179459068662,2.9144425404066436,63640.50620002317,282599020847.54395,319769214852.6285,99512293.1154093,35469789.76793094,34634.112716507225,22552.75872991754,4358.684079536326,11.875114437959422,4.252181984834835,1.5002857611859224
11,11580.0,193.0,3.216666666666667,24.182049991439712,24.20041633461677,0.0009065534878762559,65.61054390663479,65.03175128760589,65.60462314665395,1.0000902491272239,9.024912722390709e-05,376.74043434407815,374.5336988713098,137.73489992192543,141.41778361922061,2.735257618494893,2.648420087531379,60904.97557624111,282602756867.13135,288804455894.0989,99540990.57341164,35479091.96185528,34653.59282375905,22569.69283448262,4360.911505339575,11.885029973289692,4.255621817213832,1.5014614209736439
11,11640.0,194.0,3.2333333333333334,24.127656782156393,24.160241458199124,0.0009065534878762559,65.47460621648973,65.30513999154527,65.46883350158625,1.0000881750077821,8.817500778208013e-05,376.8427295728282,376.0760921558301,137.76856954186965,134.52472960134656,2.7353316567484636,2.7955907681085996,58179.75093072314,282606329185.5548,306064451641.747,99568629.05212125,35488066.9836112,34672.362979453166,22586.021686151693,4363.061766063556,11.894587762515416,4.258939437117607,1.502596033577874
11,11700.0,195.0,3.25,24.073263572865287,24.01438773520806,0.0009065534878762559,65.34372188074937,65.53360098447486,65.33809795848425,1.0000860741656221,8.607416562216426e-05,376.9411013294252,384.5686765349157,137.80100809767006,135.31775778019255,2.735401623929038,2.8419675498880297,55479.00825278001,282609738835.3832,247084124669.46848,99595207.6512479,35496713.904479206,34690.42184800311,22601.74352828267,4365.134556617073,11.90378679802704,4.262134427042427,1.5036894300088355
11,11760.0,196.0,3.2666666666666666,24.018870363582028,23.826399506175076,0.0009065534878762559,65.2179055742913,65.4308447491032,65.21243187898457,1.0000839363776048,8.39363776047602e-05,377.0355454287234,378.9238317326712,137.83221214528487,137.5463366371681,2.735467562773362,2.75488130761512,52792.69020558073,282612986693.2539,293037622229.9684,99620725.21816307,35505031.79998053,34707.76796120738,22616.856598127484,4367.129577866577,11.912626019682152,4.265206361089187,1.504741442149935
11,11820.0,197.0,3.283333333333333,23.964477154308348,23.98200326967123,0.0009065534878762559,65.09717352200002,65.12491182052865,65.09185191129696,1.0000817554048134,8.175540481342484e-05,377.1260567449274,390.46255786901946,137.8621777363121,140.4004443522455,2.7355295189537294,2.7810635477007635,50116.955771127024,282616073694.6322,264630596984.19998,99645180.3472521,35513019.61157021,34724.39968448468,22631.35894675106,4369.04649790216,11.921104288355224,4.268154779062331,1.5057518875552895
11,11880.0,198.0,3.3,23.91008394504087,23.666614679807616,0.0009065534878762559,64.9815438005842,64.7822579316492,64.97637601573281,1.0000795332883776,7.953328837766211e-05,377.2126290379835,377.55334883772383,137.89090025219426,141.86330626075164,2.735587543108965,2.6613883377549543,47458.72546476354,282619000870.4429,299811913707.3214,99668571.33280502,35520676.102320835,34740.31517809493,22645.248402776986,4370.884940260585,11.929220364282497,4.2709791754255555,1.5067205643357826
11,11940.0,199.0,3.316666666666667,23.855690735775013,23.733694139094087,0.0009065534878762559,64.87103577978114,64.47826135703953,64.86602349116909,1.0000772714025352,7.727140253530224e-05,377.295255096858,378.6213414048314,137.9183746481635,141.48398428598716,2.735641687043924,2.676072089117233,44823.96637981427,282621769272.427,278384245808.4162,99690896.20768538,35527999.921949,34755.51243565864,22658.522639510084,4372.6445015967165,11.936972930098323,4.273679013667095,1.5076472584866427
11,12000.0,200.0,3.3333333333333335,23.801297526510172,23.76231276333446,0.0009065534878762559,64.76566938721227,64.77511034017981,64.76081500249511,1.000074958672416,7.49586724159648e-05,377.3739269280311,384.68265849174435,137.94459577417237,131.8494322484033,2.7356919987342305,2.9175905571364558,42204.52210038984,282624379874.9393,295306580600.52563,99712152.79419011,35534989.69235993,34769.989334966376,22671.179263242084,4374.324774966848,11.944360621280506,4.27625374526724,1.50853175355824
11,12060.0,201.0,3.35,23.746904317242695,23.869507154485383,0.0009065534878762559,64.66546610492217,64.97097590208064,64.66077260905358,1.0000725864489275,7.258644892740785e-05,377.4486354999801,379.7524450617032,137.96955793984984,138.65964446556114,2.7357385291075245,2.738738055512772,39596.50247804985,282626833708.0672,293400973165.36475,99732338.6350692,35541643.89167598,34783.743569046936,22683.215693547198,4375.925318291143,11.951381984898255,4.278702784025069,1.5093738175704097
11,12120.0,202.0,3.3666666666666667,23.693452491086077,23.73357381002397,0.0006653511147823022,64.57187082681007,64.2691554886541,64.56751714271542,1.0000674283956905,6.74283956905127e-05,377.5182923398158,380.53057949440534,137.9929077736034,133.15455396351905,2.735780399375214,2.857811228887155,34185.86547062856,282629091269.58167,275926129795.3388,99751159.60913713,35547868.31675359,34796.57485148801,22694.458369596698,4377.423525589234,11.95793470379093,4.280990782877939,1.5101614249895865
11,12180.0,203.0,3.3833333333333333,23.651504164928674,23.711342411441272,0.0006653511147823022,64.50149687994578,64.18228773604912,64.49785649432584,1.0000564419628466,5.644196284649658e-05,377.57031261157573,386.4080358351611,138.01058628828565,138.5485023409868,2.7358068881968363,2.7889730260970858,23962.210587538084,282630682823.35144,302669638106.20264,99765215.13330136,35552580.92636419,34806.17338432868,22702.91169654737,4378.560458396733,11.962841339097087,4.282711799240456,1.5107567855989277
11,12240.0,204.0,3.4,23.611796158924317,23.584109782086305,0.0006653511147823022,64.43825653369866,64.58892550328184,64.43478414117989,1.000053890031061,5.3890031060943965e-05,377.61693597816316,381.6047934816303,138.02651227480405,135.71036856208661,2.7358290067226085,2.8119059547542866,21851.67953685651,282632078866.5399,293520454269.58405,99777812.27544606,35556826.3631666,34814.78175595154,22710.508134535005,4379.585591333855,11.967243667191461,4.284258562887119,1.5112928516917195
11,12300.0,205.0,3.4166666666666665,23.571590420011102,23.785233408529077,0.0006653511147823022,64.37721215390151,64.65696395779831,64.3737742071078,1.000053406015665,5.340601566484527e-05,377.6618965932333,358.71387451150764,138.04189650637173,140.8732120315288,2.735849811914176,2.546359732546057,21467.848057803138,282633415859.54236,285222024841.14667,99789960.20873211,35560927.425069295,34823.08556171861,22717.8407927689,4380.5762145374965,11.971491138165305,4.285751759664547,1.511810668069812
11,12360.0,206.0,3.433333333333333,23.531673886777618,23.35669053186646,0.0006653511147823022,64.31937820499992,63.88713059296045,64.31605432228292,1.0000516804513588,5.168045135888469e-05,377.70442052342094,360.8746368822971,138.05649409698978,137.96003726343778,2.7358685514501744,2.615791094584868,20109.14178889776,282634662552.39655,285213790598.7291,99801450.31949131,35564818.90655681,34830.94341525271,22724.787813657982,4381.516776432843,11.975511758870882,4.287166710658757,1.5123019129165498
11,12420.0,207.0,3.45,23.491809604662542,23.330503943057735,0.0006653511147823022,64.26447962012075,63.90924769966763,64.26125703364873,1.000050148201588,5.014820158797883e-05,377.74472479060745,367.05348414064997,138.07036920752353,140.25439475405656,2.7358855267696636,2.61705513602121,18939.89968425715,282635829984.03076,276572844420.12646,99812340.64956905,35568517.69908159,34838.39407897529,22731.38223826809,4382.411214255636,11.979325049538401,4.2885099527352395,1.5127687282310986
11,12480.0,208.0,3.466666666666667,23.451917919111175,23.586212563860922,0.0006653511147823022,64.21239862264954,64.62904414162756,64.20928233164675,1.000048533341125,4.8533341125063294e-05,377.7829106175391,374.7892792259024,138.0835470975705,139.89069100612377,2.735900971247472,2.679158109309045,17744.625398294585,282636924997.4613,274464822939.05786,99822658.53513962,35572030.61163403,34845.45551765371,22737.638213940307,4383.261069319327,11.982939968356014,4.289784347284188,1.5132119997417948
11,12540.0,209.0,3.4833333333333334,23.41201759538965,23.594803429844728,0.0006653511147823022,64.1631845217473,64.03622894225613,64.16017116110469,1.0000469662188876,4.6966218887500326e-05,377.8189440805489,391.72373290736243,138.09601521761644,140.8237543069817,2.735914888530048,2.7816594922859665,16621.512846571528,282637947018.51807,296971255638.1996,99832394.87102169,35575354.33165637,34852.12133190935,22743.54981765229,4384.065520056736,11.986353168497011,4.290988690480289,1.5136312999245078
11,12600.0,210.0,3.5,23.372098096971087,23.243759403103606,0.0006653511147823022,64.11680796098241,64.34463496286868,64.11392667005212,1.0000449401725948,4.494017259491697e-05,377.8528453696808,373.07806890484005,138.10778101896307,135.57344685337085,2.73592727782513,2.7518520592630633,15222.12164321798,282638896395.63367,304046803644.15643,99841555.0677537,35578490.8237647,34858.395148177864,22749.120575702123,4384.825034503939,11.989566458089843,4.292123635491955,1.514026861720209
11,12660.0,211.0,3.5166666666666666,23.33218242066672,23.223340894044913,0.0006653511147823022,64.07336548358369,64.35568920286507,64.07059076477098,1.0000433072144268,4.33072144268096e-05,377.88455463174756,382.8337380130803,138.11881800809317,139.84513450793511,2.7359382311656124,2.737554934321705,14139.232179298311,282639773919.5417,281182277661.8768,99850122.98808628,35581433.042235434,34864.26543343381,22754.338891305575,4385.537834826532,11.992573774557597,4.293186858524532,1.5143978071497248
11,12720.0,212.0,3.533333333333333,23.292261432578847,23.41213746360331,0.0006653511147823022,64.03281874440985,63.90084979100668,64.03016778669284,1.0000414016987405,4.140169874050821e-05,377.91409563930137,364.262700314265,138.12913670772977,135.13527775991872,2.73594771274751,2.6955411373883726,12925.120373009864,282640579276.1778,273098339873.00183,99858105.0356077,35584183.783310845,34869.736627264334,22759.209370485616,4386.20461143805,11.995377382988545,4.294179233464957,1.5147444683024827
11,12780.0,213.0,3.55,23.25233827419783,23.286152254066575,0.0006653511147823022,63.99519719329072,63.84859022091366,63.99267633674531,1.0000393928913387,3.939289133875216e-05,377.94145378217496,375.26046926030654,138.13872791739948,137.72883419134007,2.735955799507335,2.724632583028875,11703.62010941396,282641313748.14087,271161006365.5473,99865497.27384521,35586740.59499744,34874.80568136619,22763.72847572515,4386.824718165085,11.997975603392131,4.295100034411899,1.5150665427520205
11,12840.0,214.0,3.566666666666667,23.2124165953962,23.07442567590743,0.0006653511147823022,63.96053323811477,64.10577493359368,63.95813502862647,1.0000374965512553,3.749655125536056e-05,377.9666128011056,384.2674448978257,138.1475815681952,141.04473000338373,2.7359625735795174,2.7244367434969528,10605.876920155228,282641978695.01514,290858113018.75037,99872295.32243444,35589100.79430163,34879.469229999435,22767.892314184723,4387.397450334918,12.000366590810643,4.295948467478696,1.5153637007568366
11,12900.0,215.0,3.5833333333333335,23.172494014374564,23.164817516341696,0.0006653511147823022,63.92880573270319,64.48716788555096,63.926557367480974,1.000035171066843,3.5171066843006186e-05,377.98958330525346,365.4358112628748,138.15570423007273,139.16475131212007,2.7359679820080527,2.6259222095922246,9332.70861388613,282642573229.66785,290299277811.29266,99878502.03417611,35591266.12983546,34883.72933325921,22771.703425945874,4387.923252295216,12.002551411139521,4.296725002973671,1.5156361412005845
11,12960.0,216.0,3.6,23.132572818010864,23.16563510268141,0.0006653511147823022,63.90006849963288,64.31442587301223,63.89796126625239,1.0000329781003765,3.2978100376502596e-05,378.0103365139716,379.4479046096564,138.1630793983175,141.35512386472175,2.735972143644729,2.684359040092468,8206.419667653723,282643099164.56067,293033964787.64795,99884109.63304603,35593232.201711774,34887.58018475482,22775.155345834202,4388.400984332406,12.00452693965647,4.2974283278194925,1.5158833284186326
11,13020.0,217.0,3.6166666666666667,23.09265177354272,22.997476887890272,0.0006653511147823022,63.87432157980811,63.82690596491973,63.872362365569025,1.0000306738966045,3.067389660449486e-05,378.0288796552663,383.1583989085765,138.16970476051748,137.1531996312767,2.7359751568586224,2.793652644915768,7100.669853908951,282643558515.7764,283278099416.3834,99889120.090916,35594998.39131148,34891.02279060525,22778.248068936275,4388.830443002446,12.006293581419408,4.2980584286861045,1.5161051996740622
11,13080.0,218.0,3.6333333333333333,23.052730709426907,23.24167647850887,0.0006653511147823022,63.851592983324416,63.65177718965202,63.849777784301565,1.000028429214413,2.8429214412968817e-05,378.0452038540185,378.72967824783774,138.17556939147275,136.06887488588413,2.7359771739601664,2.7833674568520106,6100.187591170945,282643953870.6199,285463898817.6679,99893530.922015,35596561.789345354,34894.054940195274,22780.978230676057,4389.210844163297,12.007850046501295,4.298614601371181,1.5163014174148366
11,13140.0,219.0,3.65,23.0128096462037,22.89696956143747,0.0006653511147823022,63.83189647428507,63.46313791184855,63.83022533831909,1.0000261809504372,2.6180950437202668e-05,378.0593145657933,367.17192415384267,138.18066454719423,137.38114969181936,2.7359784077219493,2.672651415259678,5174.035349267279,282644288990.36084,276178339080.4932,99897343.7441362,35597920.05246903,34896.67714184939,22783.34417770781,4389.541519702269,12.009196420721358,4.299096525351109,1.5164717394276537
11,13200.0,220.0,3.6666666666666665,22.972888580502392,22.95890579211026,0.0006653511147823022,63.815218455414595,63.82470243711505,63.813723397069005,1.000023428476917,2.3428476916904175e-05,378.07121274184556,373.9207188817463,138.18499673844363,140.1782270154533,2.7359787362260333,2.667466459256366,4143.667250515296,282644561834.32764,284555935644.3727,99900558.68072732,35599074.93151112,34898.88974314216,22785.3475433379,4389.822943380015,12.01033293958068,4.299504491970843,1.5166163447408796
11,13260.0,221.0,3.683333333333333,22.93296751256475,22.932542957445197,0.0006653511147823022,63.801563559585546,64.34504344734998,63.800290911595546,1.0000199473697033,1.994736970342399e-05,378.08089587138113,384.61587140425695,138.18856449124232,136.4518790825394,2.735978170576784,2.8186923770511343,3003.9956309249774,282644772530.262,281257556053.8276,99903175.06020196,35600026.03206867,34900.692216387375,22786.987771065113,4390.055009853552,12.011259305217722,4.29983837602689,1.5167351822864394
11,13320.0,222.0,3.7,22.893046445485144,23.108641131528373,0.0006653511147823022,63.79100548683286,63.76202588387072,63.78994742397246,1.0000165866708335,1.6586670833407097e-05,378.0883353460904,369.3291978949687,138.19134034012748,137.556232611909,2.735977047588578,2.6849324882062366,2077.1633225294677,282644925936.2798,281779181133.8438,99905185.2398633,35600766.02063766,34902.07842107935,22788.2560080324,4390.23578950274,12.01197211587087,4.300096403927859,1.5168274219817672
11,13380.0,223.0,3.716666666666667,22.853125378615292,22.831536223764335,0.0006653511147823022,63.78353564460994,63.5151240526813,63.782713076536105,1.0000128964108637,1.2896410863696765e-05,378.093555671642,375.98266552852596,138.1933199436026,139.02671947798223,2.735975630558292,2.7043914072076674,1255.7610681772571,282645026568.55615,304785633850.4878,99906595.80527332,35601293.74170107,34903.052246173465,22789.153286377496,4390.364897636211,12.012473184255985,4.300278802839531,1.516892990575835
11,13440.0,224.0,3.7333333333333334,22.8132043117568,22.79162176093002,0.0006653511147823022,63.77913339207102,63.6199679555404,63.7786086252007,1.0000082279447864,8.227944786384031e-06,378.0965958682642,391.6193726848328,138.19449984830484,139.68477349406618,2.7359742702010443,2.8035938555713003,511.1661749113727,282645079812.5383,270884947433.1937,99907417.29053944,35601608.27889849,34903.62022443499,22789.682085481272,4390.44199172279,12.012765663342563,4.300386138123248,1.5169318834238488
11,13500.0,225.0,3.75,22.773283244879813,22.8170429457759,0.0006653511147823022,63.7756326231021,63.660649622737424,63.77765545120012,0.9999682831222987,0.0,378.099024442294,377.9529019559726,138.19543414441875,137.6384605993804,2.735973346609759,2.7459832107252877,0.0,282645123994.19385,268710004528.67285,99908073.50900595,35601857.34246491,34904.07368268377,22790.102598270332,4390.502996181869,12.012999101487893,4.300471542766625,1.5169627368354501
11,13560.0,226.0,3.7666666666666666,22.733362177999698,22.850000094600176,0.0006653511147823022,63.773544540492246,64.1695692910394,63.779875573268654,0.9999007362005726,0.0,378.1004710595201,378.0518232057243,138.1959921262627,135.4181275742778,2.7359727676767127,2.7917371918937532,0.0,282645150031.24927,276858664780.5922,99908464.39582926,35602006.08862929,34904.34383727191,22790.353419004245,4390.539436876215,12.013138188529972,4.30052247515049,1.5169811532181654
11,13620.0,227.0,3.783333333333333,22.69344111111932,22.621789469423025,0.0006653511147823022,63.77316838567266,63.98057210006561,63.785291660205026,0.9998099362060309,0.0,378.1007199588575,382.4180854563418,138.1960969126678,133.16387831251387,2.735972494200006,2.8717854293704868,0.0,282645152817.42285,298675152927.89636,99908531.65171586,35602034.0224848,34904.390584086,22790.39860276636,4390.546324334224,12.01316232853479,4.300531596403099,1.5169845506687885
11,13680.0,228.0,3.8,22.653520044236725,22.653474714622146,0.0006653511147823022,63.77251471824522,64.11491789546895,63.79392704379408,0.9996643516625938,0.0,378.1011679784155,379.90416807908497,138.19627335303693,139.47285006590246,2.7359722429888995,2.723857495559717,0.0,282645160180.5985,300918979853.2904,99908652.7105522,35602081.05776574,34904.47436123332,22790.47712137626,4390.557865566302,12.013205490774038,4.3005475184142465,1.5169903489200434
11,13740.0,229.0,3.816666666666667,22.61359897735254,22.572498114747532,0.0006653511147823022,63.772229590933684,64.41073815186168,63.80580573207596,0.9994737760810785,0.0,378.10136150768835,379.5588963168659,138.19635100728726,136.60093003081747,2.7359721060055384,2.7785967213490905,0.0,282645163083.9235,305135203727.8775,99908705.00410125,35602101.7587535,34904.51059353837,22790.511370903176,4390.562952117173,12.013224169672405,4.300554454811824,1.5169928910336827
11,13800.0,230.0,3.8333333333333335,22.573677910466955,22.59805000334471,0.0006653511147823022,63.772493640445,63.84951255213849,63.820952422988725,0.9992407073115651,0.0,378.1011737169222,379.2846536861032,138.19628222027524,134.27993798890466,2.735972108962058,2.824581686338304,0.0,282645159000.6885,279724929829.4432,99908654.26221292,35602083.42159459,34904.47563364607,22790.479653244158,4390.558478043227,12.013206200955866,4.300547991682877,1.5169905953136857
11,13860.0,231.0,3.85,22.533756843580658,22.553228932308986,0.0006653511147823022,63.77258996605241,63.784592196743546,63.839392518377764,0.9989535841478109,0.0,378.1011048921727,378.92216157742024,138.19625724288852,139.98701435691893,2.7359721054357973,2.7068379400627727,0.0,282645157459.2905,265792127759.1517,99908635.66550152,35602076.7631533,34904.46282798034,22790.468082600622,4390.5568546837885,12.013199621024404,4.30054563245859,1.5169897600056514
11,13920.0,232.0,3.8666666666666667,22.493835776694358,22.381940481328467,0.0006653511147823022,63.772656662942595,63.4675546790969,63.8611521384036,0.9986142518182383,0.0,378.10105680192885,373.475330675907,138.19624010711004,139.43025653657463,2.735972096700162,2.6785816791346067,0.0,282645156321.16907,282071076813.1887,99908622.67138422,35602072.19511892,34904.45388977571,22790.460070962163,4390.555742664181,12.013195030942454,4.300543996900243,1.5169891845997483
11,13980.0,233.0,3.8833333333333333,22.45391470980806,22.33978229925293,0.0006653511147823022,63.77272335983278,64.57033959900724,63.88625813633407,0.9982228607557668,0.0,378.10100871168504,390.4759867239292,138.19622297133157,136.23701696692493,2.735972087964525,2.8661519124330757,0.0,282645155183.04755,277265692342.25946,99908609.67726699,35602067.62708455,34904.44495157224,22790.452059323703,4390.5546306447095,12.013190440861676,4.300542361342306,1.5169886091939877
11,14040.0,234.0,3.9,22.41399364292123,22.47070923022018,0.0006653511147823022,63.772734445307066,63.69554219302551,63.914738113766234,0.9977782328043587,0.0,378.10100071876127,391.7350749011823,138.19622012324928,135.80785402427165,2.7359720865126023,2.8844802660026656,0.0,282645154993.884,264258962978.76968,99908607.5175568,35602066.86784634,34904.44346598247,22790.4507277352,4390.554445819566,12.013189677959307,4.300542089501554,1.516988513557673
11,14100.0,235.0,3.9166666666666665,22.374072576034393,22.243646845796373,0.0006653511147823022,63.772744857901735,64.06770281624259,63.94662043625524,0.9972809262292942,0.0,378.1009932110017,383.39564733605044,138.19621744804337,139.86243929000966,2.735972085148811,2.741233810037205,0.0,282645154816.20264,295247787779.90436,99908605.48893939,35602066.15469331,34904.442070566896,22790.449476973077,4390.5542722131695,12.013188961364564,4.300541834161338,1.516988423726412
11,14160.0,236.0,3.933333333333333,22.334151509147553,22.380127175914946,0.0006653511147823022,63.772755270496404,64.09548344305911,63.98193424938245,0.996730655593019,0.0,378.1009857032421,381.9753633419937,138.19621477283744,133.3919911428733,2.735972083785019,2.863555450888113,0.0,282645154638.52124,264248518401.21014,99908603.46032193,35602065.44154027,34904.4406751513,22790.448226210952,4390.554098606773,12.013188244769822,4.300541578821123,1.5169883338951524
11,14220.0,237.0,3.95,22.294230442260716,22.301662698068725,0.0006653511147823022,63.77276568309107,63.57609046626819,64.02070949527828,0.9961271311401899,0.0,378.10097819548247,394.4309513679893,138.19621209763153,139.44261137467515,2.735972082421227,2.828625679622232,0.0,282645154460.8397,266466457514.7285,99908601.43170445,35602064.72838722,34904.43927973572,22790.44697544883,4390.553925000379,12.01318752817512,4.300541323480919,1.516988244063896
11,14280.0,238.0,3.966666666666667,22.25430937537388,22.196012200781368,0.0006653511147823022,63.77277609568575,63.895042164617635,64.06297692960167,0.9954700694874853,0.0,378.10097068772296,383.63369986722694,138.1962094224256,142.35218001148056,2.7359720810574353,2.694961888439554,0.0,282645154283.1583,288025052341.3063,99908599.40308702,35602064.01523418,34904.43788432023,22790.44572468671,4390.553751393989,12.013186811580455,4.300541068140732,1.5169881542326447
11,14340.0,239.0,3.9833333333333334,22.21438830848704,22.287471384578755,0.0006653511147823022,63.77278650828042,64.20771960037443,64.10876813899537,0.9947591937816289,0.0,378.10096317996334,363.47192807158416,138.19620674721966,138.55491389144817,2.7359720796936435,2.62330593598686,0.0,282645154105.4769,286033829596.2845,99908597.37446955,35602063.30208115,34904.436488904736,22790.444473924585,4390.553577787604,12.013186094985802,4.300540812800549,1.5169880644013967
11,14400.0,240.0,4.0,22.174467241600162,22.11241766393636,0.0006653511147823022,63.772792842421346,63.51075887516458,64.15811555903605,0.9939941702891797,0.0,378.1009586128781,382.45486909041176,138.19620511985093,135.26929816013507,2.735972078864028,2.827359011190052,0.0,282645153997.3906,298763449905.9267,99908596.14043047,35602062.86825923,34904.43564005212,22790.443713066816,4390.553472180183,12.01318565907032,4.300540657473209,1.5169880097556736
11,14460.0,241.0,4.016666666666667,22.13454617471324,22.282812761415727,0.0006653511147823022,63.77279446801629,63.32223578482302,64.21105249268312,0.9931747260377524,0.0,378.1009574407806,362.1432819153183,138.19620470220275,134.98457504132094,2.735972078651115,2.6828493685627444,0.0,282645153969.65137,284820991969.2354,99908595.82372646,35602062.756923094,34904.435422202434,22790.44351780016,4390.553445077079,12.0131855471969,4.3005406176099745,1.5169879957313872
11,14520.0,242.0,4.033333333333333,22.094625107826317,22.229719488758757,0.0006653511147823022,63.77279609361125,63.491776901582604,64.26761312925682,0.9923006781868439,0.0,378.10095626868315,378.35393903480997,138.19620428455454,136.05297917377752,2.735972078438203,2.780930938318864,0.0,282645153941.912,274243409745.25165,99908595.50702247,35602062.64558696,34904.435204352776,22790.443322533494,4390.553417973967,12.013185435323468,4.300540577746741,1.5169879817070984
11,14580.0,243.0,4.05,22.054704040939395,21.88840413921348,0.0006653511147823022,63.772797719206196,63.692975113807975,64.32783256394461,0.991371777617617,0.0,378.10095509658566,384.2353285524049,138.19620386690636,135.12218352825752,2.73597207822529,2.8436139686275226,0.0,282645153914.1727,289427284071.54584,99908595.19031852,35602062.534250826,34904.434986503125,22790.443127266833,4390.553390870864,12.013185323450065,4.300540537883512,1.5169879676828129
11,14640.0,244.0,4.066666666666666,22.014782974052473,21.997475922996838,0.0006653511147823022,63.77279934480114,63.39774053963661,64.39174681786527,0.9903877825396654,0.0,378.1009539244881,384.7323866275903,138.19620344925818,142.24702865425348,2.735972078012377,2.704677842956729,0.0,282645153886.4335,289882600561.3005,99908594.87361449,35602062.422914706,34904.43476865342,22790.442932000176,4390.553363767757,12.013185211576634,4.300540498020274,1.5169879536585251
11,14700.0,245.0,4.083333333333333,21.97486190716555,21.920390040007838,0.0006653511147823022,63.77280097039609,63.963401480034626,64.45939285870382,0.9893484586519027,0.0,378.1009527523907,381.85428402385793,138.19620303161003,144.82097948823696,2.7359720777994645,2.636733195516565,0.0,282645153858.6942,258382730859.7882,99908594.55691054,35602062.31157859,34904.43455080376,22790.442736733516,4390.553336664656,12.013185099703223,4.3005404581570446,1.51698793963424
11,14760.0,246.0,4.1,21.934940840278628,21.958713451746956,0.0006653511147823022,63.77280259599104,63.58131386445371,64.53080862193131,0.988253579303783,0.0,378.1009515802932,385.67386340999934,138.19620261396182,141.3742729495977,2.735972077586552,2.7280342834901687,0.0,282645153830.95483,278858824473.80707,99908594.24020654,35602062.20024244,34904.43433295412,22790.442541466855,4390.553309561544,12.01318498782982,4.300540418293813,1.5169879256099523
11,14820.0,247.0,4.116666666666666,21.895019773391695,21.8826929496369,0.0006653511147823022,63.77280293174472,63.74524076830591,64.6060330326358,0.987102905691947,0.0,378.10095133820585,374.2143729857809,138.1962025276999,137.87697317036842,2.7359720775425767,2.7141179878048303,0.0,282645153825.22546,272893972658.99356,99908594.17479385,35602062.17724685,34904.434287959,22790.442501136084,4390.5533039636175,12.013184964723255,4.300540410060383,1.516987922713348
11,14880.0,248.0,4.133333333333334,21.85509870650476,22.000759688827515,0.0006653511147823022,63.77280318552959,63.75554455536593,64.68510602796924,0.9858962456976544,0.0,378.1009511552202,379.0534533933995,138.19620246249747,139.00620897337683,2.735972077509337,2.726881455101029,0.0,282645153820.8949,266200965820.60706,99908594.12535061,35602062.15986526,34904.43425394872,22790.44247065141,4390.553299732331,12.013184947257782,4.300540403837007,1.516987920523903
11,14940.0,249.0,4.15,21.815177639617822,21.917839917690436,0.0006653511147823022,63.77280343931445,63.016461298402525,64.76806858025202,0.9846333978648079,0.0,378.1009509722345,376.6048669858855,138.19620239729502,136.1233109543148,2.7359720774760974,2.7666449217671483,0.0,282645153816.56433,275685167586.0066,99908594.0759074,35602062.14248369,34904.43421993844,22790.442440166742,4390.5532955010485,12.013184929792315,4.300540397613637,1.5169879183344583
11,15000.0,250.0,4.166666666666667,21.77525657273089,21.703770927171846,0.0006653511147823022,63.77280369309932,64.50165195654957,64.8549627207266,0.9833141677640431,0.0,378.1009507892487,373.6752021935195,138.19620233209255,132.5645743128543,2.7359720774428573,2.818816445724335,0.0,282645153812.23364,272685465649.2647,99908594.02646409,35602062.1251021,34904.43418592811,22790.442409682077,4390.553291269759,12.013184912326828,4.300540391390256,1.516987916145011
11,15060.0,251.0,4.183333333333334,21.735335505843953,21.83959685795233,0.0006653511147823022,63.77280394688418,63.94416235429235,64.94583156401205,0.9819383694244994,0.0,378.10095060626304,370.39595982071256,138.1962022668901,133.1758568417023,2.735972077409618,2.7812545652398444,0.0,282645153807.9031,293176585468.3473,99908593.97702087,35602062.10772051,34904.43415191784,22790.442379197408,4390.553287038471,12.013184894861368,4.300540385166886,1.516987913955566
11,15120.0,252.0,4.2,21.695414438957016,21.639720985244683,0.0006653511147823022,63.77280420066905,63.74854302047114,65.04071933325555,0.9805058254954107,0.0,378.10095042327737,382.52860371747744,138.1962022016876,137.04462651769634,2.735972077376379,2.7912703579668054,0.0,282645153803.5725,298699209381.39795,99908593.92757763,35602062.0903389,34904.43411790757,22790.44234871274,4390.553282807185,12.013184877395892,4.300540378943511,1.516987911766119
11,15180.0,253.0,4.216666666666667,21.65549337207008,21.888822831740654,0.0006653511147823022,63.77280445445391,63.99428578083099,65.13967138602061,0.9790163674074039,0.0,378.1009502402917,378.66369591686197,138.19620213648517,139.35658338151953,2.7359720773431393,2.717228614023825,0.0,282645153799.2419,277862171118.02856,99908593.87813441,35602062.07295732,34904.43408389727,22790.44231822807,4390.553278575896,12.013184859930426,4.300540372720136,1.5169879095766745
11,15240.0,254.0,4.233333333333333,21.615572305183143,21.67429978752669,0.0006653511147823022,63.77280470823878,64.12548865071133,65.24273424091867,0.9774698355336865,0.0,378.100950057306,381.77500422552583,138.1962020712827,139.76041346538253,2.7359720773098997,2.731639058295204,0.0,282645153794.91125,307809595871.1913,99908593.82869117,35602062.05557572,34904.43404988699,22790.442287743404,4390.553274344611,12.013184842464954,4.300540366496764,1.516987907387229
11,15300.0,255.0,4.25,21.57565123829621,21.660677691763865,0.0006653511147823022,63.77280496202364,64.02482884545877,65.34995560502891,0.9758660793507272,0.0,378.10094987432035,363.8314281464814,138.19620200608026,128.578949641198,2.73597207727666,2.829634470974914,0.0,282645153790.5807,276787368930.657,99908593.77924795,35602062.03819415,34904.43401587671,22790.442257258732,4390.553270113327,12.01318482499949,4.3005403602733905,1.5169879051977837
11,15360.0,256.0,4.266666666666667,21.535730171409273,21.578077498452505,0.0006653511147823022,63.77280521580851,63.53228080105244,65.46138440211382,0.9742049575986238,0.0,378.1009496913347,367.4474474085503,138.1962019408778,138.3585823390908,2.7359720772434204,2.6557618703262365,0.0,282645153786.25,306466674149.9539,99908593.7298047,35602062.020812556,34904.43398186642,22790.442226774063,4390.553265882039,12.01318480753401,4.3005403540500176,1.5169879030083382
11,15420.0,257.0,4.283333333333333,21.495809104522337,21.44641561755522,0.0006653511147823022,63.77280546959338,63.78334921586078,65.57707080166254,0.972486338440975,0.0,378.100949508349,365.4141108670302,138.19620187567534,137.04797705523097,2.7359720772101808,2.666322544255919,0.0,282645153781.91943,294960157960.8385,99908593.68036148,35602062.00343098,34904.43394785615,22790.442196289398,4390.553261650755,12.01318479006855,4.300540347826646,1.516987900818894
11,15480.0,258.0,4.3,21.4558880376354,21.661791254481,0.0006653511147823022,63.77280572337824,63.38336341622543,65.69706624878934,0.9707100996241738,0.0,378.10094932536333,382.2608644053607,138.1962018104729,141.61971141182158,2.7359720771769416,2.6992066329931235,0.0,282645153777.5888,282115891203.1425,99908593.6309182,35602061.986049384,34904.433913845845,22790.44216580473,4390.55325741947,12.013184772603077,4.300540341603269,1.5169878986294478
11,15540.0,259.0,4.316666666666666,21.415966970748467,21.15924890919877,0.0006653511147823022,63.77280597716311,63.375859004432996,65.82142349501528,0.9688761286360311,0.0,378.1009491423776,368.59020876894755,138.1962017452704,136.05944942487392,2.7359720771437024,2.709037926634173,0.0,282645153773.2582,283688513122.85425,99908593.58147497,35602061.96866776,34904.43387983558,22790.44213532006,4390.5532531881745,12.01318475513761,4.300540335379895,1.5169878964399999
11,15600.0,260.0,4.333333333333333,21.37604590386153,21.318271178787423,0.0006653511147823022,63.77280623094797,63.871587646763885,65.95019662996013,0.9669843228636712,0.0,378.1009489593919,381.95411294205184,138.19620168006796,137.63681755628545,2.7359720771104628,2.7750867807289628,0.0,282645153768.9276,267519067991.03232,99908593.53203174,35602061.95128618,34904.43384582529,22790.44210483539,4390.553248956891,12.01318473767214,4.300540329156523,1.5169878942505555
11,15660.0,261.0,4.35,21.336124836974594,21.293066761942157,0.0006653511147823022,63.77280648473284,64.03432006115449,66.08344111397182,0.9650345897506472,0.0,378.10094877640626,370.827149477284,138.1962016148655,134.63377879343415,2.735972077077223,2.754339607790676,0.0,282645153764.5969,278843012317.136,99908593.48258851,35602061.9339046,34904.433811815,22790.442074350725,4390.553244725606,12.013184720206677,4.300540322933149,1.5169878920611097
11,15720.0,262.0,4.366666666666666,21.296203770087658,21.349119905345812,0.0006653511147823022,63.7728067385177,64.02179755424037,66.22121381173034,0.9630268469530994,0.0,378.1009485934206,393.61274304024977,138.19620154966304,138.2616560763054,2.7359720770439835,2.846868424771495,0.0,282645153760.2664,285979058313.4981,99908593.43314525,35602061.916523024,34904.43377780471,22790.442043866053,4390.553240494321,12.013184702741206,4.300540316709776,1.516987889871665
11,15780.0,263.0,4.383333333333334,21.256282703200725,21.399883463562112,0.0006653511147823022,63.77280699230257,63.95777771695918,66.36357302685406,0.9609610224949291,0.0,378.10094841043485,363.91689040184986,138.1962014844606,134.12187404812317,2.735972077010744,2.713329894803556,0.0,282645153755.9358,279331467868.1104,99908593.383702,35602061.899141416,34904.43374379442,22790.442013381384,4390.553236263034,12.013184685275723,4.3005403104864,1.516987887682219
11,15840.0,264.0,4.4,21.21636163631379,21.36351849281951,0.0006653511147823022,63.77280724608743,64.23826298610652,66.51057853754035,0.9588370549219076,0.0,378.1009482274492,383.85838982068503,138.19620141925813,139.7034360998737,2.735972076977504,2.747666059883205,0.0,282645153751.6052,265139018349.85147,99908593.33425876,35602061.88175984,34904.43370978413,22790.441982896715,4390.553232031747,12.013184667810252,4.300540304263026,1.5169878854927732
11,15900.0,265.0,4.416666666666667,21.176440569426852,21.1992609482517,0.0006653511147823022,63.7728074998723,63.91533498344881,66.66229163327827,0.956654893454585,0.0,378.1009480444635,363.9491029146673,138.1962013540557,137.4849269969027,2.7359720769442646,2.647192756794834,0.0,282645153747.27454,293461348377.54425,99908593.28481553,35602061.86437824,34904.43367577385,22790.44195241205,4390.553227800464,12.013184650344785,4.300540298039654,1.5169878833033292
11,15960.0,266.0,4.433333333333334,21.136519502539915,21.166933426676298,0.0006653511147823022,63.77280775365716,63.48136897436146,66.81877515266602,0.954414498139939,0.0,378.10094786147783,383.925846459202,138.1962012888532,137.01627819130255,2.7359720769110254,2.8020455053023956,0.0,282645153742.944,284747092984.7055,99908593.2353723,35602061.846996635,34904.43364176357,22790.44192192738,4390.5532235691735,12.013184632879318,4.300540291816279,1.5169878811138813
11,16020.0,267.0,4.45,21.096598435652982,20.963692453219505,0.0006653511147823022,63.77280800744203,63.881313703907914,66.98009352237237,0.9521158400016408,0.0,378.1009476784921,376.9497411719128,138.19620122365075,135.11929449888552,2.7359720768777858,2.789755101741017,0.0,282645153738.61334,284738558722.93646,99908593.18592906,35602061.829615064,34904.43360775328,22790.44189144271,4390.553219337888,12.013184615413852,4.300540285592905,1.5169878789244367
11,16080.0,268.0,4.466666666666667,21.056677368766046,21.11894067251914,0.0006653511147823022,63.77280826122689,63.7018177933143,67.14631279727716,0.9497589011888815,0.0,378.10094749550643,387.8426661930071,138.19620115844828,135.75679506848059,2.735972076844546,2.856893211108625,0.0,282645153734.2827,261004077061.32297,99908593.13648583,35602061.81223347,34904.433573742994,22790.441860958043,4390.5532151066,12.013184597948381,4.300540279369532,1.5169878767349918
11,16140.0,269.0,4.483333333333333,21.01675630187911,21.023444218110278,0.0006653511147823022,63.77280851501176,63.485574620412876,67.31750070183101,0.9473436751236542,0.0,378.10094731252076,372.6198934490878,138.19620109324583,137.96681142471223,2.735972076811307,2.7007936879981065,0.0,282645153729.95215,270763849704.81076,99908593.0870426,35602061.794851884,34904.433539732716,22790.441830473374,4390.553210875315,12.013184580482916,4.30054027314616,1.516987874545546
