batch_id,time_s,time_min,time_hr,T_celsius,T_meas_celsius,cooling_rate_degC_s,c_kg_m3,c_meas_kg_m3,cs_kg_m3,S_supersat_ratio,sigma_rel_supersat,mean_L1_um,mean_L1_meas_um,mean_L2_um,mean_L2_meas_um,aspect_ratio,aspect_ratio_meas,nucleation_rate_m3_s,mu00,mu00_meas,mu10,mu01,mu20,mu11,mu02
33,0.0,0.0,0.0,33.314648125366595,33.392694788763954,0.0004177149000491061,182.86541305225253,182.33150776880458,179.2877078940441,1.0199551056803224,0.01995510568032245,64.37944611576792,63.95676882994298,35.72325420989392,35.756300838043934,1.8021719336514803,1.7886852759079137,61282181.829923205,220870630918.16965,239140091740.15305,14219528.881751966,7890217.69578943,997.8354788434485,507.9678449877542,307.23203524471734
33,60.0,1.0,0.016666666666666666,33.289585231363624,33.360533987882484,0.0004177149000491061,178.88818372208942,179.16601052126904,178.5993179377989,1.0016173957864225,0.0016173957864224632,95.24709782132946,96.53018302766607,46.708340438019334,49.79376526179118,2.039188224803656,1.9385997929692151,781219.509617414,221278043341.98248,215836302351.4212,21076091.439906187,10335530.179876115,2092.359170725386,985.7131098722213,508.7755723871254
33,120.0,2.0,0.03333333333333333,33.26452233736069,33.27253919301268,0.0004177149000491061,178.17368888108908,177.92210191558192,177.91417266085395,1.00145865962421,0.0014586596242100746,99.75115636711931,100.51916161285439,48.46942270875228,48.95543047938423,2.058022373538749,2.053279087295215,690725.6151986375,221320676569.22827,242257094703.59384,22076993.41573373,10727285.426820973,2287.5351870433283,1071.538315998389,546.0593297161
33,180.0,3.0,0.05,33.23945944335774,32.8648537740075,0.0004177149000491061,177.48074778926375,177.61065241007293,177.2322575736995,1.0014020597546183,0.0014020597546183181,103.95630673166166,104.24662130187046,50.10840405560544,51.73288878081779,2.074628172477835,2.015093758702383,687733.4664948493,221361997292.49844,209875261212.5445,23011975.689272225,11092096.40288835,2477.9916356872745,1154.77448318462,582.0178599883264
33,240.0,4.0,0.06666666666666667,33.21439654935478,33.29599837961607,0.0004177149000491061,176.79239447085598,176.14332771690405,176.55355825501422,1.0013527692004756,0.0013527692004755999,107.99295289163979,107.03549076656577,51.67558533279195,52.751115506363746,2.089825440702078,2.029065920959592,686069.8971802057,221403210216.1845,225558866046.44855,23909986.450934235,11441140.482480517,2668.315956568951,1237.4595664768433,617.5408623020264
33,300.0,5.0,0.08333333333333333,33.18933365535183,33.1752559080361,0.0004177149000491061,176.1081601895322,176.2378364391935,175.87806035139695,1.0013082918794733,0.00130829187947337,111.87968368873237,116.64238801970977,53.17918374927703,51.6077945611659,2.1038247637686496,2.260169980359545,684317.9692198896,221444321539.73108,224623605930.88553,24775120.648531057,11776228.265395345,2858.5308386416696,1319.649870539761,652.6729346182777
33,360.0,6.0,0.1,33.16427076134888,33.19310281660607,0.0004177149000491061,175.42785878061088,175.7438566493242,175.2057495770695,1.0012677049930012,0.0012677049930012575,115.63091781057732,117.53625738142263,54.625635932471205,54.534886092736926,2.116788497501823,2.15524897551911,682304.8461067809,221485321108.48395,221283561491.23563,25610550.961344432,12098776.515258525,3048.594301188965,1401.3677574972794,687.4414030311215
33,420.0,7.0,0.11666666666666667,33.13920786734594,33.138593119133006,0.0004177149000491061,174.7513896120556,174.38806453622163,174.5366117136034,1.0012305607192868,0.001230560719286862,119.25813212224845,121.54533395698479,56.020055392010335,53.0204812473659,2.1288470939151773,2.2924223073328527,680185.6105421105,221526197194.64932,206367231830.236,26418800.493578754,12409909.83762566,3238.4554241039154,1482.6253152816964,721.8662062537813
33,480.0,8.0,0.13333333333333333,33.114144973342995,33.0747302559931,0.0004177149000491061,174.07863891938746,174.5412880253827,173.87063260964223,1.0011963280205705,0.0011963280205704752,122.77188784864238,120.40988529565685,57.36712517189038,58.454632970338224,2.1401087727645107,2.059886089042022,677907.8283206414,221566940715.25555,226399527553.37198,27202191.59646015,12710658.42196488,3428.073253276186,1563.4362092958895,755.9666901756242
33,540.0,9.0,0.15,33.08908207934005,32.95972525525402,0.0004177149000491061,173.4095252111786,173.2140559839324,173.20779818062036,1.001164653281649,0.0011646532816488517,126.18060775318148,126.2744616144007,58.67056000164519,56.87534523820262,2.1506630880912545,2.2201968372331455,675514.8816745041,221607543646.29846,203188039496.88605,27962574.539979633,13001838.68631736,3617.4103015796672,1643.8102282999562,789.7580772226067
33,600.0,10.0,0.16666666666666666,33.06401918533711,33.23932429062111,0.0004177149000491061,172.74396702850296,172.22808418573868,172.54809440849033,1.0011351769527452,0.0011351769527452884,129.49279130244292,131.7457578153577,59.934111183976285,61.24458533862764,2.1605858290773075,2.151141314565554,672966.03522925,221647997808.03796,215105277962.23517,28701817.92276059,13284275.744332679,3806.4286374287476,1723.7571571498843,823.2556814980918
33,660.0,11.0,0.18333333333333332,33.038956291334166,33.123666889266296,0.0004177149000491061,172.0819069364447,172.5121592662002,171.89150734144496,1.0011076730778883,0.0011076730778882356,132.71496286598384,135.49024393198377,61.160633966222136,63.05357983575232,2.169940928658127,2.148811285337344,670312.3757255508,221688296475.8082,242855618035.16214,29421354.0346101,13558596.755352238,3995.0955202043097,1803.2838949346567,856.4712373269615
33,720.0,12.0,0.2,33.01389339733122,32.90847027436542,0.0004177149000491061,171.42329141522956,171.51438197662392,171.2380230936392,1.001081934480691,0.0010819344806908397,135.85282500532952,136.78636083389495,62.35261255082822,61.768354040926454,2.178783204867091,2.214505517554557,667579.5873788395,221728434129.17484,206954136222.28177,30122434.16045652,13825347.144758275,4183.382707926092,1882.3968704559966,889.4152044544226
33,780.0,13.0,0.21666666666666667,32.98883050332827,33.0091786376891,0.0004177149000491061,170.7680699132454,170.76863669549562,170.58762784493072,1.0010577676153554,0.0010577676153554535,138.91184055247678,140.7941173373876,63.512424578142536,65.71802959084437,2.1871600946609515,2.142397120150459,664768.8842363239,221768405435.84406,227332470061.71475,30806257.37548099,14085049.124058982,4371.262710714854,1961.1021559796195,922.0975920069483
33,840.0,14.0,0.23333333333333334,32.96376760932533,32.806262323806756,0.0004177149000491061,170.11619724985593,169.861953203129,169.9403078405928,1.0010350070062726,0.0010350070062725948,141.8968662107142,143.81657634317054,64.64217625239968,63.65222219002036,2.195112764407381,2.259411712506066,661881.1765419994,221808205736.41107,231271375504.92535,31473889.293818086,14338165.129441611,4558.710619142346,2039.4051786089847,954.5273571813736
33,900.0,15.0,0.25,32.93870471532238,32.942769713779384,0.0004177149000491061,169.46763732920812,169.22131599693594,169.29604939105562,1.0010135377569038,0.0010135377569038771,144.81179711519692,141.3768245190859,65.74353834394698,64.7550211929281,2.2026772632405747,2.1832565554704146,658952.7911505848,221847831355.95374,228521974061.9678,32126183.1447648,14585061.40727163,4745.705074132752,2117.3102741822972,986.7118039135262
33,960.0,16.0,0.26666666666666666,32.91364182131944,32.88594350990113,0.0004177149000491061,168.82234893056867,169.03157625871245,168.65483887163379,1.0009932122911835,0.0009932122911835042,147.6608085427688,146.73631103533967,66.81831508124476,69.78777696230458,2.2098852442362125,2.10260761156783,655954.1538883272,221887278700.20868,225531045106.62222,32764054.978227492,14826134.100710515,4932.225093010376,2194.822394138985,1018.6587560147532
33,1020.0,17.0,0.2833333333333333,32.88857892731649,32.81334348436942,0.0004177149000491061,168.18030333257767,167.9695693005628,168.01666272225748,1.0009739546522876,0.0009739546522876426,150.44689142066315,146.42848674982326,67.86777343710888,67.40552187565548,2.2167648031075897,2.1723515028923486,652927.886055732,221926545203.69385,218235370538.88928,33388158.84962302,15061660.489564598,5118.253502880806,2271.9449884922583,1050.3739604714967
33,1080.0,18.0,0.3,32.863516033313545,32.87867811304681,0.0004177149000491061,167.54146519670306,167.1777593507706,167.38150744720937,1.0009556476813553,0.0009556476813553282,153.17365235072185,160.69473573950424,68.89346655062394,69.6219902639223,2.223340761030911,2.308103160084111,649845.0710656632,221965627885.4814,225170269459.4425,33999285.91954042,15291981.560116654,5303.771717016246,2348.682302110831,1081.8641941299834
33,1140.0,19.0,0.31666666666666665,32.838453139310595,32.822120379677024,0.0004177149000491061,166.90580855286916,167.14554486427443,166.74935961485295,1.0009382281190018,0.0009382281190018799,155.84364405666992,156.53288758320926,69.89647053202619,68.358504442583,2.229635386028014,2.2898816886008295,646733.3746216333,222004524886.74057,213937804291.0601,34597994.15541931,15517332.731722534,5488.7652700240815,2425.03745452331,1113.1344397914743
33,1200.0,20.0,0.3333333333333333,32.81339024530765,32.673471766293076,0.0004177149000491061,166.27330461368848,166.6833068116489,166.12020585738017,1.0009216142944088,0.0009216142944088971,158.45978484375513,157.22122601917954,70.87803172231827,68.7984350251336,2.235668527937675,2.285244220478898,643582.8215358359,222043233887.77966,232791001644.57074,35184923.067869164,15737987.375224184,5673.218433364844,2501.0139036741425,1144.1902559623416
33,1260.0,21.0,0.35,32.7883273513047,32.87452745521009,0.0004177149000491061,165.64392913889827,165.57830663376362,165.49403287054045,1.0009057502905563,0.0009057502905562725,161.02442577805857,155.71221847275487,71.83914234877976,73.36156087579704,2.241458075825618,2.1225314267287683,640407.4182200932,222081753303.9196,226276229191.86172,35760586.801548116,15954162.68866687,5857.118099212289,2576.6145613066,1175.0362291390456
33,1320.0,22.0,0.36666666666666664,32.76326445730175,32.74953934784684,0.0004177149000491061,165.0176576994215,164.76111252179118,164.8708274133751,1.0008905777228754,0.0008905777228754506,163.53988789183612,166.72550587638742,72.78078307997477,72.02729556323645,2.247020174434386,2.314754490955593,637208.105959457,222120081546.34677,237397353214.00558,36325493.23461505,16166073.47273097,6040.451563669446,2651.8423618443508,1205.6769025753101
33,1380.0,23.0,0.38333333333333336,32.73820156329881,32.79131621462471,0.0004177149000491061,164.39446747241377,164.4321289037142,164.25057630797338,1.0008760466335935,0.0008760466335934867,166.00829250754092,168.81176957242184,73.70384708814038,75.03689749948381,2.2523694361437636,2.249716808635153,633989.0381619404,222158217259.2402,228565240921.9355,36880106.31372577,16373915.274248907,6223.207177551261,2726.7000467702064,1236.116464669107
33,1440.0,24.0,0.4,32.71313866929586,32.745888293253394,0.0004177149000491061,163.77433622232107,164.27010000272068,163.63326643919683,1.0008621094365102,0.0008621094365103097,168.4316328135973,163.38217415276006,74.60917171255788,74.12167561777868,2.2575191353484447,2.204242858664835,630750.1210999076,222196159258.1222,198151927338.174,37424861.90875563,16577871.399960099,6405.374138478744,2801.1902870215827,1266.3588937172397
33,1500.0,25.0,0.4166666666666667,32.688075775292916,32.7559892105441,0.0004177149000491061,163.15724226626511,163.78060965857537,163.0188847544319,1.00084872076043,0.0008487207604299285,170.81178595667237,169.93694237579464,75.49754394350597,73.82956570330626,2.2624813607776306,2.3017464718498877,627487.556557395,222233906489.91882,227116954610.19812,37960170.467671156,16778114.120959643,6586.942416783341,2875.3156871484234,1296.4079756831738
33,1560.0,26.0,0.43333333333333335,32.663012881289966,32.6155683186758,0.0004177149000491061,162.54316735905692,162.18604428285357,162.40741826333257,1.000835855265578,0.0008358552655780907,173.1502757727505,178.29959705381495,76.36959476110337,79.17286002097437,2.2672671802749895,2.2520292560680524,624221.0681008518,222271458311.53772,213519189592.87747,38486364.30305417,16974781.198211618,6767.903573206408,2949.0784387650256,1326.2668488131194
33,1620.0,27.0,0.45,32.637949987287016,32.67509422943178,0.0004177149000491061,161.9320927064638,161.86391712258697,161.79885403755986,1.0008234833905127,0.0008234833905128432,175.4486121390304,180.38486525127396,77.22595018466535,76.66381985180902,2.271886739101191,2.352933438484509,620959.3512914204,222308814126.58615,208783176053.99048,39003772.90478321,17168009.40535177,6948.249557349635,3022.4807994368684,1355.9386461932777
33,1680.0,28.0,0.4666666666666667,32.61288709328407,32.59618127657216,0.0004177149000491061,161.32399588859664,161.04374211317085,161.19317921053235,1.0008115521928718,0.0008115521928718466,177.70859680656258,186.07668602575987,78.06736731982197,78.95836430265528,2.276349298145742,2.3566431203223686,617671.0191775737,222345973125.9043,221216551723.28506,39512790.889794126,17357964.756103236,7127.971488619158,3095.5254622437346,1385.4270461846372
33,1740.0,29.0,0.48333333333333334,32.58782419928112,32.525146353361045,0.0004177149000491061,160.71886130916985,160.65248219772812,160.59038097717462,1.0008000499856433,0.0008000499856432623,179.9313259694663,185.85709356908512,78.89429058964214,78.34355170772767,2.28066346277647,2.372334283010972,614382.3440536032,222382935188.30856,195791028676.67294,40013656.401414245,17544743.91092397,7307.063524040183,3168.2143006133188,1414.7344539132866
33,1800.0,30.0,0.5,32.56276130527818,32.54519968139907,0.0004177149000491061,160.11667229109696,160.0747773449004,159.99044659366305,1.0007889577166722,0.0007889577166722474,182.11794505708468,179.6626486742647,79.70718754971486,79.88797777088736,2.284837172852126,2.2489322384592523,611105.2644894139,222419700199.21918,227916716143.1641,40506618.740494646,17728448.758530512,7485.519932425777,3240.549317799255,1443.8633768928069
33,1860.0,31.0,0.5166666666666667,32.53769841127523,32.553087232649894,0.0004177149000491061,159.51740877967285,159.80956083352854,159.3933633771771,1.0007782344249943,0.0007782344249942609,184.27002854010337,187.1357842953083,80.50671820706468,78.66913659704639,2.2888776569696665,2.378770028376468,607814.4379676954,222456267598.12338,217761161123.18094,40992022.77923107,17909224.04891749,7663.333039452838,3312.5329227751213,1472.8170505972882
33,1920.0,32.0,0.5333333333333333,32.51263551727228,32.49237826399187,0.0004177149000491061,158.92105492875575,159.04502080163397,158.79911870564752,1.000767864608457,0.0007678646084570441,186.3885716946888,183.85914258237904,81.2932858413034,82.9265085804122,2.2927917080205993,2.2171335285880804,604520.4874329017,222492637482.84204,219336027031.93304,41470084.91301111,18087157.576478172,7840.498167057891,3384.1670189813804,1501.597718659347
33,1980.0,33.0,0.55,32.48757262326934,32.423056279221974,0.0004177149000491061,158.32759497586966,157.9470260035467,158.20770001751734,1.0007578326360793,0.0007578326360793031,188.474539014764,192.0727655725176,82.06728132647147,81.67567463466762,2.2965856303317067,2.3516520240775756,601231.3177524097,222528810009.09772,212660485204.156,41941014.883968696,18262334.454261545,8017.010947698574,3455.453499808538,1530.2075679922764
33,2040.0,34.0,0.5666666666666667,32.46250972926639,32.3524596201641,0.0004177149000491061,157.73701240808887,158.17161128711578,157.61909481148294,1.0007481174584016,0.0007481174584016461,190.52904278908736,192.4167490253971,82.82916236538252,77.38576705870555,2.300265236881313,2.4864617401728153,597943.8307999388,222564785119.24316,237651641985.3044,42405055.46732831,18434854.723458264,8192.866221098617,3526.394348791213,1558.6490194028286
33,2100.0,35.0,0.5833333333333334,32.43744683526344,32.51089367728085,0.0004177149000491061,157.1492909770132,157.0841186562659,157.03329064625746,1.0007386989744553,0.000738698974455438,192.5531610488373,196.3254332935945,83.5793726063601,82.81829373890375,2.3038359231974503,2.370556364183714,594653.9923453938,222600562794.32388,212700451566.4825,42862442.01729727,18604815.380172253,8368.059085049614,3596.991517689191,1586.9244268245589
33,2160.0,36.0,0.6,32.412383941260494,32.42563640062691,0.0004177149000491061,156.56441593212992,156.47299379662192,156.45027514032137,1.0007295659384823,0.000729565938482232,194.54769350334882,189.9445240675848,84.31823329174865,83.46190820155367,2.3073027731759552,2.275822925218584,591369.835437447,222636143411.32483,227426927961.2337,43313348.19115403,18772286.279331297,8542.586362758311,3667.246778335835,1615.0356773216927
33,2220.0,37.0,0.6166666666666667,32.387321047257544,32.214086316347085,0.0004177149000491061,155.98237223259318,155.9023759552082,155.87003597168783,1.0007207046576019,0.0007207046576017744,196.5135016671293,201.95710702779493,85.04609396702332,86.451539313062,2.310670514078254,2.3360730026617484,588093.6736086904,222671527239.53775,229129255474.92902,43757961.53940913,18937343.629394323,8716.444557207238,3737.161937439347,1642.9847538695562
33,2280.0,38.0,0.6333333333333333,32.3622581532546,32.192544310873,0.0004177149000491061,155.40314413486868,155.23570007857296,155.292560877651,1.0007120962948433,0.0007120962948431764,198.45154624302342,197.8917270517912,85.76334816558595,84.72137625338242,2.313943549170525,2.335794527935216,584817.6532576903,222706714366.50446,242653467639.58383,44196491.82473616,19100073.483028222,8889.629619722044,3806.738886114963,1670.7738147300993
33,2340.0,39.0,0.65,32.33719525925165,32.27437645179181,0.0004177149000491061,154.82671759698354,154.56898359588345,154.71783765454987,1.0007037323173866,0.0007037323173865614,200.36253436278622,197.02870837135828,86.47027933622925,87.66269721220053,2.3171260218057195,2.2475775288367084,581549.0818463827,222741705268.08136,213932792575.5235,44629092.57580155,19260537.474359043,9062.139088940185,3875.9793110861488,1698.4045650338942
33,2400.0,40.0,0.6666666666666666,32.31213236524871,32.291233601173325,0.0004177149000491061,154.25307843877647,154.20199149519132,154.14585415753083,1.0006956027577365,0.0006956027577365547,202.2471896253634,201.30963531286469,87.16717878517647,89.37509387229014,2.320221813347908,2.2524131342510256,578291.5698756363,222776500372.2219,226810938254.258,45055921.1148556,19418799.037081398,9233.970454056236,3944.8849156755864,1725.8787376502494
33,2460.0,41.0,0.6833333333333333,32.28706947124576,32.225025199307794,0.0004177149000491061,153.6822111451282,153.38864079245155,153.5765983003056,1.0006876883977864,0.0006876883977863571,204.10640087424068,207.94310184707894,87.85440937180502,87.9517483611371,2.323234568801782,2.3642861651055243,575031.9861437884,222811099819.0256,239225388317.62573,45477171.65889249,19574937.57608279,9405.120205744352,4013.4575635612678,1753.1983767204592
33,2520.0,42.0,0.7,32.26200657724281,32.27556911986264,0.0004177149000491061,153.11410242611308,153.20601952343432,153.01005805491917,1.000679983868489,0.0006799838684889819,205.94075727213004,205.31173318906008,88.53220519532432,87.04628071013727,2.3261677128427207,2.3586502664340694,571778.8832613347,222845504211.07156,220324818608.6345,45892971.89191772,19729003.9056701,9575.586755890028,4081.6988511306504,1780.364969794413
33,2580.0,43.0,0.7166666666666667,32.236943683239865,32.23421452317624,0.0004177149000491061,152.54873878516761,152.21152301151366,152.44622145150845,1.0006724819591004,0.0006724819591004072,207.75086597758343,218.10317040850217,89.20080846553135,87.70084650332247,2.3290244735602568,2.4868992615737127,568536.7364952501,222879714100.88834,216276437108.19592,46303453.613295764,19881050.688365728,9745.368443209876,4149.610399592568,1807.3800406417583
33,2640.0,44.0,0.7333333333333333,32.211880789236915,32.26813091608826,0.0004177149000491061,151.9861069041088,152.19663256035156,151.88507657807008,1.0006651761207546,0.0006651761207545632,209.5373018848196,203.46268209510959,89.86044784779655,88.62915735897033,2.3318078966146354,2.295663054439688,565310.1633537501,222913730072.10004,231397343234.4828,46708741.55238882,20031127.615701742,9914.463849010788,4217.193808728764,1834.2450553953972
33,2700.0,45.0,0.75,32.186817895233965,32.0890649664825,0.0004177149000491061,151.42619352599056,151.13230290881023,151.32661158022856,1.0006580597075565,0.0006580597075564738,211.30062316899884,208.39870195117487,90.51134514860499,90.75331786893749,2.334520858375018,2.2963204744991956,562102.7115560162,222947552726.64542,205596834901.88052,47108956.825143404,20179282.894878212,10082.871703954757,4284.45067096519,1860.9614506148837
33,2760.0,46.0,0.7666666666666667,32.16175500123102,32.15631008886216,0.0004177149000491061,150.86898300102274,151.19017164897883,150.77081466100267,1.0006511097007786,0.0006511097007785693,213.04169407585246,214.14847393090565,91.15385425722194,89.51198787200978,2.3371660563543704,2.392399934599927,558889.0003332045,222981182300.3669,221306447616.4973,47504288.82430665,20325594.19351068,10250.588907059311,4351.382866156519,1887.5312260248736
33,2820.0,47.0,0.7833333333333333,32.13669210722807,32.172277939704294,0.0004177149000491061,150.31446361502503,150.34647016927053,150.21767408057136,1.000644328538876,0.0006443285388759427,214.76085248133168,210.42246508945232,91.78810282792749,90.33690163256063,2.3397460658266103,2.329307971457022,555686.1521416442,223014619654.30905,219856541911.81552,47894809.83275936,20470088.840960857,10417.615634193839,4417.991801411498,1913.9554159927286
33,2880.0,48.0,0.8,32.11162921322513,32.1224870898634,0.0004177149000491061,149.76262248048974,150.0630119432792,149.66717815604946,1.0006377104560678,0.0006377104560678311,216.45858203027518,217.09458884480358,92.41428159672365,93.78405672337648,2.342263320022922,2.314834700370675,552496.6341820859,223047865474.447,227515739873.88678,48280624.68547837,20612808.24950368,10583.95121400963,4484.2790247791,1940.235323498926
33,2940.0,49.0,0.8166666666666667,32.08656631922218,32.18829448691624,0.0004177149000491061,149.21344691254163,149.65502758515333,149.11931526125446,1.0006312505601453,0.0006312505601454366,218.13533114211276,217.80286588966467,93.03256647331742,92.7323255176015,2.344720127705774,2.3487264519029405,549323.7402103858,223080920487.2189,213427217046.97925,48661830.46196682,20753790.56415603,10749.595238651204,4550.246059968063,1966.3721877991177
33,3000.0,50.0,0.8333333333333334,32.061503425219236,32.10970807700267,0.0004177149000491061,148.66692398062682,148.83852155383073,148.574073826483,1.0006249418337432,0.0006249418337432833,219.79160242126292,223.4247290507428,93.64315707491187,93.99980335115849,2.347118671420229,2.3768637921090843,546166.4243233367,223113785345.0175,225281422557.66678,49038536.40325508,20893079.246641643,10914.546937703326,4615.894460198071,1992.3673387985773
33,3060.0,51.0,0.85,32.03644053121629,31.9438930349862,0.0004177149000491061,148.12303981716164,147.93579034145785,148.0314423382775,1.0006187704276692,0.0006187704276692631,221.42809044262614,221.64710715987968,94.24633610838507,96.26874007907057,2.3494609932420043,2.3023788093396598,543011.0043880627,223146460449.604,225128070089.3063,49410894.626386814,21030736.312929835,11078.80421273965,4681.225891244939,2018.2224351167454
33,3120.0,52.0,0.8666666666666667,32.01137763721334,32.07377603098841,0.0004177149000491061,147.58178272398504,147.63588715013358,147.49140933920754,1.0006127366006088,0.0006127366006088012,223.04506245201375,222.03832396489958,94.84220246391143,96.23367137643288,2.3517490806572634,2.307283103606869,539867.8120539506,223178946745.5637,224853610297.7965,49778962.114838906,21166782.85292526,11242.367975390964,4746.241758293178,2043.938394390412
33,3180.0,53.0,0.8833333333333333,31.986314743210396,31.991589279072485,0.0004177149000491061,147.04314035169205,147.0232629827224,146.9539634276429,1.0006068357869984,0.0006068357869984531,224.64292079729933,231.788377444834,95.43091361169452,91.640267042858,2.3539848073902396,2.5293289175645026,536738.2709937008,223211244999.84613,228850050747.812,50142826.03156701,21301253.038739096,11405.238208368324,4810.943544754801,2069.5163645611156
33,3240.0,54.0,0.9,31.96125184920745,31.99452852484715,0.0004177149000491061,146.50710050076927,146.84145688888918,146.41909325753232,1.0006010639820186,0.0006010639820187326,226.22204320250952,222.7788243084186,96.01261676273657,92.7412195450954,2.356169957970654,2.4021554320847853,533624.3034511817,223243356006.39282,222909873589.80917,50502568.12715141,21434178.78506896,11567.415084225186,4875.332716036816,2094.957448006663
33,3300.0,55.0,0.9166666666666666,31.936188955204507,32.05512214090382,0.0004177149000491061,145.97365070232092,145.93088350403912,145.8867875381763,1.000595414880336,0.0005954148803358948,227.78288884216605,229.14124711952016,96.5874943974024,95.97714839773701,2.358306220316364,2.387456295012438,530523.2796383213,223275280429.22906,225386495045.81784,50858288.38321453,21565599.897536613,11728.898155639632,4939.410769904483,2120.2628832067026
33,3360.0,56.0,0.9333333333333333,31.91112606120156,31.999254768638817,0.0004177149000491061,145.4427784335544,145.70003543178305,145.35703503401524,1.0005898813189131,0.0005898813189130446,229.32594379272254,227.23774024615503,97.15574085163779,96.63608841936023,2.3603951941750516,2.3514790795343266,527430.5452885134,223307018883.1067,207974938289.69907,51210092.860907756,21695558.8569589,11889.686771568104,5003.179210597161,2145.4339513758655
33,3420.0,57.0,0.95,31.886063167198614,31.866700171494735,0.0004177149000491061,144.91447206208488,144.9265563956314,144.82982456440283,1.0005844617842812,0.000584461784281282,230.85148222449106,224.99577081127964,97.7174598163515,97.02082214332525,2.362438428693801,2.3190462195723485,524351.085395593,223338572286.89832,213484090660.54602,51558040.45033212,21824077.9628863,12049.781900921684,5066.639435398301,2170.471567309843
33,3480.0,58.0,0.9666666666666667,31.861000273195668,31.91721220149555,0.0004177149000491061,144.38871973017288,145.0307379675355,144.3051450033858,1.0005791527861678,0.0005791527861679244,232.35984866117153,228.5028419811736,98.27278548769422,97.54901882341902,2.3644373923874147,2.342441213015214,521286.00138146145,223369941446.03705,220578000373.0252,51902205.78985591,21951186.340125218,12209.183977763852,5129.7928686610085,2195.376762829624
33,3540.0,59.0,0.9833333333333333,31.83593737919272,31.635178167800902,0.0004177149000491061,143.8655097019037,143.88811139330141,143.78298527949377,1.0005739512380378,0.000573951238037772,233.85137016576664,235.24489676598438,98.82184487538936,98.37456070325304,2.3663934878026662,2.39131839658833,518236.76369621605,223401127182.4443,219087799094.72006,52242659.688191295,22076911.53541064,12367.893571796996,5192.640920104751,2220.1505363533797
33,3600.0,60.0,1.0,31.810874485189775,31.70278268265178,0.0004177149000491061,143.34482991915962,143.38509017561432,143.26333437552248,1.000568851367256,0.0005688513672558381,235.3264419397921,236.46732684009754,99.36479403357322,98.17683312061273,2.3683080534568446,2.4085858070976016,515199.64849341975,223432130194.62192,232107831239.3436,52579488.21372876,22201287.597271122,12525.910715472553,5255.185038152087,2244.7940095212675
33,3660.0,61.0,1.0166666666666666,31.785811591186828,31.628171499712693,0.0004177149000491061,142.82666862930986,143.0462616499026,142.7461813283103,1.0005638490658775,0.0005638490658775166,236.78540631488136,236.54738835150062,99.90176684185987,100.60577622090527,2.3701823681427205,2.3512306871138433,512173.577900218,223462951255.42957,212846620317.51602,52912765.70933942,22324343.65411382,12683.235855206243,5317.426634530438,2269.3082057863876
33,3720.0,62.0,1.0333333333333334,31.76074869718388,31.95717793468811,0.0004177149000491061,142.31101447464502,142.81965257469872,142.2315152285327,1.0005589425521102,0.000558942552110182,238.2285355567089,234.7077728883409,100.43286772675326,100.27919194003475,2.3720176566585254,2.340543121136159,509161.3867167567,223493591240.26456,230301020791.39697,53242550.94747793,22446102.28681055,12839.869986908838,5379.367073529219,2293.694018868046
33,3780.0,63.0,1.05,31.735685803180935,31.72253882836227,0.0004177149000491061,141.79785601890663,141.34381802172962,141.71932522048525,1.0005541290737816,0.0005541290737816153,239.65612313718907,234.67209968651295,100.9582102936635,102.5135594037034,2.3738150908191242,2.2891810707924285,506163.87954496965,223524050977.87704,220976792762.28955,53568907.48527743,22566588.14431607,12995.81393847886,5441.007728873171,2317.95237976191
33,3840.0,64.0,1.0666666666666667,31.71062290917799,31.833151175139335,0.0004177149000491061,141.28718192761926,141.19936510084528,141.20960050187512,1.0005494061697533,0.0005494061697533966,241.0684489838347,248.82430328797577,101.4779026179473,103.9383482191335,2.3755757930022448,2.39396053094262,503182.1269165026,223554331307.1905,229346727783.9398,53891895.91184273,22685824.662211403,13151.068643081771,5502.349962060842,2342.084193130341
33,3900.0,65.0,1.0833333333333333,31.685560015175042,31.658175693573092,0.0004177149000491061,140.77898029643723,141.17429018761564,140.70233032360687,1.0005447669036758,0.0005447669036757429,242.46591389810033,238.8478670373953,101.99210330930366,99.31846049398418,2.377300850074564,2.4048688013228174,500208.7387701677,223584432850.42975,223195564755.7509,54211603.84446789,22803846.573633097,13305.63399399423,5563.3952030436685,2366.0905895267333
33,3960.0,66.0,1.1,31.660497121172096,31.70362485560263,0.0004177149000491061,140.27324012072745,140.35601550957364,140.1975039895756,1.0005402102676342,0.0005402102676341061,243.8487454375502,240.83982616131235,102.50089883778911,103.8656515756128,2.3789912888807785,2.3187629645396695,497246.9106178854,223614356509.51855,220048744629.6631,54528080.29667119,22920672.53525947,13459.51135021405,5624.144773699495,2389.9723735266393
33,4020.0,67.0,1.1166666666666667,31.63543422716915,31.604753505484485,0.0004177149000491061,139.76995040616538,140.33367355612253,139.6951108564587,1.000535734924779,0.0005357349247789124,245.21717596373136,247.41494665749556,103.0043777958919,103.55317371081846,2.3806480968181853,2.389255083078613,494299.0339650534,223644103165.65558,221250918830.04486,54841375.399223454,23036321.69429861,13612.702020043562,5684.599994667915,2413.730357723546
33,4080.0,68.0,1.1333333333333333,31.610371333166203,31.85254405203833,0.0004177149000491061,139.26910012708973,138.97947809895345,139.1951403335057,1.0005313389059909,0.0005313389059907794,246.57145097266275,248.35543510988592,103.5026343728793,104.46769419923818,2.3822722239548297,2.377341981304083,491366.1365672546,223673673665.24738,236640247883.6004,55151542.26002591,23150814.46421282,13765.207190085657,5744.762190352676,2437.36537836773
33,4140.0,69.0,1.15,31.585308439163256,31.59551496621133,0.0004177149000491061,138.77067835204747,138.58943948926364,138.69758188233482,1.0005270205054813,0.00052702050548123,247.91180397880504,253.07805338947156,103.99575787897955,104.83364387279272,2.3838645828929046,2.414091927364097,488449.53629630734,223703068862.3152,221724995626.0752,55458631.357251406,23264170.186190017,13917.028139295004,5804.632673841236,2460.8782482207716
33,4200.0,70.0,1.1666666666666667,31.56024554516031,31.594985036867563,0.0004177149000491061,138.27467424379356,137.73589083552406,138.2024250167306,1.000522778287387,0.0005227782873869418,249.2384565251182,257.6024883286623,104.48383274942037,105.53380214245766,2.385426050773399,2.4409476688893537,485550.86717778025,223732289618.49484,247949823918.4175,55762690.53934438,23376407.129143696,14068.166238978038,5864.21274690477,2484.2697565555536
33,4260.0,71.0,1.1833333333333333,31.535182651157363,31.57910126583016,0.0004177149000491061,137.78107705929108,137.96859614989305,137.70965930243025,1.000518611092516,0.0005186110925158945,250.55161819296038,248.6525635044975,104.96693854840346,102.80379967407201,2.386957471160535,2.4187098559860893,482672.10497095966,223761336803.03674,225889274777.87238,56063765.025020875,23487542.48971297,14218.622952792968,5923.50369999816,2507.540669156263
33,4320.0,72.0,1.2,31.510119757154417,31.565497122590095,0.0004177149000491061,137.2898758699586,137.00256905151912,137.21927435693306,1.000514516006271,0.0005145160062710204,251.85153696368747,253.49144303357727,105.44517085595793,107.49823981997066,2.388459660307499,2.358098546153911,479811.7921425695,223790211244.00674,232055791835.69327,56361908.659231395,23597597.060515206,14368.399427514305,5982.506845863925,2530.6918218725878
33,4380.0,73.0,1.2166666666666666,31.48505686315147,31.582542208354973,0.0004177149000491061,136.8010596937276,137.0216123272933,136.73125984929044,1.0005104892949432,0.0005104892949432793,253.13847543162422,251.66226094373363,105.9186314023137,107.76688615680044,2.389933405296008,2.3352466598836856,476966.76121183,223818913751.3218,233694333157.1348,56657178.5997718,23706593.026492495,14517.496686212891,6041.223503669448,2553.7240764573608
33,4440.0,74.0,1.2333333333333334,31.45999396914852,31.46057304108585,0.0004177149000491061,136.31461573878684,136.3773736070587,136.245605499908,1.0005065135027704,0.0005065135027703953,254.41267580927138,250.10616107427663,106.38741326575983,105.9608807565339,2.391379468675855,2.360363176377753,474107.9901985139,223847445294.0969,215083036855.52603,56949627.53034069,23814550.67098765,14665.916572267475,6099.65520996864,2576.638337061214
33,4500.0,75.0,1.25,31.430358051542875,31.398136735169444,0.0005243756581260457,135.7528723927784,135.52128381566507,135.67436913520626,1.0005786152393596,0.000578615239359549,255.88013522798445,245.9378173973143,106.92305169136341,107.54743706416866,2.393124131609993,2.286784549320077,625536.8586567439,223881559866.22208,212981803837.89178,57286843.813621,23938099.598319136,14837.978329294781,6167.131888167857,2602.9853923126284
33,4560.0,76.0,1.2666666666666666,31.398889577804642,31.29183990297359,0.0005243756581260457,135.14862492824915,134.72313592001305,135.07138796648258,1.000571823262716,0.000571823262716003,257.45129267438676,255.87433549385412,107.49433990571983,109.69962390263801,2.3950218485939803,2.332499660353904,618127.7870839039,223918836563.1436,216271595136.70383,57648193.92732605,24070007.52881188,15023.450742339564,6239.714166189388,2631.260677270541
33,4620.0,77.0,1.2833333333333334,31.367426016619,31.37792456447763,0.0005243756581260457,134.54832283482762,134.7236016269329,134.4721657198889,1.000566341105098,0.000566341105098003,259.0027494556927,261.95308261337556,108.05848059197146,107.64951213680278,2.396875729112705,2.4333884790901905,613339.4224787852,223955814051.31174,233911190334.30194,58005171.595877595,24200324.98612284,15207.784876189007,6311.822525759541,2659.3418019744563
33,4680.0,78.0,1.3,31.33596345466198,31.355838446053582,0.0005243756581260457,133.95175071123205,133.4488786935238,133.87660695459311,1.0005612911646649,0.0005612911646649628,260.5353424218021,260.8569009520654,108.61577222706434,109.87169731856342,2.398687935276523,2.374195605586519,609289.9861595487,223992509122.8002,217242648466.11148,58357965.06422738,24329119.3514507,15391.045501155151,6383.482840906154,2687.2389892118226
33,4740.0,79.0,1.3166666666666667,31.304501025603184,31.357448577602458,0.0005243756581260457,133.35879530775924,132.99865664588327,133.2846753225901,1.0005561028301997,0.0005561028301997538,262.0496656318388,256.8091615463626,109.16643114338012,109.94350814401047,2.4004601312619678,2.3358283347660587,604751.2744335337,224028930575.9193,228486582180.09064,58706706.349278085,24456438.82384118,15573.264872381043,6454.7087151971855,2714.9578725522233
33,4800.0,80.0,1.3333333333333333,31.273038544164077,31.142749016059362,0.0005243756581260457,132.76945244522472,133.03215241956295,132.69634769609593,1.000550917567801,0.0005509175678008431,263.54621362916515,260.50126835127026,109.71064642520855,110.5306604061012,2.4021936085193767,2.3568235944140867,600035.5939751207,224065079040.3323,237137568886.35144,59051503.1875992,24582324.662830304,15754.438764708597,6525.500650636769,2742.499433603229
33,4860.0,81.0,1.35,31.24157601804064,31.30254354702932,0.0005243756581260457,132.18369371181728,132.36477989161807,132.11160473114722,1.0005456672849957,0.0005456672849956211,265.0257469629097,255.17486831756437,110.24870635958315,111.53456937198487,2.403889856979468,2.287854516804715,595000.5009456736,224100957140.11972,223032512705.654,59392523.56116325,24706840.618642587,15934.568191552233,6595.8620600550785,2769.8660944173266
33,4920.0,82.0,1.3666666666666667,31.210113497708285,31.077581554760986,0.0005243756581260457,131.60154206445773,131.3610363829796,131.53042799087424,1.0005406663284668,0.0005406663284667592,266.48773312527294,267.6580640293991,110.78040888399856,109.43333622450771,2.405549282674341,2.4458549219433996,590337.2932450077,224136562795.3541,216458692420.28085,59729644.5298243,24829940.07232335,16113.651664170933,6665.790185864033,2797.0559932257847
33,4980.0,83.0,1.3833333333333333,31.17865098316701,31.376943787203317,0.0005243756581260457,131.02299750314606,131.24253252078597,130.95279821404665,1.0005360655904783,0.000536065590478359,267.932185807829,274.0578241602744,111.30575896632831,114.43556038660135,2.4071727132185727,2.394865924843781,586383.5449715746,224171896006.03537,241185357663.39917,60062866.093582384,24951623.023872588,16291.689182564698,6735.285028063635,2824.069130028603
33,5040.0,84.0,1.4,31.14718846021293,31.08556677609537,0.0005243756581260457,130.44795230117606,130.9272401852968,130.37869600285416,1.0005311933655203,0.0005311933655202938,269.36063173184607,264.4733029905554,111.82532949313752,111.8420297960076,2.408762245126013,2.364704069417705,581677.7746026837,224206966060.79715,224797430362.78577,60392530.01681689,25072017.854405344,16468.700136697356,6804.3595267987685,2850.9124657489797
33,5100.0,85.0,1.4166666666666667,31.11572593157602,30.98415280980947,0.0005243756581260457,129.8764271635052,129.56623916109328,129.80810239319786,1.000526352123232,0.000526352123231843,270.77279266388194,267.0882506416548,112.33901586346242,113.38228282703292,2.410318361636539,2.3556436154059766,576885.6588910406,224241771174.37402,227920648596.23398,60718570.61278044,25191099.889208913,16644.68079983864,6873.011194987458,2877.5846625049367
33,5160.0,86.0,1.4333333333333333,31.08426340024459,30.964909694387565,0.0005243756581260457,129.3084447544297,129.28998695388793,129.2409985449966,1.0005218638836935,0.0005218638836934756,272.16836296274175,272.6358730991142,112.84670318999025,113.72271965272738,2.4118415094902277,2.3973738399121696,572718.6286702941,224276309392.55847,222408884077.432,61040915.97869803,25308842.11856847,16819.62709259266,6941.237310191725,2904.0842558088784
33,5220.0,87.0,1.45,31.052800866523206,30.943318046123583,0.0005243756581260457,128.74397811885117,128.33215161881813,128.67736568896817,1.0005176701397822,0.0005176701397821611,273.54772982047587,271.5774585351946,113.34853625042037,115.66904619001005,2.4133327069714268,2.3478836169278434,569055.6895713469,224310583099.40256,220687888097.27255,61359650.781548776,25425276.25979556,16993.543931037093,7009.041110261215,2930.4129762107273
33,5280.0,88.0,1.4666666666666666,31.02133833139009,31.12710164175915,0.0005243756581260457,128.182940679988,128.34898209930194,128.11718518711996,1.0005132449075587,0.0005132449075587428,274.9121083164072,266.7398018121302,113.84496970647695,113.42089623682942,2.4147936358119715,2.3517694768974673,564746.6063339815,224344599952.2169,220385200909.37796,61675046.962264895,25540504.18537182,17166.447105067393,7076.432994809343,2956.57638204461
33,5340.0,89.0,1.4833333333333334,30.989875794617582,30.85853826495309,0.0005243756581260457,127.6253525871835,127.39859430890762,127.56043849868206,1.000508888878601,0.0005088888786009438,276.2612300797001,277.6291415065622,114.33590296091654,111.04674163308367,2.4162246759369586,2.500110650917553,560455.9228856225,224378358168.8865,220235307501.07742,61987041.23100012,25654502.18612758,17338.332939841206,7143.410543494568,2982.5731796983086
33,5400.0,90.0,1.5,30.95841325642621,30.969916865985066,0.0005243756581260457,127.07119432252865,127.22192011196573,127.00710720919173,1.0005045947013924,0.0005045947013923203,277.59537771217134,276.39252384373583,114.82144164949528,118.68465422182173,2.417626653387273,2.328797481493757,556172.0114832794,224411859475.679,252208996354.50034,62295694.894241825,25767293.22824141,17509.20499503974,7209.976100810466,3008.404622245195
33,5460.0,91.0,1.5166666666666666,30.926950717295284,30.843846671189134,0.0005243756581260457,126.52045409031192,126.42989788656945,126.45717302639828,1.0005004149816035,0.0005004149816034959,278.9144529763206,274.3351013397839,115.30154307393045,118.12992701833728,2.419000175890819,2.322316692003026,552015.222626324,224445105299.4737,226957219133.5973,62600983.76781538,25878866.97642012,17679.06887991511,7276.131083659324,3034.070955965535
33,5520.0,92.0,1.5333333333333334,30.895488177344866,30.838398476202062,0.0005243756581260457,125.97310937439563,126.35746572961143,125.91061776888098,1.000496317202012,0.0004963172020119838,280.218885745544,281.1700219996785,115.77637024699513,119.21831297434623,2.4203460960792804,2.358446575738591,547918.2472329318,224478097482.77908,237234267877.14352,62903002.350903966,25989259.326507296,17847.927358379933,7341.878196682301,3059.573824831268
33,5580.0,93.0,1.55,30.864025636759486,30.8213732633246,0.0005243756581260457,125.42913958257837,125.25582459467877,125.3674233729739,1.0004922826675704,0.0004922826675703532,281.5090107203018,282.3991161308215,116.24604911723988,122.19864500021089,2.421665190843484,2.3109840222069087,543843.9008197587,224510837793.5128,241649734431.4035,63201823.84323792,26098497.877497364,18015.78370498434,7407.219913417106,3084.9146219782565
33,5640.0,94.0,1.5666666666666667,30.832563095771867,30.804875651099852,0.0005243756581260457,124.88852556091805,124.78075371578079,124.8275718919241,1.0004883029291536,0.0004883029291536171,282.7850914269635,281.71265882779755,116.71067791665044,116.097911754309,2.422958177219363,2.4265092676599473,539777.365937342,224543327943.83145,209463880682.8341,63497505.52191103,26206604.025985327,18182.641576011054,7472.158534637566,3110.094553027138
33,5700.0,95.0,1.5833333333333333,30.801100554614745,30.768735047331305,0.0005243756581260457,124.35124815547256,124.83362665846519,124.2910454944995,1.0004843684493403,0.00048436844934034894,284.04739110581176,282.51597561556406,117.17035477214726,119.1817830634947,2.424225749407162,2.3704627364490114,535701.231469013,224575569645.89175,238076337697.96207,63790104.66401708,26313599.168566205,18348.504627742805,7536.696361117504,3135.1148235985497
33,5760.0,96.0,1.6,30.769638013520847,30.765099708400875,0.0005243756581260457,123.81728821229983,124.30001309554225,123.75782646446557,1.0004804685855673,0.0004804685855672805,285.29617271523097,283.78458128708445,117.62517770713193,118.00725394080037,2.4254685797421134,2.404806245465623,531595.4714819837,224607564611.8503,215353958916.07706,64079678.54664985,26419504.70183501,18513.37651646232,7600.8356936307455,3159.976639313129
33,5820.0,97.0,1.6166666666666667,30.7381754727229,30.70041590683565,0.0005243756581260457,123.28662657745775,123.64693233523063,123.22789720004262,1.0004765915734146,0.00047659157341453916,286.53169893584857,282.8708820068258,118.07524464301534,119.78813385492056,2.4266873196167302,2.3614265695917784,527437.4308083652,224639314553.86383,244751043777.129,64366284.4469031,26524342.02238675,18677.26089845232,7664.578832951114,3184.681205791513
33,5880.0,98.0,1.6333333333333333,30.706712932453634,30.662736334348704,0.0005243756581260457,122.75924409700426,122.79907072012212,122.7012402133932,1.0004727245096314,0.0004727245096314769,287.75423217462793,286.3473322452442,118.52065340072845,118.82374419890267,2.427882600357478,2.4098494301435136,523201.8184907486,224670821184.0889,219756301354.7424,64649979.64187063,26628132.52681644,18840.161429995547,7727.928079852434,3209.2297286543394
33,5940.0,99.0,1.65,30.675250391269408,30.49393812849563,0.0005243756581260457,122.2351372722894,122.30465951595708,122.1778381022948,1.0004689816981918,0.0004689816981917202,288.9635307264096,285.11318446361605,118.96130587485467,119.70204347615218,2.429054797283366,2.3818572865083807,519144.7337990672,224702085320.35693,218924503009.7357,64930707.935757264,26730853.502512675,19002.082692155494,7790.883854592958,3233.6218451898694
33,6000.0,100.0,1.6666666666666667,30.643787849209534,30.781073594532977,0.0005243756581260457,121.71428875562519,121.87468112183494,121.65767360255234,1.0004653644229449,0.0004653644229447679,290.1597985628162,287.87561056174656,119.39727718556131,124.06025838169471,2.430204485416064,2.3204498710299566,515272.15709531715,224733108571.64035,226534396675.5229,65208513.51354267,26832521.25690099,19163.02844791294,7853.448240979049,3257.8585800699107
33,6060.0,101.0,1.6833333333333333,30.612325307296032,30.663306015040984,0.0005243756581260457,121.19667202204408,121.33461322587506,121.14072957852919,1.0004617971487337,0.00046179714873377514,291.34353469463116,291.09386943294805,119.8287571309781,124.87393969399848,2.4313323585270923,2.3311018307444193,511419.8815604493,224763893071.1735,214198335641.73203,65483507.079081796,26933177.95463878,19323.001918133457,7915.624425192997,3281.9418773374687
33,6120.0,102.0,1.7,30.58086276565158,30.53775114014507,0.0005243756581260457,120.68226894535124,120.6239429102601,120.62698899150136,1.0004582718536874,0.00045827185368749223,292.51496754969963,282.8348215231502,120.25583034796779,123.80892404581961,2.4324389653565177,2.284446163335349,507572.94473222096,224794440472.4019,225260117784.976,65755738.46013753,27032842.096615504,19482.0068198103,7977.4145845555,3305.8728396544298
33,6180.0,103.0,1.7166666666666666,30.54940022439886,30.606501657250714,0.0005243756581260457,120.17106139935184,120.15167024757557,120.11643491415903,1.000454779441563,0.0004547794415631099,293.674325318743,287.07132214340885,120.67858138670223,126.24388384177853,2.4335248388253214,2.2739424153267924,503713.89835740393,224824752428.77103,228986195214.29388,66025257.48447275,27131532.183720626,19640.04686993671,8038.820896387259,3329.6525696826816
33,6240.0,104.0,1.7333333333333334,30.517937683660538,30.546833433349722,0.0005243756581260457,119.66303125785107,119.23049082057652,119.60905053010408,1.000451309725374,0.000451309725374024,294.8218359588132,291.3143450494268,121.09709471193067,121.44765507901772,2.4345904966600895,2.3986823365168175,499822.7905096527,224854830593.72638,217518311999.736,66292113.97985033,27229266.71684361,19797.125785505938,8099.845538008973,3353.282170084111
33,6300.0,105.0,1.75,30.4864751435593,30.3480640266455,0.0005243756581260457,119.15816039465412,118.92061663111538,119.10481913336027,1.0004478514108999,0.00044785141089989303,295.95772719670856,303.3072666662892,121.511454704233,124.53431242900605,2.43563644198886,2.435531708092075,495877.1541072716,224884676620.71344,222773824038.87997,66556357.77403314,27326064.196873907,19953.24728351123,8160.490686741341,3376.762743520605
33,6360.0,106.0,1.7666666666666666,30.455012604217824,30.40184669179879,0.0005243756581260457,118.65643068356614,118.48002027314693,118.6037241278737,1.0004443920802657,0.00044439208026564466,297.08222653234884,305.19335003612315,121.92174566125871,122.21083498195468,2.436663163909638,2.49726916669203,491852.0042858335,224914292163.1777,220276442629.10184,66818038.69478405,27421943.124700986,20108.415080945833,8220.75851990506,3400.095392654051
33,6420.0,107.0,1.7833333333333334,30.423550064814744,30.534323876955515,0.0005243756581260457,118.15783401325645,118.43739770657633,118.10574901213356,1.0004410030972966,0.0004410030972966373,298.1951706393278,295.94141602947485,122.32790116501705,120.79023524373423,2.4376709466883644,2.4500442062416323,487907.6658515695,224943678114.9469,208741430907.43185,67077118.47972461,27516888.02414063,20262.63431695773,8280.650011834154,3423.280103737921
33,6480.0,108.0,1.8,30.3920875243927,30.24988402842528,0.0005243756581260457,117.66236371508909,117.71906880077091,117.61087739181787,1.0004377683800427,0.0004377683800427293,299.29633992778366,302.81136716512896,122.72983310392996,125.18652657320567,2.4386600418036406,2.4188814519752104,484231.90931866656,224972835260.42172,212214364440.65582,67333546.17662045,27610878.52442949,20415.910335563913,8340.165963565969,3446.3167022010857
33,6540.0,109.0,1.8166666666666667,30.360624984156996,30.29624456112607,0.0005243756581260457,117.16999017780685,117.54809853542588,117.11909301519641,1.0004345761335758,0.00043457613357572497,300.38640940200133,281.7373668057525,123.1277983663922,124.34869302678888,2.439631126255823,2.2657042864540347,480579.5466265869,225001766124.1786,219635424873.04834,67587472.63515086,27703972.091419995,20568.24522282827,8399.309932008278,3469.2075710044055
33,6600.0,110.0,1.8333333333333333,30.329162444132336,30.206367371774427,0.0005243756581260457,116.68069631462348,116.47436073777196,116.63037971982277,1.000431419283051,0.0004314192830511143,301.4655653206158,300.6688725808696,123.52186536296848,124.62629247070463,2.440584623902501,2.4125637264828894,476937.0169459515,225030472280.82483,212118157844.5633,67838938.54050402,27796183.699637257,20719.642843344627,8458.083969627904,3491.9536969415544
33,6660.0,111.0,1.85,30.297699904343414,30.283675269413543,0.0005243756581260457,116.19446503875263,115.89328251238892,116.14472145081491,1.0004282897002665,0.00042828970026655605,302.53399375112605,304.43527770569665,123.91210243474734,123.26315346819351,2.4415209475639537,2.4697995235393058,473288.37923525047,225058955304.96777,212187433828.88467,68087984.57786807,27887528.32360639,20870.10706170681,8516.49012889167,3514.5560668062053
33,6720.0,112.0,1.8666666666666667,30.266237364814934,30.372139961647797,0.0005243756581260457,115.71127926340802,115.5904761872457,115.66210226037758,1.0004251781877502,0.0004251781877501217,303.59188057262503,299.9533255044955,124.29857785433532,123.45511222163964,2.442440499427132,2.429654958038414,469615.2956300464,225087216771.21484,232254252249.79993,68334651.43243122,27978020.9378525,21019.641742508647,8574.530462266397,3537.0156673920314
33,6780.0,113.0,1.8833333333333333,30.234774825571588,30.300658619937803,0.0005243756581260457,115.23112190180333,115.40637925332479,115.1825063073409,1.0004220744627028,0.0004220744627028011,304.6394114784988,303.297236200679,124.6813598268404,118.5386657574095,2.443343671432419,2.558635482040768,465897.02040697605,225115258254.17337,222363953278.8223,68578979.78938164,28067676.516900696,21168.25075034397,8632.20702221891,3559.333485492706
33,6840.0,114.0,1.9,30.203312286638077,30.281833848305,0.0005243756581260457,114.75397586715229,114.91423624835676,114.70591785670234,1.0004189671409105,0.0004189671409106069,305.67677197909416,308.52707411099476,125.06051649084377,131.11307996367273,2.4442308456440296,2.353137262861019,462110.39666917094,225143081328.4507,217675635080.58072,68821010.33390749,28156510.03527609,21315.937949806597,8689.521861216033,3581.510507901903
33,6900.0,115.0,1.9166666666666667,30.17184974792084,30.10831836622958,0.0005243756581260457,114.27982723767339,114.1496741876815,114.23232127739804,1.000415871442899,0.0004158714428990967,306.7040313926581,300.05920723996206,125.43607159612381,127.97838273016302,2.445102333722446,2.3446085255868887,458290.94101667433,225170687287.28482,238269513144.08194,69060757.54246582,28244526.451916266,21462.707558906543,8746.47665154383,3603.547384887192
33,6960.0,116.0,1.9333333333333333,30.140387208884775,30.307814121408942,0.0005243756581260457,113.8086739089233,113.57019518775815,113.76170103707801,1.000412905849834,0.00041290584983407093,307.7208258198608,313.8485636669233,125.80788338122285,127.69127787459581,2.445958214616851,2.45787001971388,454701.34741300414,225198076373.35056,220995688538.54495,69298138.03465152,28331693.330054205,21608.56511522163,8803.071645988284,3625.4435102116477
33,7020.0,117.0,1.95,30.108924669899274,29.99835014854528,0.0005243756581260457,113.34048956871271,113.39701685668274,113.2940417218187,1.0004099760780718,0.0004099760780717769,308.7276785629845,308.7692085253903,126.17614905064897,125.31877706424795,2.4467990256942826,2.463870265563569,451135.3564553953,225225250981.39493,219713708135.1867,69533268.8892516,28418054.837798312,21753.513453202962,8859.31000517274,3647.2008515802286
33,7080.0,118.0,1.9666666666666666,30.07746213092858,30.057705082026192,0.0005243756581260457,112.87525874822896,113.08886782372197,112.8293280159665,1.0004070815015043,0.0004070815015043146,309.7247152690778,310.6603666862875,126.54091388466834,130.01878121597494,2.4476250863129256,2.389349936839108,447593.16561546014,225252212542.18726,214445871881.08826,69766177.39335875,28503620.82963193,21897.556618113307,8915.193587212829,3668.8202237519963
33,7140.0,119.0,1.9833333333333334,30.045999591932627,29.89506731104898,0.0005243756581260457,112.412966094196,112.58164317313478,112.36754470775341,1.0004042215798228,0.0004042215798228594,310.71205721093,325.14668128736275,126.90222149546045,128.85721243280298,2.4484367062246015,2.5233099114022948,444075.1076999693,225278962476.22556,235575456826.9872,69996889.87733196,28588400.794425502,22040.69866811667,8970.724236345917,3690.302429201334
33,7200.0,120.0,2.0,30.014537052867023,29.895096038351113,0.0005243756581260457,111.95359636887429,112.34122550816784,111.90867668886743,1.0004013958643416,0.0004013958643416331,311.68982129167324,312.4653427634371,127.26011382882974,129.72576904235817,2.449234185904543,2.4086605542605084,440581.6649739572,225305502193.73666,238120895726.8344,70225431.71479648,28672403.85543658,22182.94367427831,9025.903782931107,3711.6482581179444
33,7260.0,121.0,2.0166666666666666,29.98307451368306,29.885341783497303,0.0005243756581260457,111.4971344500609,110.90539109019338,111.45270895401396,1.000398604004011,0.0003986040040109838,312.6581200492991,298.5805886873293,127.61463116588476,126.80065858182587,2.4500178168667706,2.3547242737280576,437113.4834413593,225331833094.67615,215581988597.12723,70451827.32264389,28755638.770309802,22324.295720564718,9080.734043449233,3732.8584884068514
33,7320.0,122.0,2.033333333333333,29.95161197432771,29.795557744680952,0.0005243756581260457,111.04356533108944,111.05373772216254,110.99962660049955,1.0003958457513378,0.0003958457513377656,313.61706166108956,307.0438439608328,127.96581212468541,130.0775248279309,2.4507878819657867,2.3604680698452443,433671.3866643418,225357956568.72845,205107644110.85614,70676100.16103205,28838113.931076918,22464.758903843624,9135.216820502861,3753.933885688398
33,7380.0,123.0,2.05,29.92014943474364,29.88733146546361,0.0005243756581260457,110.59287412083009,110.47608875510333,110.54941482780833,1.0003931209684778,0.00039312096847773394,314.56674994796407,308.1101593853064,128.31369366185885,131.8687365796574,2.4515446556852476,2.3364913274890418,430256.38970547525,225383873995.3067,234631578902.90637,70898272.73338509,28919837.364156775,22604.33733388401,9189.353902816296,3774.8752032982484
33,7440.0,124.0,2.066666666666667,29.888686896080387,30.00527753688437,0.0005243756581260457,110.14504473533168,110.1345164852846,110.10205895434717,1.0003904175943006,0.00039041759430068933,315.50764099593897,317.74393789334306,128.65845090419523,129.7729235711549,2.452288511004068,2.4484609666601447,426843.3951450579,225409586744.32147,236159445399.68042,71118446.97157034,29000848.249479227,22743.031116183785,9243.147222395684,3795.6838908302084
33,7500.0,125.0,2.0833333333333335,29.85722435746052,29.84853026802571,0.0005243756581260457,109.70006339109344,109.6707394809403,109.65754437095207,1.0003877436831663,0.0003877436831663452,316.43959091033815,324.30712092178754,129.00002377189566,127.60940078088687,2.453019632538073,2.541404621738195,423451.2974457937,225435096174.12857,217297879332.2783,71336589.61017399,29081132.765482172,22880.847077685026,9296.598434916796,3816.3602023506737
33,7560.0,126.0,2.1,29.82576181884317,30.015378752114913,0.0005243756581260457,109.25791551180613,109.33316201927488,109.21585658145267,1.0003850991208598,0.0003850991208597562,317.36269909236603,326.61487216058396,129.33844762819874,131.3792825140809,2.4537382728194563,2.486045485334251,420081.0541649343,225460403633.34616,233053453157.38074,71552722.23553303,29160698.607564088,23017.789269255434,9349.709291287643,3836.9048715566923
33,7620.0,127.0,2.1166666666666667,29.794299280206484,29.763272600513226,0.0005243756581260457,108.81858661149798,108.79814024418316,108.77698119053201,1.0003824836882822,0.0003824836882822615,318.27706746639706,328.82915400767234,129.67375887204162,129.44629490341003,2.454444678976753,2.5402747467823423,416733.3520620516,225485510460.33603,236370938103.47177,71766867.02547935,29239553.712572828,23153.861677292705,9402.481531564898,3857.3186335072573
33,7680.0,128.0,2.1333333333333333,29.76283674152692,29.86009802612486,0.0005243756581260457,108.38206231690012,108.63928330812801,108.34090390301978,1.0003798972723836,0.0003798972723836757,319.18279438679923,311.5648831533458,130.00599254883642,129.33538262995015,2.455139091122273,2.40896865821153,413409.06867253565,225510417983.1904,218013009806.50714,71979045.37520981,29317705.72000764,23289.06829239536,9454.916882267344,3877.6022125112477
33,7740.0,129.0,2.15,29.731374202779236,29.91970527257917,0.0005243756581260457,107.94832836744659,108.07696891594867,107.90761052350304,1.0003773398720073,0.00037733987200731697,320.079974641513,313.8596704217514,130.3351823517931,131.44601014790433,2.4558217425711795,2.387745889499372,410109.28483643004,225535127519.73196,234174813645.376,72189277.8972862,29395161.972019173,23423.413109362755,9507.017056375877,3897.7563221274295
33,7800.0,130.0,2.1666666666666665,29.699911663936497,29.71659118282934,0.0005243756581260457,107.51737061527434,107.23954577745631,107.47708695592816,1.0003748116039162,0.0003748116039161509,320.96869945556386,312.8929060917128,130.66136062321695,128.1466273859232,2.4564928600516316,2.4416788211632934,406835.2973772216,225559640377.51382,224861782127.54575,72397584.4216353,29471929.513409466,23556.900127195066,9558.783753333502,3917.7816651644534
33,7860.0,131.0,2.183333333333333,29.668449124970074,29.605365452162427,0.0005243756581260457,107.08917502522328,107.06756248902173,107.04931920321324,1.0003723127088215,0.0003723127088214444,321.8490564945087,324.3473233318638,130.98455835578227,132.7524331957652,2.4571526639063617,2.4432495550086117,403588.6315496888,225583957853.81952,225960832789.91968,72603983.99554883,29548015.09163195,23689.533349093304,9610.218659045342,3937.678933680859
33,7920.0,132.0,2.2,29.63698658584965,29.737713527769188,0.0005243756581260457,106.6637276748362,106.84490368762076,106.62429336686388,1.0003698435574775,0.0003698435574773944,322.72112986781707,321.3800803094809,131.304805193781,129.06554371462312,2.457801368286118,2.4900532788215304,400371.05340801226,225608081235.6631,235560897249.8034,72808494.88368344,29623425.156791456,23821.316782459297,9661.323445878625,3957.4488089850693
33,7980.0,133.0,2.216666666666667,29.605524046543213,29.636428591484496,0.0005243756581260457,106.2410147543588,106.2042379708014,106.20199564659343,1.0003674046568316,0.00036740465683161806,323.58500013218895,327.4934078693918,131.6221294343482,127.9120026537342,2.458439181335308,2.560302403801283,397184.58208956145,225632011799.78897,247021193288.6569,73011134.56806077,29698165.86164421,23952.25443889571,9712.099772662697,3977.091961635396
33,8040.0,134.0,2.2333333333333334,29.57406150701705,29.633752517465393,0.0005243756581260457,105.82102256673971,105.62462296576646,105.7824123399427,1.0003649966562773,0.0003649966562772345,324.4407442948096,324.88533806820584,131.93655802866385,136.16473710542525,2.459066305370216,2.385972645888958,394031.50213602337,225655750812.67212,237619808084.57135,73211919.74806742,29772243.061597828,24082.350334206032,9762.549284689014,3996.6090514400357
33,8100.0,135.0,2.25,29.542598967418435,29.55059934043655,0.0005243756581260457,105.4037368523037,105.65013950942908,105.36552984432632,1.000362613921591,0.0003626139215911153,325.2885302633486,328.57046238542347,132.24815348400753,129.52553216797273,2.4596829648943643,2.5367235083761175,390900.5106051708,225679299567.53262,216240521664.9923,73410887.66718465,29845670.647370365,24211.60752530626,9812.67369483148,4016.000929639841
33,8160.0,136.0,2.2666666666666666,29.511136428309964,29.517449891331,0.0005243756581260457,104.98914192240935,105.15665615878139,104.95133465965617,1.0003602361311152,0.00036023613111525087,326.1287379477992,328.5837425902172,132.55706117885168,130.2014698659325,2.460289440996072,2.523656168617432,387748.7290264557,225702659431.8203,232709092166.03357,73608123.4719615,29918481.234533332,24340.026874728057,9862.47488761158,4035.2688982782756
33,8220.0,137.0,2.283333333333333,29.47967388915628,29.45452433055396,0.0005243756581260457,104.57722625386506,105.00485923960991,104.53981336807993,1.0003578816967407,0.0003578816967407555,326.9611769171367,331.2124236906394,132.86320369702028,129.9021914210218,2.4608858421232656,2.549706206396146,384616.7530420705,225725831540.58353,218824524206.844,73803583.54110853,29990657.13565584,24467.615028854885,9911.954247196478,4054.4130353167266
33,8280.0,138.0,2.3,29.44821134995401,29.33542005600106,0.0005243756581260457,104.16797646326052,103.93267909566605,104.13095265518923,1.000355550459563,0.0003555504595629696,327.7859291451324,326.46125330165194,133.1666100929423,134.37330419543642,2.461472353440232,2.429509754607487,381505.0623683727,225748817126.73734,237326451672.48474,73997285.77530217,30062204.709259164,24594.375824673538,9961.113381203031,4073.4339986297755
33,8340.0,139.0,2.316666666666667,29.416748810699993,29.460186513159833,0.0005243756581260457,103.76137927280206,103.83084986816885,103.72473930260594,1.0003532423454855,0.0003532423454854559,328.6030740549126,335.72526709137173,133.46730846502487,130.13830886407737,2.462049155213339,2.579757413645348,378414.29097274726,225771617413.3156,224844692487.53876,74189247.51636514,30133130.103950575,24720.313093265962,10009.953884561402,4092.332437463394
33,8400.0,140.0,2.3333333333333335,29.385286271391294,29.270481081419344,0.0005243756581260457,103.35742151031283,103.9326658819102,103.32116018761995,1.0003509573704654,0.00035095737046538644,329.41268852150637,338.29564273646236,133.76532595658534,137.45117981861068,2.4626164229467062,2.461205812732192,375345.23761686624,225794233613.47104,232547137935.28217,74379485.54726657,30203439.258423332,24845.430659809233,10058.477339515066,4111.108992434945
33,8460.0,141.0,2.35,29.35382373202521,29.40644352794885,0.0005243756581260457,102.9560901092326,102.51988912610987,102.9202022828531,1.0003486956455923,0.000348695645592282,330.21484687434537,326.3790650411277,134.06068875676587,131.38989769333293,2.4631743275127684,2.484049921424736,372298.87583445915,225816666930.47528,207965873281.5318,74568016.09212194,30273137.90145671,24969.732343575568,10106.685315620798,4129.764295533181
33,8520.0,142.0,2.3666666666666667,29.32236119259925,29.12090605541414,0.0005243756581260457,102.55737210861793,102.41007139244051,102.52185265590622,1.000346457382417,0.00034645738241703916,331.0096208997196,334.4586412478313,134.3534221014314,138.99710877699746,2.463723035277961,2.4062273250908124,369276.36424206645,225838918557.71866,233409202290.89032,74754854.8161931,30342231.551915966,25093.221957932335,10154.579369748688,4148.298970118245
33,8580.0,143.0,2.3833333333333333,29.29089865311115,29.318193934561112,0.0005243756581260457,102.16125465314201,101.94200681692881,102.1260984690252,1.0003442428981801,0.0003442428981802113,331.7970798431865,330.7953696968181,134.64355027405097,133.7217040609175,2.4642627082236985,2.473759753660654,366279.05643781216,225860989678.71048,217444569076.7613,74940016.82588823,30410725.51875236,25215.903310342026,10202.16104608213,4166.713630921672
33,8640.0,144.0,2.4,29.25943611355887,29.323947994677457,0.0005243756581260457,101.76772499309479,101.87802421886866,101.73292697876909,1.0003420526211042,0.000342052621104315,332.5772904119374,329.91494486699514,134.93109660656262,136.4284328277517,2.4647935040628868,2.418227183504561,363308.5108525074,225882881467.07883,232683883808.6252,75123516.6687619,30478624.90100315,25337.78020236229,10249.431876117831,4185.008884046384
33,8700.0,145.0,2.4166666666666665,29.227973573940595,29.277369908330627,0.0005243756581260457,101.37677048438294,101.49647941363482,101.3423255356737,1.000339887095813,0.0003398870958129472,333.3503167771185,329.18990230846043,135.21608348022247,137.20119389675065,2.4653155763521015,2.3993224326909934,360366.50070017925,225904595086.57065,220865893387.47934,75305368.33351502,30545934.587791592,25458.856429645904,10296.393378665802,4203.185326966696
33,8760.0,146.0,2.433333333333333,29.196511034254733,29.24579259940423,0.0005243756581260457,100.98837858852983,100.87496942710469,100.95428158393216,1.0003377469886636,0.0003377469886635875,334.11622057611083,339.5330480891081,135.49853232643747,135.7430534931513,2.4658290745996556,2.501292252912512,357455.0235935855,225926131691.05173,208484307012.59567,75485585.2499949,30612659.25832694,25579.13578194079,10343.04705984936,4221.243548528314
33,8820.0,147.0,2.45,29.165048494564694,29.16882017356196,0.0005243756581260457,100.60253563587825,100.75445805520685,100.56878266186028,1.0003356207873317,0.00033562078733177623,334.8752398655388,330.500058820534,135.77853277419646,133.3422301658726,2.4663342063243956,2.478585054482774,354550.3160045494,225947492534.751,218158952151.1186,75664220.75959177,30678819.020377204,25698.620192520855,10389.394561669367,4239.184506754134
33,8880.0,148.0,2.466666666666667,29.133585954908746,29.21946352707169,0.0005243756581260457,100.21922854662415,99.89337674712523,100.18581640046233,1.0003335017606512,0.00033350176065110383,335.6275400472137,335.13688384192704,136.0561464077832,134.12271364169104,2.4668311495555773,2.4987332476529334,351638.8528925741,225968678818.85287,227204360013.2205,75841311.79969051,30744427.64895118,25817.31231329831,10435.437455273464,4257.009003118218
33,8940.0,149.0,2.4833333333333334,29.10212341523003,29.069183551963643,0.0005243756581260457,99.8384461671061,99.3209431184882,99.80537052228561,1.0003314014531222,0.0003314014531222016,336.37302059571687,339.55472276864344,136.33133208620444,138.69622001821458,2.467319987624143,2.448190172191071,348745.6573143689,225989691572.38455,216287392403.8449,76016835.1776974,30809475.689813673,25935.2175142589,10481.177080440797,4274.717274348
33,9000.0,150.0,2.5,29.070660875533992,29.110857448249185,0.0005243756581260457,99.46017626385297,99.70911583331751,99.42743284303431,1.0003293197851175,0.00032931978511758993,337.11174998925486,339.1288397392939,136.60411400051242,135.77664293860695,2.4678008598481176,2.497696454998045,345871.1320271477,226010531920.15732,234521939056.9426,76190805.93160658,30873968.46773762,26052.33938577855,10526.614906657389,4292.309910655783
33,9060.0,151.0,2.5166666666666666,29.039198335826622,29.088599334452496,0.0005243756581260457,99.08440670301854,99.29377024740407,99.05199127050653,1.0003272567476558,0.00032725674765573794,337.8437950439351,331.6815586979358,136.87451572849787,132.87269300352094,2.468273902163619,2.4962356914761012,343015.8084652184,226031200977.63544,215256803460.8686,76363238.73662277,30937911.173344627,26168.681503362972,10571.752391442305,4309.787495455594
33,9120.0,152.0,2.533333333333333,29.00773579611445,28.963547296578767,0.0005243756581260457,98.71112545038149,98.87239702800576,98.67903380429591,1.000325212406814,0.00032521240681400443,338.56922091552406,340.5963302919355,137.1425602353267,139.56576943654235,2.4687392472078966,2.4404001902973604,340180.3549843272,226051699850.93607,236787357588.41602,76534147.9051613,31001308.863104988,26284.24742764771,10616.590980347659,4327.150605363176
33,9180.0,153.0,2.55,28.976273256404525,28.874834776628074,0.0005243756581260457,98.34032057134532,98.29722010302976,98.30854853549413,1.0003231869082039,0.00032318690820381054,339.2880911011755,324.7268033788405,137.40826987416494,135.12858510337583,2.469197024399529,2.403094823574291,337365.5850595638,226072029636.82935,219789427811.23007,76703547.38684821,31064166.459337663,26399.040704398107,10661.132106958608,4344.399810195997
33,9240.0,154.0,2.566666666666667,28.944810716704456,28.980647843301465,0.0005243756581260457,97.97198023093847,97.5384672562989,97.94052364640484,1.0003211804814032,0.0003211804814031508,340.0004674411285,342.73441812465785,137.67166638679362,138.96558293302908,2.469647360015856,2.46632591243711,334572.4652206411,226092191422.73825,226704348227.19708,76871450.7685201,31126488.7502103,26513.06486450931,10705.377192893366,4361.535672973246
33,9300.0,155.0,2.5833333333333335,28.913348177022375,28.921461921620548,0.0005243756581260457,97.60609269381425,97.89071076814132,97.57494741025435,1.0003191934444908,0.0003191934444908662,340.7064101203747,350.59140410364773,137.93277090421185,141.74790847277993,2.4700903772677787,2.4733444597595056,331802.12303252396,226112186286.73883,244004337890.90408,77037871.2742242,31188280.389739215,26626.32342400629,10749.327647803182,4378.558749915832
33,9360.0,156.0,2.6,28.881885637366956,28.784833444842075,0.0005243756581260457,97.24264632425081,97.24042239744264,97.21180819091204,1.000317226208551,0.00031722620855085236,341.4059776702987,322.50850002887597,138.1916039472302,132.68221457929394,2.470526196372016,2.4306837284219243,329055.8548537803,226132015297.55994,224443076710.90567,77202821.76521839,31249545.8977894,26738.819884043816,10792.984869372363,4395.469590446387
33,9420.0,157.0,2.6166666666666667,28.850423097747406,28.83835960321669,0.0005243756581260457,96.88162958615123,97.00441848320257,96.8510944426107,1.0003152792822452,0.00031527928224524537,342.0992269702873,331.25575349855154,138.44818542705306,139.48115607621082,2.4709549346209085,2.374914022920468,326335.1335905022,226151679514.5835,224969523380.81985,77366314.73997118,31310289.660074532,26850.557730906476,10836.350243318258,4412.2687371892625
33,9480.0,158.0,2.6333333333333333,28.818960558173472,28.967401738316717,0.0005243756581260457,96.52303104304347,96.33760482760707,96.4927947096793,1.0003133532763264,0.00031335327632643596,342.7862132493118,340.5222615107285,138.70253464585096,134.2505686544182,2.4713767064498677,2.5364679265328527,323641.61619005277,226171179987.84424,223960572350.19824,77528362.33416165,31370515.92815696,26961.540436008658,10879.425143391263,4428.956725970532
33,9540.0,159.0,2.65,28.7874980185138,28.73974788245283,0.0005243756581260457,96.16683777905439,96.36645564162262,96.13689762467232,1.0003114325001308,0.00031143250013084694,343.46714385068077,349.5131370960004,138.95472885073747,138.42096995173017,2.4717916884975297,2.5250013579436827,320943.3374993846,226190517885.8924,221166512878.0185,77689011.14437379,31430242.081442058,27071.77000686726,10922.211121047609,4445.534431277761
33,9600.0,160.0,2.6666666666666665,28.756035478812656,28.65214980944306,0.0005243756581260457,95.81303892981505,95.30702876867392,95.78339191171442,1.0003095214891529,0.000309521489152932,344.1420343621813,339.74664331037246,139.2047722872391,141.0281409470435,2.4721999735186433,2.4090698567596402,318250.19222834805,226209694209.87668,220560480967.36755,77848264.35783389,31489468.971651874,27181.250227313245,10964.709481316599,4462.002293767494
33,9660.0,161.0,2.683333333333333,28.72457293912066,28.736507848911973,0.0005243756581260457,95.46162379546833,95.75525957120732,95.43226638428628,1.0003076256311867,0.00030762563118674443,344.8108924215234,348.75005941249657,139.4526661928298,138.63289964289135,2.4726016492558998,2.5156370552073306,315573.7264586253,226228709946.34436,226471918499.97705,78006123.36796898,31548196.77138208,27289.984925852263,11006.921509466354,4478.360733102022
33,9720.0,162.0,2.7,28.69311039944107,28.60121751002618,0.0005243756581260457,95.11258124181181,94.76830084234824,95.08350994437623,1.0003057448915442,0.00030574489154412937,345.4737760209203,352.2701287466629,139.69843099943725,140.3910326643329,2.4729968228656194,2.509206763860204,312914.2724714974,226247566115.73428,209699803998.60184,78162600.98154555,31606430.003809527,27397.97742611052,11048.84854293861,4494.610278967503
33,9780.0,163.0,2.716666666666667,28.66164785977726,28.76227662781516,0.0005243756581260457,94.76590022942005,94.73721048211729,94.73711158277366,1.0003038792946652,0.0003038792946651856,346.13074197872436,348.5881112278652,139.9420867112858,144.49155943403503,2.4733855990930445,2.4125153925479417,310272.2690771458,226266263729.5307,219429479673.44846,78317709.7494562,31664173.098676648,27505.231032395237,11090.49190779047,4510.751455312448
33,9840.0,164.0,2.7333333333333334,28.630185320132693,28.662011890990254,0.0005243756581260457,94.4215698136446,94.74495446838174,94.39306037882122,1.0003020289278572,0.0003020289278572176,346.7818459407131,348.76081520571796,140.18365290535846,138.24784795898967,2.4737680803255593,2.52272147707627,307648.26812880934,226284803790.2635,237119083377.6266,78471461.96671964,31721430.39229144,27611.749029694653,11131.85291869443,4526.784780347715
33,9900.0,165.0,2.75,28.598722780510933,28.605525414086255,0.0005243756581260457,94.07957914461394,94.53639426376814,94.0513455001777,1.0003001939449785,0.0003001939449785765,347.427142381353,343.93068594632587,140.42314873185154,139.07097577638797,2.474144366644213,2.4730586955780876,305042.94077300665,226303187291.50787,220970612025.56058,78623869.6724807,31778206.127527468,27717.53468367802,11172.932878938353,4542.710766546513
33,9960.0,166.0,2.7666666666666666,28.567260240915655,28.600250656762093,0.0005243756581260457,93.73991746723352,93.62317760310901,93.71195620258057,1.000298374570183,0.00029837457018305833,348.06668460504255,363.262195886878,140.66059291462136,140.21368483465184,2.4745145558736072,2.5907756173390495,302457.08367542084,226321415217.8847,219512048314.00693,78774944.65001035,31834504.453823872,27822.59124069561,11213.73308042549,4558.529920644399
33,10020.0,167.0,2.783333333333333,28.53579770135063,28.57280990543422,0.0005243756581260457,93.4025741211858,93.29871831606707,93.37488182961671,1.0002965711016332,0.000296571101633227,348.7005247473336,346.17080862122276,140.8960037516235,143.4352907072562,2.4748787436301973,2.413428431136511,299891.6250399045,226339488545.06024,228867912999.16278,78924698.42670561,31890329.427185357,27926.9219277787,11254.254803674468,4574.242743639282
33,10080.0,168.0,2.8,28.504335161819736,28.72055660587523,0.0005243756581260457,93.06753854093012,92.845784832172,93.04011181250009,1.0002947839151923,0.0002947839151924206,349.32871377613327,357.177633192049,141.12939911534482,147.0608901163495,2.475237023369082,2.4287737746552627,297347.63044811616,226357408239.7463,237043661879.173,79073142.2740897,31945685.010182198,28030.529952639597,11294.499317819293,4589.849730791419
33,10140.0,169.0,2.816666666666667,28.472872622326946,28.481724095638434,0.0005243756581260457,92.73480025570287,92.33563482439263,92.70763566984422,1.000293013468226,0.00029301346822588104,349.95130149288445,356.84967032611394,141.3607964532278,139.55964685216415,2.4755894864293104,2.556968854357489,294826.308791952,226375175259.70016,233785271562.51645,79220287.20781189,32000575.071950246,28133.41850367161,11334.467880609353,4605.3513716234165
33,10200.0,170.0,2.8333333333333335,28.441410082876338,28.435580274158205,0.0005243756581260457,92.40434888951737,92.30259996600485,92.37744300745709,1.0002912603032117,0.0002912603032117332,350.56833653372644,358.9513027630436,141.59021278808794,146.88670146035784,2.475936222077773,2.4437290727773497,292329.01770556654,226392790553.72467,232260489197.98526,79366143.9876476,32055003.388190903,28235.590749949068,11374.161738409413,4620.748149920235
33,10260.0,171.0,2.85,28.40994754335268,28.412442460917518,0.0005243756581260457,92.07617241259551,92.45985248758763,92.04952351687957,1.0002895060691004,0.0002895060691004014,351.17995859285526,362.31776197524795,141.81769890796838,140.6031841727831,2.476277370857294,2.576881626877001,289819.2674121377,226410255241.11008,213598180594.6211,79510744.06057082,32108981.407460015,28337.049242769055,11413.582336237865,4636.0407791540265
33,10320.0,172.0,2.8666666666666667,28.378485003837984,28.48640145677029,0.0005243756581260457,91.75026177675885,91.66826052958956,91.72386697849349,1.0002877636882834,0.0002877636882835131,351.78615392820984,361.89825147334057,142.04324872501073,143.08325815160921,2.4766129829179833,2.5292843911191745,287323.3799795483,226427570135.94003,234488130815.25375,79654084.04143234,32162507.663019143,28437.797502142443,11452.73076096299,4651.2295783814525
33,10380.0,173.0,2.8833333333333333,28.347022464335318,28.259081880755225,0.0005243756581260457,91.42660687097857,91.3021243745284,91.40046325841895,1.0002860336986006,0.00028603369860068884,352.3869687007654,340.30788605164867,142.26687836649256,146.28547850467243,2.4769431419798513,2.326327189344218,284842.7358261929,226444736162.1419,236718293996.76367,79796174.15442179,32215585.736311942,28537.838632556068,11491.60822712278,4666.315016782877
33,10440.0,174.0,2.9,28.31555992484388,28.32068454896393,0.0005243756581260457,91.10519762088637,91.31666268201091,91.07930230911235,1.0002843160972636,0.0002843160972636386,352.98245097485835,363.23307165369187,142.48860467265678,138.8636405708593,2.4772679316060064,2.6157536282389295,282377.61923777766,226461754240.65262,227558386115.27554,79937025.06393158,32268219.373472705,28637.175699287072,11530.215944851574,4681.297565625737
33,10500.0,175.0,2.9166666666666665,28.284097385362696,28.12432819867005,0.0005243756581260457,90.78602404303493,90.96160827124801,90.76037416921291,1.0002826109307812,0.00028261093078128303,353.57264785717695,371.8168356001901,142.7084441360409,142.11400909722454,2.47758743357978,2.6163278199112576,279928.40130781534,226478625283.85034,246082740519.49893,80076647.22466435,32320412.244327694,28735.81174697386,11568.55511336226,4696.177690958981
33,10560.0,176.0,2.933333333333333,28.252634845890643,28.146494053779335,0.0005243756581260457,90.46907624489786,90.49071341852589,90.44366896335455,1.0002809182979253,0.00028091829792534673,354.157605497755,355.48466523081134,142.9264129018334,143.3179726307207,2.477901727940253,2.4803913891997937,277495.54469156597,226495350195.55438,246957795636.1994,80215050.88163303,32372167.942395154,28833.749799616133,11606.62692094629,4710.9558536130735
33,10620.0,177.0,2.95,28.221172306426432,28.1673076808188,0.0005243756581260457,90.15434442486983,90.37553321209228,90.12917690199095,1.0002792383525954,0.0002792383525953669,354.73736909094805,349.8864546330041,143.14252676822392,141.5416657920186,2.4782108930167066,2.4719679019966283,275079.6080369167,226511929871.02536,226349331118.65402,80352246.07016087,32423489.984885305,28930.99286057486,11644.43254497368,4725.632509199993
33,10680.0,178.0,2.966666666666667,28.189709766968612,28.055194871900397,0.0005243756581260457,89.84181887226643,89.85900026551803,89.81688828121428,1.0002775713067915,0.00027757130679140446,355.3119828763931,356.24446505746766,143.35680118674787,140.10515953251362,2.4785150054620404,2.542693404341012,272681.2505078108,226528365196.96503,228726168480.3232,80488242.61588135,32474381.812700335,29027.543912572306,11681.97315189301,4740.208108113233
33,10740.0,179.0,2.9833333333333334,28.15824722751557,28.120019477403762,0.0005243756581260457,89.53148996732426,89.34567097709628,89.5067934825881,1.0002759174334737,0.00027591743347360996,355.881490139953,360.23639993612073,143.5692512626252,145.49299184164613,2.478814140285192,2.475970803653555,270301.23596716917,226544657051.5164,233093591983.1892,80623050.13473827,32524846.79043441,29123.405917691995,11719.249897231408,4754.6830955278
33,10800.0,180.0,3.0,28.126784688065538,28.307249246165497,0.0005243756581260457,89.22334818120089,89.16986576054192,89.19888297298023,1.000274277069457,0.0002742770694569375,356.44593321464504,367.45181005147253,143.7798917550933,146.79378186180233,2.479108370882594,2.5031837547274765,267940.43711845175,226560806304.26358,241155800126.26294,80756678.03298567,32574888.206373673,29218.581817378752,11756.263925594576,4769.057911400216
33,10860.0,181.0,3.0166666666666666,28.095322148616578,28.229700829824687,0.0005243756581260457,88.91738407597487,89.19559152801581,88.89314730440469,1.0002726506182438,0.00027265061824368876,357.0053534815528,349.9925445827546,143.98873707773453,144.7392321136073,2.479397769068688,2.4180903786199575,265599.83942153427,226576813816.23206,224354572495.35965,80889135.5071879,32624509.272496242,29313.074532438673,11793.01637066677,4783.332990468515
33,10920.0,182.0,3.033333333333333,28.063859609175708,28.0523937685331,0.0005243756581260457,88.61358791957078,88.46740801737326,88.58957711395185,1.0002710342051644,0.0002710342051643806,357.5598107455795,349.8112317557691,144.19580842116025,145.00092277748303,2.4796824169897915,2.4124759005333085,263272.0995184865,226592680507.863,230000594155.3899,81020435.95872506,32673714.748148985,29406.886856209385,11829.50840146606,4797.508810407582
33,10980.0,183.0,3.05,28.03239706977201,27.87877952381395,0.0005243756581260457,88.31194913041507,88.7353551522587,88.28816312376294,1.0002694133144303,0.0002694133144302405,358.109411168468,358.4826768609792,144.40114402141293,141.2319912161559,2.479962424088307,2.538254072424148,260929.34122455496,226608407457.04446,233811005001.5723,81150603.36026646,32722513.281667702,29500.02130049323,11865.741289052332,4811.585961277393
33,11040.0,184.0,3.066666666666667,28.000934530374124,28.016630877979615,0.0005243756581260457,88.01245976719227,88.1704198499897,87.9888961400958,1.000267802281085,0.00026780228108495396,358.654131693428,348.1934967554827,144.6047346169605,143.1051614058276,2.4802378196222756,2.4331302472595753,258599.7253943013,226623995283.08902,257576263350.19644,81279632.24915181,32770902.695746403,29592.48106370584,11901.715987337353,4825.564709113525
33,11100.0,185.0,3.0833333333333335,27.969471990980654,27.988996189672275,0.0005243756581260457,87.7151107059487,88.14076733360206,87.69176705405742,1.0002662011802874,0.00026620118028743703,359.1940123980931,361.0889801382057,144.80659415927894,142.77406665207474,2.4805086707791792,2.529093613465121,256283.62320364962,226639444821.5629,210700145546.57605,81407531.5531334,32818886.10676035,29684.268970305893,11937.433592291536,4839.445473997297
33,11160.0,186.0,3.1,27.93800945159008,27.90253061185807,0.0005243756581260457,87.41989291162126,87.58532251575316,87.39676684117931,1.00026461013694,0.00026461013693987657,359.7290925139665,355.7922511752267,145.00673629304418,145.51207930446057,2.480775043353778,2.4451045774061733,253981.49129615122,226654756899.83203,248264871712.3734,81534310.01355027,32866466.563337978,29775.387823550052,11972.895189207746,4853.228671045453
33,11220.0,187.0,3.1166666666666667,27.90654691220077,27.853000976749776,0.0005243756581260457,87.12679743803743,87.77219055693968,87.10388656128853,1.0002630293280057,0.0002630293280056403,360.2594104272221,354.87837927606944,145.20517435641963,144.32871812120428,2.4810370017733105,2.4588202812003765,251693.8748878035,226669932337.06195,221886013149.55637,81659976.18532827,32913647.04636092,29865.840405492985,12008.101852701298,4866.9147104101585
33,11280.0,188.0,3.1333333333333333,27.87508437281098,27.956243046777626,0.0005243756581260457,86.83581542791529,87.14881658125883,86.81311735838698,1.0002614589847594,0.00026145898475934157,360.7850036794914,356.99897260195445,145.4019213813381,150.13167500844267,2.4812946091219747,2.377905745618828,249421.41063724452,226684971944.2178,245763611429.68115,81784538.43698002,32960430.468963984,29955.629476987357,12043.054646709963,4880.503997279007
33,11340.0,189.0,3.15,27.843621833418865,27.82045507998876,0.0005243756581260457,86.54693811286351,86.1817843505972,86.52445046053519,1.0002598993950107,0.00025989939501065907,361.3059089686373,357.2888963381737,145.59699009377923,147.61104517757045,2.481547927164701,2.4204753506647747,247164.82936680992,226699876524.06433,237678589950.41864,81908004.9506049,33006819.676535163,30044.75777768382,12077.75462449396,4893.996931875014
33,11400.0,190.0,3.1666666666666665,27.812159294022443,27.95589241934245,0.0005243756581260457,86.26015681338131,86.15606097504558,86.23787717973623,1.0002583509053526,0.00025835090535275004,361.82216214951507,377.68973994908447,145.7903929140423,144.81351471348648,2.4817970163702396,2.608111133110356,244924.95873667818,226714646871.16595,218499393640.5088,82030383.72188906,33052817.446715634,30133.228026031025,12112.202828635965,4907.393909456618
33,11460.0,191.0,3.183333333333333,27.780696754619637,27.773182904384242,0.0005243756581260457,85.97546293885854,86.13096360693993,85.95338891183737,1.0002568139232277,0.00025681392322782903,362.33379823472035,350.7173648422092,145.9821419570144,149.46561812404,2.4820419359335917,2.3464751910446218,242702.72548504805,226729283771.8867,232200644394.60855,82151682.56010544,33098426.48939976,30221.042919275635,12146.400291041104,4920.695320317685
33,11520.0,192.0,3.2,27.749234215208247,27.78739758739504,0.0005243756581260457,85.6928479875756,85.87522155391035,85.67097713642202,1.0002552889191254,0.00025528891912546324,362.840851395324,378.4073674046676,146.1722490324338,147.7353636153169,2.4822827437977923,2.5613865099353577,240499.15784396318,226743788004.3901,234222471936.0178,82271909.08811375,33143649.446735088,30308.205133462285,12180.348032936954,4933.901549787504
33,11580.0,193.0,3.216666666666667,27.717771675785972,27.69301283889715,0.0005243756581260457,85.41230354670348,85.31016051293967,85.39063341672379,1.000253776428545,0.00025377642854506027,363.3433549615945,365.94283895857143,146.36072564514907,142.29106646410196,2.482519496675077,2.5717906826630865,238315.38744211395,226758160338.6395,241804186285.52866,82391070.74236046,33188488.89312234,30394.717323433622,12214.047064873545,4947.012978230788
33,11640.0,194.0,3.2333333333333334,27.68630913635038,27.659542637959802,0.0005243756581260457,85.13382129230378,84.23718622271794,85.11234939953326,1.0002522770540585,0.0002522770540586016,363.8413414237085,371.2883296355217,146.5475829953736,145.58644779373265,2.482752250067439,2.5502945862211313,236152.65134432286,226772401536.39774,221852577072.44666,82509174.77287881,33232947.335215434,30480.582122830285,12247.498386723359,4960.029981047673
33,11700.0,195.0,3.25,27.654846596898942,27.635142580215867,0.0005243756581260457,84.85739298932866,84.6851219869887,84.83611681511364,1.0002507914672873,0.0002507914672872845,364.33484243244817,360.18151181623955,146.73283197893574,149.12914683492545,2.482981058286603,2.4152321625961752,234012.29388829618,226786512351.2273,231407089035.4268,82626228.24328886,33277027.211921465,30565.80214409091,12280.70298768133,4972.952928673722
33,11760.0,196.0,3.2666666666666666,27.623384057429007,27.842175747002965,0.0005243756581260457,84.58301049162085,84.2890853305541,84.5619274771312,1.0002493204107172,0.00024932041071733284,364.82388879988673,373.1084409729827,146.91648318752453,150.28373337335066,2.4832059744734343,2.4826934532300142,231895.76819767777,226800493528.4903,226656967094.9503,82742238.03079738,33320730.89440071,30650.37997845213,12313.661846264851,4985.782186579921
33,11820.0,197.0,3.283333333333333,27.59192151794037,27.57253841944005,0.0005243756581260457,84.31066565988331,84.28987802847533,84.28977328259899,1.0002478637261756,0.0002478637261756574,365.3085146201745,366.3482207532709,147.09854843243994,149.08192627662962,2.483427052904978,2.4573617332626347,229802.83303968926,226814345822.17545,206721705063.54657,82857211.7668455,33364061.034095455,30734.31817496529,12346.375940167258,4998.518125360577
33,11880.0,198.0,3.3,27.560458978527222,27.5432273419391,0.0005243756581260457,84.04034740992157,84.20775481800862,84.01964621260359,1.0002463851997851,0.0002463851997852224,365.7889055153999,352.86725640306537,147.27909556197875,148.11045103704387,2.483644431136982,2.382460210824757,227666.61332627328,226828070600.39673,227422305492.55493,82971191.68508898,33407033.086095087,30817.61848544034,12378.846600823324,5011.161483733209
33,11940.0,199.0,3.316666666666667,27.528996439111225,27.437207960940363,0.0005243756581260457,83.77205028104345,84.26613725602223,83.75153832994698,1.000244914320447,0.00024491432044695916,366.26496828135515,372.1021708648608,147.4580893278075,148.84766154342682,2.483858091142954,2.4998859035235745,225542.12833117082,226841668087.74435,222861858700.2276,83084156.36704738,33449638.956151467,30900.284056232387,12411.074484172046,5023.712314817818
33,12000.0,200.0,3.3333333333333335,27.49753389969178,27.485283107123543,0.0005243756581260457,83.50576640220505,83.42063028355761,83.48544178125944,1.0002434510797567,0.0002434510797567318,366.7367344141029,370.9276954986249,147.63554059842684,147.41433131115375,2.484068083657701,2.516225472784542,223429.52243133963,226855139013.2815,244304011419.9699,83196112.86678821,33491881.085757088,30982.31737319129,12443.060535684166,5036.170974120509
33,12060.0,201.0,3.35,27.46607136026828,27.397161191791962,0.0005243756581260457,83.24148798794276,83.37999026053683,83.22134879627718,1.0002419954970314,0.00024199549703139258,367.2042347395279,373.8087294917778,147.81146000047858,147.36246579550618,2.4842744584103222,2.5366617440462043,221328.98507891694,226868484098.55005,214209284503.79984,83307068.08992483,33533761.86270204,31063.72090011813,12474.805690550507,5048.5378125899
33,12120.0,202.0,3.3666666666666667,27.434608820840115,27.50922794662578,0.0005243756581260457,82.97920733837329,83.25609503241758,82.95925168780329,1.0002405476202352,0.0002405476202352397,367.66749941392186,374.3693546336121,147.98585791895496,147.8813910927168,2.484477264140175,2.5315514810034125,219240.75171222154,226881704057.5706,215532485259.31747,83417028.79361643,33575283.62107403,31144.497078765235,12506.310873681976,5060.813176617122
33,12180.0,203.0,3.3833333333333333,27.403146281406652,27.250334732364653,0.0005243756581260457,82.71891683919364,82.91736885756045,82.69914285167512,1.0002391075268335,0.00023910752683355878,368.12655792455854,372.2281531375604,148.15874449740446,146.60597719368485,2.484676548612408,2.5389698309899087,217165.10448441855,226894799596.8423,207596095670.67877,83526001.58656806,33616448.641258344,31224.64832883615,12537.576999709561,5072.99740803582
33,12240.0,204.0,3.4,27.371683741967257,27.34204779466691,0.0005243756581260457,82.46060896168117,82.89352690966257,82.44101476673447,1.0002376753246203,0.0002376753246202393,368.5814390902587,363.80738033210184,148.33012963813403,144.02628517260456,2.484872358633067,2.52597905928148,215102.3728991343,226907771415.34302,234074075056.089,83633992.9290306,33657259.14993791,31304.177047985668,12568.604972984333,5085.09084412215
33,12300.0,205.0,3.4166666666666665,27.340221202521285,27.188229307754458,0.0005243756581260457,82.20427626269353,82.31628262537387,82.18485999480848,1.0002362511524177,0.00023625115241755493,369.0321710619461,370.2301685998498,148.50002300240774,148.90633919542336,2.4850647400637955,2.4863291287684066,213052.93417168828,226920620204.52936,215267368953.24677,83741009.13280077,33697717.32009324,31383.08561181981,12599.395687577442,5097.093817594784
33,12360.0,206.0,3.433333333333333,27.308758663068083,27.452649431475976,0.0005243756581260457,81.94991138466867,81.44811087436813,81.93067118069443,1.0002348351807322,0.0002348351807322724,369.47878132319346,355.10032139204856,148.66843401064233,148.78957565528452,2.4852537378361337,2.386594086502031,211017.21347462526,226933346648.33643,231318726962.86115,83847056.36122115,33737825.27100243,31461.376373895822,12629.950027280129,5109.006656614905
33,12420.0,207.0,3.45,27.277296123606977,27.33548373728056,0.0005243756581260457,81.69750705562488,81.41102917476792,81.67844105215211,1.0002334276123195,0.00023342761231937595,369.92129669075933,367.2565857371921,148.8353718425994,147.44351746934777,2.485439395965423,2.4908289766862186,208995.68398435644,226945951423.1781,251883549735.76846,83952140.62918013,33777585.06824121,31539.051665722196,12660.268865603706,5120.829684786212
33,12480.0,208.0,3.466666666666667,27.245833584137298,27.38277039580617,0.0005243756581260457,81.44705608916077,81.66289202420238,81.42816241990356,1.0002320286826538,0.00023202868265380044,370.3597433151158,372.80916262309574,149.00084543757382,148.57109773162227,2.485621757564347,2.5092980284532556,206988.86673624843,226958435197.9469,199039453325.74634,84056267.80311196,33816998.723682895,31616.113796758647,12690.353065779576,5132.563221154914
33,12540.0,209.0,3.4833333333333334,27.214371044658353,27.17638009542809,0.0005243756581260457,81.19855138445521,80.94096264080301,81.17982817764036,1.000230638660307,0.00023063866030713796,370.79414668096655,384.7515206382817,149.16486349457966,145.6067065122872,2.4858008648560888,2.6424024679509803,204997.3302898024,226970798634.01398,213181327445.9177,84159443.6009967,33856068.19549842,31692.56505441613,12720.203480759223,5144.207580209733
33,12600.0,210.0,3.5,27.18290850516945,27.117658311446828,0.0005243756581260457,80.95198592626745,80.98313455210331,80.9334313020294,1.0002292578473388,0.00022925784733884621,371.2245316077567,365.90377767216034,149.3274344725322,157.59600884773465,2.4859767591871473,2.321783275778814,203021.69040550862,226983042385.22922,239507355061.62646,84261673.5923603,33894795.38815631,31768.407704056823,12749.820953214208,5155.763071881908
33,12660.0,211.0,3.5166666666666666,27.15144596566988,27.192930324917786,0.0005243756581260457,80.70735278493704,80.71778164941942,80.68896485273953,1.0002278865794234,0.00022788657942348565,371.65092225017315,369.0414820232723,149.48856659042713,149.3941838087565,2.4861494810397944,2.4702533433007816,201062.609244984,226995167097.92105,210192181608.64093,84362963.19827452,33933182.152422704,31843.643988994154,12779.20631553618,5167.230001545187
33,12720.0,212.0,3.533333333333333,27.119983426158925,27.023008133295892,0.0005243756581260457,80.4646451163838,80.82277783181846,80.44642197246448,1.000226525226014,0.00022652522601398315,372.07334209863615,360.9810763867914,149.64826782751643,151.24376475650917,2.4863190700442006,2.386750137884647,199120.79463793823,227007173410.8967,210579091638.4716,84463317.69135699,33971230.285361335,31918.276130492766,12808.36038983687,5178.608670015835
33,12780.0,213.0,3.55,27.088520886668928,27.17054262476291,0.0005243756581260457,80.22385481214693,80.76596641306347,80.20579588720878,1.000225157356004,0.00022515735600381437,372.49194662478067,370.08160848918146,149.80659469417253,149.61536067713587,2.486485640937345,2.4735535630449283,197167.5172148484,227019062515.34354,203743031063.6261,84562772.51727308,34008952.68608709,31992.30528789501,12837.284150105561,5189.89963208909
33,12840.0,214.0,3.566666666666667,27.05705834718081,27.079990709643425,0.0005243756581260457,79.9849759480459,80.54339155631273,79.96707990567896,1.000223792620514,0.0002237926205139748,372.90668440272424,373.41469067464357,149.96352763349105,146.80345915458332,2.4866491892222182,2.5436368654054653,195219.98334586728,227030834724.48367,247051530202.79092,84661315.83429007,34046344.85685965,32065.734215120865,12865.978307955535,5201.103036072225
33,12900.0,215.0,3.5833333333333335,27.02559580768942,27.088568384007573,0.0005243756581260457,79.74800211656517,79.63523463852272,79.73026741983782,1.0002224336792196,0.00022243367921962696,373.31755925564363,373.41261645233556,150.11906740694292,147.10539292925753,2.486809741787524,2.538401951258907,193282.98854622798,227042490579.97766,217616068425.78708,84758948.43063971,34083406.94761587,32138.56520580667,12894.443633058325,5212.219134670286
33,12960.0,216.0,3.6,26.994133268195018,27.027221003028117,0.0005243756581260457,79.51292677445448,79.07875284993591,79.49535190489068,1.0002210804675074,0.00022108046750744453,373.7245960908776,384.2244287820268,150.27322253266314,148.40182237396633,2.4869673371757592,2.5890816071907623,191356.53681876883,227054030707.75598,215906761334.89606,84855675.91706182,34120140.88348474,32210.800361061232,12922.680911389938,5223.248218415769
33,13020.0,217.0,3.6166666666666667,26.962670728697887,26.971495994090727,0.0005243756581260457,79.27974346239213,79.26675707924723,79.26232691930575,1.0002197329268936,0.0002197329268936922,374.12781931528724,362.83707865287613,150.42600134924024,150.08390438767168,2.4871220132128897,2.4175615642011548,189440.6403504718,227065455726.9129,216656952008.25247,84951503.79294182,34156548.54954245,32282.44175867227,12950.690918844877,5234.190573600019
33,13080.0,218.0,3.6333333333333333,26.931208189198355,26.731231024061394,0.0005243756581260457,79.048445804985,78.41724515077675,79.0311861048865,1.0002183910042244,0.0002183910042244075,374.52725283567315,367.55039058437114,150.5774120158654,153.75890634641928,2.4872738070183567,2.3904331743637597,187535.3180136252,227076766249.7064,218608022698.03293,85046437.44631085,34192631.790812396,32353.49145310639,12978.474421236126,5245.046482273222
33,13140.0,219.0,3.65,26.899745649696765,26.907202971555485,0.0005243756581260457,78.81902751076849,78.96166414477952,78.80192318684558,1.0002170546508409,0.00021705465084084476,374.92292005918523,375.06526459367603,150.7274625124785,148.92728973204635,2.4874227550148396,2.518445513031914,185640.59383614812,227087962881.55817,238840888761.85626,85140482.15384565,34228392.41226517,32423.9514755091,13006.032174295164,5255.816222244411
33,13200.0,220.0,3.6666666666666665,26.8682831101935,26.816777192490353,0.0005243756581260457,78.59148237220666,78.32205212173614,78.57453197389151,1.0002157238215656,0.00021572382156572056,375.3148438937254,364.7057967298705,150.8761606399124,151.09912599960853,2.4875688929377526,2.4136856802918594,183756.49519730176,227099046221.05365,205590110282.52008,85233643.08086869,34263832.17881858,32493.82383370481,13033.364923671961,5266.500067081464
33,13260.0,221.0,3.683333333333333,26.836820570688968,26.94625409364868,0.0005243756581260457,78.36580426569208,77.93205085426945,78.34900635832203,1.000214398473584,0.00021439847358400746,375.70304674834426,373.5605945972301,151.02351402003418,151.28150266175282,2.48771225584451,2.469307800521168,181883.0508832734,227110016859.942,227727639401.7577,85325925.28134803,34298952.81533765,32563.110512196814,13060.473404934972,5277.098286111103
33,13320.0,222.0,3.7,26.805358031183616,26.709576828964266,0.0005243756581260457,78.14198715154592,78.06428488217858,78.12534031612088,1.0002130785652603,0.00021307856526034893,376.08755053362995,367.13712876344607,151.16953009588437,151.508955847168,2.4878528781235465,2.423204138069496,180020.28907960668,227120875383.13605,228754075506.97626,85417333.69789745,34333756.006634586,32631.813472167316,13087.358343571148,5287.611144418896
33,13380.0,223.0,3.716666666666667,26.77389549167791,26.9368998565182,0.0005243756581260457,77.92002507401791,78.76346116479364,77.9035279070699,1.0002117640547383,0.00021176405473822825,376.4683766620914,367.04393499155225,151.3142161318136,144.8558638540656,2.487990793503106,2.533856243205515,178168.2350437535,227131622368.7125,212372225905.2151,85507873.16177635,34368243.39746883,32699.934651477415,13114.020454985925,5298.038902849257
33,13440.0,224.0,3.7333333333333334,26.74243295217235,26.704923774567444,0.0005243756581260457,77.69991216128635,77.73188207329073,77.68356327486347,1.0002104548984838,0.00021045489848385286,376.8455460485341,361.77581960020615,151.45757921361704,153.06802626660652,2.4881260350598104,2.3634969916583524,176326.90874232506,227142258387.91165,216682732343.0355,85597548.3928898,34402416.592547,32767.475964667105,13140.46044450323,5308.381818005441
33,13500.0,225.0,3.75,26.71097041266748,26.60811778597369,0.0005243756581260457,77.48164262545812,77.92085290504232,77.46544064723291,1.000209151049679,0.00020915104967895608,377.21907911043064,372.9519602355343,151.5996262486666,152.55188700974207,2.4882586352270013,2.4447548145485563,174496.3222967792,227152784005.13757,223781389944.71628,85686363.99978855,34436277.156522945,32834.43930295528,13166.679007365477,5318.640142249554
33,13560.0,226.0,3.7666666666666666,26.679507873163846,26.538870871538247,0.0005243756581260457,77.26521076256867,77.23575044385983,77.2491543360801,1.0002078524564646,0.00020785245646469988,377.5889957682828,380.2108321674326,151.74036396604038,153.34268346635983,2.488388625802872,2.479484665147672,172676.47724951047,227163199777.95807,241222267999.7329,85774324.47966899,34469826.6139977,32900.82653423973,13192.67682873358,5328.81412370254
33,13620.0,227.0,3.783333333333333,26.648045333662047,26.68350354582197,0.0005243756581260457,77.05061095258202,77.079412828882,77.03469873761729,1.0002065590600793,0.00020655906007922947,377.9553154459794,372.9044352505327,151.87979891665057,146.48059640306366,2.488516037958384,2.5457599464193152,170867.36172904767,227173506257.10468,215525693183.7167,85861434.21837318,34503066.44951952,32966.63950309715,13218.454583686933,5338.904006244195
33,13680.0,228.0,3.8,26.616582794163026,26.531518293530493,0.0005243756581260457,76.83783755144903,76.7818971615245,76.82206833251864,1.000205269387725,0.00020526938772504015,378.31807119613273,385.2364750238711,152.017942614464,150.7228182592893,2.4886409109982064,2.555926696919551,169066.63299971563,227183704057.22452,231308161777.79953,85947700.72612222,34535999.28631253,33031.8799172637,13244.012950189392,5348.910053963506
33,13740.0,229.0,3.816666666666667,26.58512025466783,26.831320374696357,0.0005243756581260457,76.62688497185614,76.60790668525519,76.61125768607535,1.0002039815851194,0.00020398158511937908,378.67729913070167,386.23970712458544,152.1548076895374,149.0056369794483,2.4887632857672797,2.5921147344100666,167271.3616619174,227193793803.95248,224556227328.6389,86033132.21693827,34568628.004496805,33096.54943255636,13269.35259938974,5358.832532867908
33,13800.0,230.0,3.8333333333333335,26.55365771517741,26.492488150994447,0.0005243756581260457,76.41774775671135,76.45091332919218,76.40226144836477,1.000202694371253,0.00020269437125296924,379.03302880529435,370.15249873038977,152.29040438817367,146.74302573121466,2.4888831987022337,2.5224537717273763,165479.60499738913,227203776085.74384,202471870719.08463,86117735.40577939,34600954.93861799,33160.64973015605,13294.47418679452,5368.671694237657
